,Temperature_Comedor_Sensor,7:CO2_Habitacion_Sensor,5:Weather_Temperature,9:Humedad_Habitacion_Sensor
0,18.1875,221.92,0.0,42.415
1,18.4633,220.363,6.8,42.2453
2,18.7673,218.933,17.0,42.2267
3,19.0727,217.045,18.0,42.0987
4,19.3721,216.08,20.0,42.0686
5,19.6407,216.011,20.0,42.0347
6,19.912,215.829,20.0,41.9947
7,20.164,215.296,20.0,41.9947
8,20.412,214.549,20.0,42.1253
9,20.64,213.909,20.0,42.0427
10,20.8453,213.312,20.0,42.1787
11,21.0333,213.739,20.0,42.7067
12,21.2333,222.528,20.0,41.5147
13,21.4293,219.68,19.6667,40.956
14,21.488,219.285,19.0,40.6347
15,21.524,217.589,18.6667,40.8413
16,21.584,215.136,18.2,40.8867
17,21.612,214.24,18.0,40.3867
18,21.664,213.632,18.0,39.9227
19,21.6853,215.029,18.0,39.6133
20,21.788,217.067,18.0,39.084
21,21.832,216.661,18.7333,38.3013
22,21.808,216.672,19.0,37.7867
23,21.768,216.299,18.6667,37.712
24,21.7133,216.768,18.0,37.748
25,21.66,217.088,18.0,37.8373
26,21.596,215.616,18.0,38.2173
27,21.5307,216.107,17.8667,39.356
28,21.4493,215.477,17.0,40.1587
29,21.3747,214.987,17.0,40.752
30,21.276,215.115,16.2667,41.2507
31,21.1987,216.0,15.6667,41.616
32,21.0933,214.901,15.6,42.0027
33,21.0,214.549,15.0,42.4373
34,20.9053,213.888,15.0,42.6267
35,20.816,213.675,15.0,42.7493
36,20.72,214.123,15.0,42.808
37,20.628,214.304,15.0,42.8533
38,20.5253,215.275,14.6,42.856
39,20.43,216.832,14.0667,42.9227
40,20.3147,217.867,12.9333,42.9413
41,20.2133,218.891,12.0,43.016
42,20.114,219.68,12.0,43.0853
43,20.0053,219.744,11.6,43.1307
44,19.9007,219.627,10.1333,43.1813
45,19.7953,219.797,10.3333,43.24
46,19.6773,221.461,11.0,43.2427
47,19.5727,221.931,11.0,43.248
48,19.442,223.499,10.2667,43.2293
49,19.3327,223.381,10.0,43.1573
50,19.238,223.637,9.46667,43.16
51,19.0933,225.131,9.0,43.152
52,18.962,227.509,9.0,43.1573
53,18.8533,226.208,9.0,43.24
54,18.7267,226.091,9.0,43.2613
55,18.6073,225.301,9.0,43.2187
56,18.5007,225.237,9.0,43.1653
57,18.36,226.56,8.86667,43.16
58,18.2387,227.211,8.0,43.16
59,18.09,225.6,8.0,43.16
60,17.9553,225.355,8.4,43.176
61,17.8333,222.795,7.8,43.1653
62,17.7047,220.747,7.0,43.104
63,17.5733,216.928,7.0,42.872
64,17.4713,217.216,7.0,42.8507
65,17.3667,215.957,7.0,42.8933
66,17.268,215.392,7.0,42.856
67,17.126,213.781,7.0,42.752
68,16.9933,213.419,7.0,42.648
69,16.904,212.672,6.66667,42.672
70,16.83,212.992,6.0,42.776
71,16.7333,213.856,6.13333,42.8667
72,16.61,214.005,6.8,42.9387
73,16.504,214.229,7.0,42.9787
74,16.3927,214.197,6.06667,43.016
75,16.282,214.496,6.0,43.0747
76,16.178,217.077,6.0,43.0853
77,16.1087,219.68,6.0,43.0507
78,16.0233,218.187,6.0,42.904
79,15.99,217.739,6.33333,42.84
80,15.96,216.928,7.0,42.064
81,15.97,218.464,7.66667,41.116
82,15.9967,218.475,9.0,40.5907
83,16.038,219.392,9.2,40.2613
84,16.1227,219.531,9.73333,39.98
85,16.246,220.523,10.0,39.62
86,16.4007,220.779,11.6,39.2147
87,16.6693,233.909,13.6667,38.5987
88,16.9007,230.624,15.0,37.8773
89,17.1213,228.32,15.6667,37.096
90,17.3767,228.448,17.0,36.3373
91,17.7033,262.859,17.6667,36.7587
92,18.096,396.096,19.0,39.972
93,18.4513,436.309,19.0,40.688
94,18.76,448.469,19.0,41.2693
95,19.122,301.28,19.0,39.4267
96,19.546,265.952,19.0,40.624
97,20.0367,310.432,19.0,41.4853
98,20.4673,384.448,19.7333,41.824
99,20.832,472.277,19.4667,42.1573
100,21.216,475.051,19.0,42.6587
101,21.6253,472.363,19.0,43.472
102,21.8947,438.592,19.0,43.312
103,22.1773,445.824,19.1333,43.472
104,22.3373,421.611,19.7333,43.6587
105,22.4733,356.352,20.0,43.6027
106,22.612,306.848,20.0,43.3333
107,22.7813,297.813,20.0,43.2533
108,22.912,276.523,20.0,43.1067
109,22.992,260.256,20.0,43.0213
110,23.088,248.853,20.0,42.8987
111,23.148,243.765,20.0,42.624
112,23.164,237.589,20.0,42.224
113,23.132,233.12,19.8667,41.952
114,23.128,229.899,19.0,41.664
115,23.0627,226.869,19.0,41.5227
116,22.996,221.515,19.0,41.48
117,22.9333,219.349,19.0,41.0613
118,22.8213,217.483,19.0,40.8947
119,22.716,215.936,18.8,40.776
120,22.5893,214.325,18.2667,40.9387
121,22.484,212.544,18.0,41.44
122,22.3813,213.035,18.0,42.048
123,22.2627,211.371,17.3333,42.7947
124,22.156,210.581,16.0,43.52
125,22.044,210.507,16.0,44.056
126,21.92,210.187,16.0,44.496
127,21.82,210.805,16.0,44.944
128,21.6973,211.136,14.5333,45.056
129,21.5627,210.496,14.0,45.6667
130,21.4453,211.723,14.0,45.8693
131,21.304,211.019,14.0,46.0667
132,21.18,211.616,14.0,45.4533
133,21.04,212.48,12.5333,45.488
134,20.8987,214.091,12.0,45.5253
135,20.7747,213.749,12.0,45.6133
136,20.652,214.261,12.0,46.232
137,20.532,214.229,12.0,46.4693
138,20.4067,213.739,12.0,46.752
139,20.264,214.496,12.0,46.5893
140,20.136,214.357,11.4667,46.8933
141,20.0227,214.432,11.0,46.7413
142,19.866,215.979,10.0667,46.4053
143,19.7607,215.787,9.66667,45.7573
144,19.8147,215.125,9.0,45.0
145,19.8147,216.309,9.0,44.64
146,19.7553,217.44,9.0,44.256
147,19.6867,217.568,9.0,43.9893
148,19.5833,218.891,9.0,43.752
149,19.482,220.672,8.66667,43.5173
150,19.3353,219.328,8.0,43.2747
151,19.2267,217.259,8.0,43.2133
152,19.1367,215.157,8.53333,43.272
153,19.05,214.048,9.0,43.424
154,18.9727,213.045,8.06667,43.5573
155,18.8867,212.021,8.0,43.5893
156,18.8027,213.429,7.86667,43.5947
157,18.7287,213.589,7.33333,43.712
158,18.6713,213.685,8.0,44.0027
159,18.6047,213.493,7.6,44.0053
160,18.5513,214.496,6.0,44.1227
161,18.5067,213.867,6.06667,44.2213
162,18.4533,214.741,6.8,44.3787
163,18.4007,214.4,6.53333,44.592
164,18.3567,214.208,6.0,44.7627
165,18.33,213.856,5.46667,45.0133
166,18.2827,212.789,5.0,45.0293
167,18.2267,212.512,5.53333,45.1093
168,18.1393,212.075,6.0,44.8453
169,18.068,214.101,5.66667,44.9573
170,18.0233,215.264,5.0,45.048
171,17.956,216.555,5.0,45.0213
172,17.8847,217.984,4.86667,44.9733
173,17.83,221.28,4.0,44.8293
174,17.7513,223.584,4.0,44.584
175,17.7287,225.344,4.0,44.4933
176,17.7133,225.152,5.46667,44.352
177,17.7133,223.115,6.0,44.144
178,17.708,219.723,6.53333,43.9013
179,17.596,221.269,7.0,44.4027
180,17.5847,221.365,8.33333,44.856
181,17.622,221.291,9.4,45.0053
182,17.704,220.48,12.0,45.0053
183,17.82,219.925,12.0,45.0507
184,17.918,217.376,12.0,45.104
185,18.0507,216.427,12.5333,45.4587
186,18.222,215.243,13.0,45.6427
187,18.3893,214.443,13.5333,45.512
188,18.58,214.219,14.0,45.3813
189,18.7587,213.312,14.0,45.3013
190,18.962,213.6,14.9333,45.1173
191,19.164,214.539,15.0,44.9867
192,19.378,213.589,15.0,44.8667
193,19.59,214.72,15.5333,44.84
194,19.7993,214.421,16.0,44.8213
195,19.9867,214.955,16.0,44.824
196,20.1427,213.099,16.0,44.8853
197,20.324,213.739,16.3333,44.9307
198,20.5067,213.109,17.0,45.0027
199,20.6693,212.736,17.0,45.096
200,20.836,212.661,17.0,45.2
201,20.972,211.328,17.0,45.344
202,21.0907,210.048,17.0,45.4773
203,21.232,209.856,17.0,45.6347
204,21.3573,209.632,17.0,45.768
205,21.44,209.504,16.4667,45.976
206,21.508,208.992,16.0,46.184
207,21.5493,208.587,16.0,46.352
208,21.5587,207.723,16.0,46.5627
209,21.584,207.733,16.0,46.8133
210,21.5627,208.096,15.2667,47.008
211,21.544,207.723,15.0,47.2453
212,21.508,207.552,15.0,47.5253
213,21.436,207.883,15.0,47.6827
214,21.3613,208.0,15.0,47.76
215,21.2613,207.979,15.0,47.7947
216,21.164,207.36,15.0,47.9973
217,21.0627,207.861,15.0,48.2587
218,20.9653,208.277,14.2667,48.392
219,20.844,208.043,14.0,48.64
220,20.7307,208.203,14.0,48.8453
221,20.62,208.523,13.4667,48.9307
222,20.512,208.181,13.0,49.0907
223,20.3933,208.629,13.0,49.2693
224,20.278,209.44,13.0,49.288
225,20.172,208.992,13.0,49.4
226,20.0567,208.885,13.0,49.4747
227,19.9253,209.152,13.0,49.488
228,19.812,209.024,13.0,49.52
229,19.692,209.013,12.8667,49.616
230,19.5873,209.44,12.4,49.7653
231,19.46,209.696,12.0,49.744
232,19.342,211.488,12.0,49.7467
233,19.2353,213.216,11.3333,49.688
234,19.1,213.568,10.0,49.6933
235,18.9687,214.837,9.73333,49.576
236,18.8733,213.824,9.0,49.7333
237,18.7487,213.163,8.93333,49.792
238,18.6267,214.251,8.06667,49.6747
239,18.5293,213.856,8.0,49.7893
240,18.4027,213.579,8.0,49.752
241,18.2813,214.72,8.0,49.68
242,18.1533,214.176,8.0,49.6
243,18.0213,215.435,8.0,49.5813
244,17.8933,215.115,8.0,49.5573
245,17.7953,215.328,8.0,49.5333
246,17.67,216.725,8.0,49.504
247,17.5487,216.0,8.0,49.4187
248,17.4327,214.496,7.06667,49.36
249,17.3387,213.451,7.0,49.2747
250,17.1967,212.096,7.0,49.2507
251,17.072,211.477,6.26667,49.1707
252,16.9487,211.584,6.0,49.0347
253,16.8467,210.336,6.0,48.8267
254,16.726,210.048,6.0,48.7893
255,16.5987,209.856,6.0,48.752
256,16.4673,209.28,6.0,48.7013
257,16.3527,209.76,6.0,48.488
258,16.214,209.6,6.0,48.4453
259,16.1107,209.248,5.46667,48.3787
260,16.0,209.024,5.0,48.32
261,15.862,208.768,5.73333,48.2267
262,15.756,209.216,6.0,48.0747
263,15.6367,209.6,6.0,48.1467
264,15.5093,210.581,6.0,48.1387
265,15.392,210.731,6.0,48.1387
266,15.294,210.667,5.46667,47.944
267,15.19,211.072,5.0,47.8453
268,15.0973,211.168,5.0,47.8373
269,15.0,211.381,5.0,47.8
270,14.916,211.893,5.0,47.752
271,14.8547,212.043,5.4,47.664
272,14.8233,212.128,5.73333,47.576
273,14.83,211.904,6.66667,47.3653
274,14.8587,211.733,8.0,47.1413
275,14.9367,210.539,8.73333,46.856
276,15.0327,210.976,9.0,46.4667
277,15.1393,210.837,9.0,46.16
278,15.2927,211.104,10.0667,45.8933
279,15.464,210.72,11.2667,45.632
280,15.6707,210.293,12.6,45.4213
281,15.9227,210.976,13.3333,45.368
282,16.1753,211.157,14.0,45.384
283,16.424,211.157,14.5333,45.4133
284,16.724,211.435,15.0,45.5093
285,16.9613,210.837,15.0,45.552
286,17.2313,211.893,15.0,45.6187
287,17.484,211.435,15.0,45.7893
288,17.7447,212.213,15.0,45.9973
289,18.0153,211.861,15.0,46.1947
290,18.292,211.147,15.0,46.408
291,18.546,209.92,15.0,46.5307
292,18.7927,209.792,15.0,46.6587
293,18.9967,208.704,15.0,46.6773
294,19.23,208.395,15.0,46.904
295,19.4493,208.0,15.0,47.0267
296,19.6587,208.053,15.0,47.176
297,19.8467,207.531,15.0,47.4027
298,20.0373,207.328,15.0,47.568
299,20.2107,207.936,15.0,47.7253
300,20.3667,207.488,15.0,47.9973
301,20.5007,205.611,15.0,48.264
302,20.612,205.493,15.0,48.4133
303,20.7027,206.176,15.0,48.4
304,20.7467,206.389,15.0,48.472
305,20.7973,205.685,15.0,48.632
306,20.804,205.749,15.0,48.6373
307,20.808,205.013,15.0,48.6827
308,20.7547,205.045,15.0,48.616
309,20.7147,205.013,15.0,48.6373
310,20.6627,204.544,15.0,48.504
311,20.5747,205.44,15.0,48.5627
312,20.5133,205.525,15.0,48.5253
313,20.43,205.397,15.0,48.7467
314,20.3293,205.6,15.0,49.048
315,20.2373,205.408,15.0,49.2453
316,20.166,205.323,15.0,49.5893
317,20.0807,206.272,15.0,49.9173
318,19.9993,206.624,15.0,50.1147
319,19.9007,206.592,15.0,50.2453
320,19.8167,206.112,15.0,50.3467
321,19.732,207.403,15.0,50.4187
322,19.6387,208.053,15.0,50.5067
323,19.554,207.989,15.0,50.3493
324,19.4633,208.619,15.0,50.1733
325,19.35,209.184,15.0,50.1227
326,19.2593,209.088,15.0,50.0453
327,19.162,208.48,15.0,49.928
328,19.046,208.757,15.0,49.8053
329,18.954,209.536,15.0,49.7253
330,18.8467,209.728,15.0,49.688
331,18.7407,210.059,15.0,49.6347
332,18.6447,211.232,15.0,49.6027
333,18.5533,211.616,15.0,49.5547
334,18.4487,210.688,15.0,49.5627
335,18.336,211.755,15.0,49.5547
336,18.2307,210.56,15.0,49.56
337,18.1367,209.728,15.0,49.5627
338,18.0273,209.76,15.0,49.5627
339,17.912,209.664,15.0,49.5653
340,17.8267,210.08,15.0,49.5627
341,17.73,210.368,15.0,49.568
342,17.6147,210.955,15.0,49.584
343,17.522,211.541,15.0,49.5947
344,17.4207,212.395,15.0,49.608
345,17.3353,214.421,15.0,49.6133
346,17.2207,214.176,15.0,49.6293
347,17.1087,212.331,15.0,49.6267
348,17.0033,214.976,15.0,49.6293
349,16.9047,214.699,15.0,49.6507
350,16.8193,212.715,15.0,49.6933
351,16.7153,212.512,15.0,49.6507
352,16.5953,211.349,15.0,49.7173
353,16.4847,210.56,15.0,49.7387
354,16.3653,210.283,15.0,49.7707
355,16.2653,209.792,15.0,49.7467
356,16.1733,209.088,15.0,49.784
357,16.0647,208.928,15.0,49.7627
358,15.962,209.152,15.0,49.5973
359,15.8787,209.28,15.0,49.784
360,15.78,208.971,15.0,49.7973
361,15.6987,209.739,15.0,49.8293
362,15.6027,210.304,15.0,49.8213
363,15.5007,209.856,15.0,49.8107
364,15.43,210.421,15.0,49.848
365,15.3713,210.624,15.0,49.832
366,15.3433,210.411,15.0,49.752
367,15.3007,210.645,15.0,49.6373
368,15.2947,210.443,15.0,49.5973
369,15.3207,210.08,15.0,49.4053
370,15.3673,209.92,15.0,49.1253
371,15.4533,208.757,15.0,48.624
372,15.5667,208.725,15.0,48.2827
373,15.7193,207.627,15.0,47.9253
374,15.912,207.573,15.0,47.68
375,16.1507,207.648,15.0,47.5067
376,16.404,207.52,15.0,47.3547
377,16.7087,207.104,15.0,47.1787
378,17.0047,207.061,15.0,47.168
379,17.3027,206.763,15.0,47.0773
380,17.6147,206.155,15.0,47.0107
381,17.9253,205.952,15.0,46.8933
382,18.2773,205.643,15.0,46.7067
383,18.634,205.344,15.0,46.5013
384,18.9313,205.973,15.0,46.3707
385,19.278,205.216,15.0,46.16
386,19.6307,205.355,15.0,45.9573
387,19.9507,205.397,15.0,45.8107
388,20.2887,205.547,15.0,45.5093
389,20.5953,204.907,15.0,45.216
390,20.8707,204.981,15.0,44.9947
391,21.1547,205.056,15.0,45.08
392,21.4453,205.109,15.0,44.9653
393,21.7227,205.664,15.0,44.424
394,21.984,204.949,15.0,44.1547
395,22.2307,205.515,15.0,43.7867
396,22.44,205.568,15.0,43.5973
397,22.6267,205.515,15.0,43.7413
398,22.8093,205.771,15.0,42.9467
399,22.96,206.144,15.0,42.5093
400,23.088,205.76,15.0,42.552
401,23.168,205.984,15.0,42.5467
402,23.2293,205.344,15.0,42.568
403,23.2533,205.76,15.0,42.7093
404,23.292,205.813,15.0,42.7733
405,23.2853,205.568,15.0,42.7947
406,23.2373,205.845,15.0,42.9467
407,23.232,205.152,15.0,42.2
408,23.2107,205.739,15.0,41.4773
409,23.168,204.171,15.0,40.7747
410,23.124,205.088,15.0,40.2133
411,23.0693,203.957,15.0,39.6293
412,23.008,205.184,15.0,39.472
413,22.9413,205.568,15.0,39.4827
414,22.88,205.163,15.0,39.616
415,22.8147,204.96,15.0,39.6427
416,22.7533,205.013,15.0,40.4027
417,22.6707,206.475,15.0,40.9093
418,22.5813,206.912,15.0,41.6827
419,22.5013,207.008,15.0,42.4907
420,22.4107,207.712,15.0,43.3867
421,22.296,207.648,15.0,43.8027
422,22.2107,207.264,15.0,44.216
423,22.1053,207.392,15.0,44.5707
424,22.0293,207.819,15.0,44.8587
425,21.916,207.936,15.0,45.12
426,21.828,207.776,15.0,45.2773
427,21.7053,208.853,15.0,45.4267
428,21.5867,209.152,15.0,45.5653
429,21.468,209.056,15.0,45.6907
430,21.3507,210.261,15.0,45.848
431,21.232,210.027,15.0,45.9093
432,21.1067,210.368,15.0,46.0
433,20.996,210.88,15.0,46.0
434,20.8947,209.536,15.0,45.7627
435,20.776,208.789,15.0,45.5707
436,20.6987,209.12,15.0,45.28
437,20.592,207.509,15.0,44.8587
438,20.5147,207.157,15.0,44.4507
439,20.4233,207.136,15.0,44.1253
440,20.3433,206.677,15.0,43.88
441,20.2673,205.653,15.0,43.7173
442,20.1793,204.64,15.0,43.6267
443,20.096,204.672,15.0,43.512
444,20.0233,203.296,15.0,43.4773
445,19.9293,202.784,15.0,43.296
446,19.852,202.027,15.0,43.1653
447,19.7693,201.739,15.0,43.312
448,19.6713,202.667,15.0,43.3893
449,19.5687,200.992,15.0,43.344
450,19.4567,201.813,15.0,43.304
451,19.3667,201.771,15.0,43.3253
452,19.2673,201.557,15.0,43.3467
453,19.1653,202.059,15.0,43.3307
454,19.0533,202.293,15.0,43.3227
455,18.9553,201.515,15.0,43.4053
456,18.87,201.461,15.0,43.416
457,18.77,201.824,15.0,43.4827
458,18.664,201.269,15.0,43.5547
459,18.566,200.651,15.0,43.592
460,18.4827,201.525,15.0,43.6267
461,18.3767,201.077,15.0,43.6347
462,18.322,201.003,15.0,43.5893
463,18.278,200.832,15.0,43.5467
464,18.2513,201.323,15.0,43.528
465,18.282,200.875,15.0,43.448
466,18.3193,200.533,15.0,43.344
467,18.3867,200.512,15.0,43.1947
468,18.518,201.568,15.0,42.9173
469,18.6427,201.333,15.0,42.6027
470,18.8013,201.131,15.0,42.344
471,18.9927,201.653,15.0,42.1147
472,19.196,201.632,15.0,41.9573
473,19.4273,202.112,15.0,41.6667
474,19.668,202.4,15.0,41.4587
475,19.9133,202.581,15.0,41.0387
476,20.1853,203.211,15.0,40.844
477,20.4393,203.061,15.0,40.412
478,20.7053,203.616,15.0,40.0307
479,20.968,203.584,15.0,39.8147
480,21.2427,203.381,15.0,39.792
481,21.5107,204.203,15.0,39.5827
482,21.8027,204.992,15.0,39.0827
483,22.04,204.971,15.0,38.8053
484,22.284,205.12,15.0,38.608
485,22.5053,204.843,15.0,38.7027
486,22.7253,205.003,15.0,38.068
487,22.952,204.992,15.0,37.9973
488,23.1547,205.589,15.0,37.9147
489,23.3453,205.461,15.0,37.8307
490,23.4933,205.077,15.0,37.7267
491,23.6413,205.248,15.0,37.988
492,23.788,203.989,15.0,36.2013
493,23.9027,204.779,15.0,35.7933
494,24.016,204.939,15.0,35.992
495,24.0733,205.408,15.0,34.7947
496,24.128,205.472,15.0,33.3707
497,24.192,205.248,15.0,33.6693
498,24.192,204.832,15.0,32.396
499,24.184,204.768,15.0,32.04
500,24.128,204.96,15.0,30.9627
501,24.076,204.949,15.0,30.1373
502,24.008,204.149,15.0,29.5947
503,23.9293,203.584,15.0,29.668
504,23.8427,203.371,15.0,30.2067
505,23.7573,204.725,15.0,30.7907
506,23.6547,204.768,15.0,29.8547
507,23.548,203.797,15.0,29.676
508,23.444,204.853,15.0,29.884
509,23.3667,204.939,15.0,30.0093
510,23.284,204.437,15.0,30.172
511,23.1987,203.765,15.0,30.176
512,23.0933,205.088,15.0,29.8813
513,22.992,204.181,15.0,30.656
514,22.9067,204.203,15.0,30.4213
515,22.8147,205.387,15.0,30.88
516,22.7213,205.6,15.0,31.3613
517,22.6093,205.109,15.0,32.2387
518,22.508,205.664,15.0,32.8507
519,22.4013,205.984,15.0,33.3027
520,22.2853,205.888,15.0,34.032
521,22.1987,205.312,15.0,34.296
522,22.0827,206.571,15.0,34.6213
523,21.976,206.069,15.0,34.3907
524,21.8653,205.664,15.0,34.1307
525,21.7493,206.624,15.0,34.036
526,21.6267,205.365,15.0,33.8347
527,21.4827,205.451,15.0,33.352
528,21.3667,204.203,15.0,33.1173
529,21.24,204.555,15.0,32.7307
530,21.0907,204.128,15.0,32.348
531,20.968,203.285,15.0,32.0213
532,20.836,203.989,15.0,31.8173
533,20.72,203.851,15.0,31.8093
534,20.6053,202.955,15.0,31.9227
535,20.4853,203.659,15.0,31.596
536,20.356,202.357,15.0,31.732
537,20.228,202.923,15.0,32.6293
538,20.104,202.432,15.0,32.1027
539,19.9833,203.093,15.0,31.4467
540,19.8527,202.101,15.0,31.7013
541,19.7167,201.835,15.0,31.72
542,19.5907,202.336,15.0,31.728
543,19.456,202.475,15.0,31.8893
544,19.3327,202.848,15.0,31.7853
545,19.2033,202.453,15.0,31.6227
546,19.0613,202.272,15.0,31.5747
547,18.9253,202.059,15.0,31.6027
548,18.8093,201.504,15.0,31.3413
549,18.6687,202.688,15.0,31.4453
550,18.5507,202.699,15.0,31.4293
551,18.4133,202.923,15.0,31.3933
552,18.2613,203.701,15.0,31.556
553,18.1113,204.491,15.0,31.7413
554,17.9547,205.152,15.0,31.9453
555,17.8193,205.44,15.0,31.7613
556,17.694,205.323,15.0,31.6867
557,17.5847,204.875,15.0,31.6253
558,17.4973,204.139,15.0,31.6307
559,17.428,204.171,15.0,31.5733
560,17.378,205.355,15.0,31.5893
561,17.3533,205.408,15.0,31.7053
562,17.3233,205.003,15.0,31.7787
563,17.3433,205.131,15.0,31.6333
564,17.3807,203.221,15.0,31.544
565,17.4253,202.699,15.0,31.5053
566,17.4513,202.656,15.0,31.4693
567,17.476,202.123,15.0,31.4453
568,17.5593,202.667,15.0,31.296
569,17.6953,202.475,15.0,31.204
570,17.894,202.56,15.0,31.0493
571,18.138,203.616,15.0,30.8067
572,18.37,203.605,15.0,30.5907
573,18.628,203.861,15.0,30.4333
574,18.8673,204.053,15.0,30.3267
575,19.0773,203.797,15.0,30.4453
576,19.2573,203.285,15.0,30.68
577,19.46,204.213,15.0,30.6893
578,19.674,204.843,15.0,30.716
579,19.8773,204.992,15.0,30.812
580,20.0227,205.621,15.0,31.024
581,20.1547,204.789,15.0,31.176
582,20.3027,205.12,15.0,31.392
583,20.47,203.68,15.0,31.4013
584,20.612,204.629,15.0,31.5813
585,20.752,205.173,15.0,31.736
586,20.8893,204.821,15.0,31.9213
587,21.0227,204.747,15.0,32.0427
588,21.144,204.747,15.0,32.248
589,21.2653,205.013,15.0,32.4453
590,21.3613,204.608,15.0,32.6147
591,21.428,204.96,15.0,32.696
592,21.4253,204.896,15.0,33.1053
593,21.4013,204.885,15.0,33.3693
594,21.3987,204.832,15.0,33.7387
595,21.3773,204.181,15.0,33.8933
596,21.328,203.659,15.0,34.028
597,21.232,203.403,15.0,34.4093
598,21.1373,204.405,15.0,34.6053
599,21.0493,204.917,15.0,34.788
600,20.9453,203.883,15.0,35.008
601,20.8373,205.419,15.0,35.36
602,20.7253,205.088,15.0,35.552
603,20.624,205.355,15.0,35.488
604,20.5253,204.971,15.0,35.3493
605,20.41,205.12,15.0,35.336
606,20.2747,204.747,15.0,35.3853
607,20.162,204.075,15.0,35.3267
608,20.05,204.992,15.0,35.3373
609,19.9227,205.013,15.0,35.1947
610,19.8027,204.875,15.0,35.0827
611,19.6587,204.949,15.0,35.0893
612,19.5333,205.045,15.0,35.052
613,19.3947,206.443,15.0,35.06
614,19.2573,206.133,15.0,35.1667
615,19.1207,206.069,15.0,35.2733
616,18.9867,206.176,15.0,35.3093
617,18.8833,205.6,15.0,35.34
618,18.7667,206.763,15.0,35.348
619,18.634,206.549,15.0,35.3853
620,18.526,205.76,15.0,35.3947
621,18.3987,207.392,15.0,35.4267
622,18.29,207.424,15.0,35.4853
623,18.17,207.019,15.0,35.504
624,18.0567,207.392,15.0,35.5827
625,17.934,207.36,15.0,35.5693
626,17.8433,206.133,15.0,35.4707
627,17.7447,206.88,15.0,35.5773
628,17.6347,205.824,15.0,35.3427
629,17.5373,205.088,15.0,35.7587
630,17.4453,205.344,15.0,35.484
631,17.3727,204.832,15.0,35.5813
632,17.286,204.661,15.0,35.9467
633,17.1733,203.275,15.0,36.224
634,17.0687,204.277,15.0,36.5107
635,16.9553,203.84,15.0,36.208
636,16.8433,203.392,15.0,36.4
637,16.748,204.139,15.0,36.912
638,16.646,203.957,15.0,37.524
639,16.53,203.36,15.0,37.9213
640,16.4313,202.795,15.0,37.972
641,16.3187,202.581,15.0,38.3627
642,16.2093,203.253,15.0,38.3133
643,16.1147,202.805,15.0,38.2667
644,16.0107,202.581,15.0,38.908
645,15.908,201.941,15.0,38.7493
646,15.7487,202.112,15.0,37.732
647,15.6333,203.115,15.0,38.2787
648,15.5013,201.984,15.0,38.284
649,15.3813,202.283,15.0,38.3507
650,15.256,202.208,15.0,38.3093
651,15.0933,201.504,15.0,37.8613
652,14.9493,201.771,15.0,38.0227
653,14.7967,201.472,15.0,38.1747
654,14.7393,201.387,15.0,39.0813
655,14.6693,201.643,15.0,39.644
656,14.56,201.739,15.0,39.568
657,14.4907,201.643,15.0,39.7813
658,14.398,201.12,15.0,40.104
659,14.3407,200.981,15.0,40.52
660,14.2793,201.248,15.0,40.8853
661,14.26,201.557,15.0,41.772
662,14.2107,201.675,15.0,41.3613
663,14.1667,201.728,15.0,41.5053
664,14.1293,201.653,15.0,41.4813
665,14.102,201.152,15.0,41.2507
666,14.0833,201.845,15.0,41.308
667,14.026,201.205,15.0,40.8453
668,13.9967,200.789,15.0,41.0547
669,13.98,201.269,15.0,41.244
670,13.9767,200.299,11.6667,41.6933
671,13.97,201.12,10.0,42.5173
672,13.9433,201.717,10.8,42.7253
673,13.8313,201.845,10.0,42.5573
674,13.8233,201.333,10.0,43.1733
675,13.8167,201.952,10.0,43.2373
676,13.8,201.568,9.26667,43.7093
677,13.76,201.792,9.0,44.0587
678,13.7493,201.739,9.93333,44.5547
679,13.7633,202.379,10.7333,45.1467
680,13.718,201.461,10.4667,45.0
681,13.722,201.589,10.0,45.9387
682,13.6713,202.08,10.0,46.208
683,13.6567,202.091,10.0,46.288
684,13.64,201.973,9.26667,46.528
685,13.6067,201.611,9.0,46.8667
686,13.5827,200.928,9.0,47.1493
687,13.558,200.555,9.0,48.168
688,13.554,201.707,9.0,49.1627
689,13.4973,201.547,9.0,47.9467
690,13.4433,201.024,9.0,48.0933
691,13.4033,200.267,9.0,48.6293
692,13.4,201.568,9.0,49.1733
693,13.3553,200.789,9.0,48.7707
694,13.2973,200.757,9.0,48.8853
695,13.2633,201.099,9.0,49.2933
696,13.2193,201.28,9.0,49.56
697,13.1607,201.003,9.0,49.4773
698,13.104,200.885,9.0,49.512
699,13.02,201.248,9.0,49.752
700,12.9473,200.256,9.0,49.992
701,12.892,199.68,9.0,50.3147
702,12.822,199.179,9.0,50.5973
703,12.7767,199.424,9.0,50.8827
704,12.7533,199.979,9.0,51.2027
705,12.6993,199.413,9.0,51.1093
706,12.6,199.499,9.0,51.5787
707,12.54,199.211,9.0,51.7867
708,12.4807,201.472,9.0,51.9387
709,12.45,202.603,9.0,52.0427
710,12.43,202.155,9.0,52.2373
711,12.39,202.037,9.0,52.272
712,12.3793,202.037,9.0,52.4
713,12.348,202.059,9.0,52.4933
714,12.3013,202.624,9.0,53.0773
715,12.242,202.123,9.0,53.4587
716,12.206,200.928,9.0,53.7093
717,12.1533,201.504,9.0,54.2293
718,12.0867,201.365,9.0,55.0267
719,12.08,201.024,9.0,55.0267
720,12.07,200.512,9.0,55.1387
721,12.0427,201.056,9.0,55.3547
722,12.0387,201.536,9.0,55.3413
723,12.0287,201.003,9.0,55.4027
724,12.024,201.088,9.0,55.5733
725,12.012,201.643,9.0,55.7147
726,12.02,202.251,9.0,55.7387
727,12.028,201.397,9.0,56.3867
728,12.0567,202.635,9.0,56.744
729,12.0667,201.419,9.0,56.3147
730,12.0767,201.824,9.6,58.5013
731,12.09,202.72,9.46667,59.0987
732,12.1033,203.317,9.0,60.1867
733,12.1233,203.787,9.0,61.2853
734,12.1333,204.235,9.0,61.056
735,12.1167,204.117,9.0,60.736
736,12.0933,203.787,9.0,60.68
737,12.09,203.915,8.8,60.4293
738,12.08,204.469,8.0,60.992
739,12.08,204.875,8.0,60.8053
740,12.0833,205.035,8.0,61.0747
741,12.0767,205.408,8.0,61.144
742,12.0767,205.355,8.0,60.8773
743,12.0567,205.248,8.0,60.7467
744,12.0353,206.005,8.0,60.464
745,12.032,206.56,7.86667,60.2373
746,12.024,207.253,7.0,61.0587
747,12.0,207.52,7.0,61.1493
748,11.9767,207.808,7.0,60.88
749,11.97,208.608,6.8,61.0213
750,11.954,209.76,6.06667,61.1013
751,11.9333,210.56,6.0,61.176
752,11.922,211.104,6.6,60.9493
753,11.9247,211.883,6.8,61.096
754,11.9087,211.979,7.0,60.992
755,11.902,212.096,7.0,61.2533
756,11.922,212.053,7.0,61.168
757,11.922,211.755,7.73333,61.2213
758,11.986,211.616,8.0,60.6747
759,12.066,211.68,8.0,59.1787
760,12.146,211.573,8.53333,57.944
761,12.286,211.424,9.0,57.488
762,12.4233,211.424,9.66667,57.5733
763,12.5867,210.976,11.1333,57.3867
764,12.79,211.147,12.0,56.824
765,13.0267,210.987,12.5333,56.1547
766,13.314,211.339,13.0,55.7653
767,13.6167,210.891,13.0,55.712
768,13.918,218.571,13.0,55.9387
769,14.2473,272.576,13.0,55.9227
770,14.528,246.091,13.0,53.2827
771,14.7947,318.592,13.0,56.1227
772,15.0667,463.317,13.7333,57.8453
773,15.3207,382.976,14.0,56.168
774,15.5487,322.549,14.0,56.2027
775,15.7993,282.4,14.0,56.024
776,16.0227,263.445,14.0,56.0
777,16.2587,242.411,13.8667,55.9893
778,16.4933,231.2,13.0,56.144
779,16.7307,229.696,13.0,56.1893
780,16.912,221.813,13.0,56.272
781,17.086,225.696,13.0,56.4693
782,17.2727,277.92,13.7333,56.9173
783,17.4527,305.408,14.0,57.448
784,17.5873,302.368,13.2667,57.6347
785,17.6767,266.763,13.2,58.032
786,17.604,228.789,13.0,58.9413
787,17.5533,219.253,13.3333,59.3067
788,17.4967,215.264,14.0,59.248
789,17.442,213.525,14.0,59.3067
790,17.3613,214.165,14.0,59.072
791,17.2713,213.643,14.0,59.4667
792,17.1667,212.907,14.0,59.688
793,17.0987,210.805,14.0,59.808
794,17.0,210.784,13.0667,60.128
795,16.9347,209.76,13.0,60.5067
796,16.86,211.317,13.0,60.96
797,16.778,213.173,13.0,61.4053
798,16.67,213.621,13.0,61.9547
799,16.5313,215.616,13.0,62.376
800,16.4187,215.957,13.0,62.4933
801,16.2967,215.936,13.0,62.5947
802,16.2027,216.48,12.8667,62.3413
803,16.0707,216.704,12.0,62.48
804,15.904,218.603,11.4667,62.5627
805,15.7933,216.107,10.4667,61.9573
806,15.68,215.467,10.0,62.1573
807,15.572,217.195,10.0,62.528
808,15.4493,216.608,10.0,62.3627
809,15.3173,216.683,10.0,60.8107
810,15.1853,213.696,10.0,58.208
811,15.016,212.128,9.86667,56.7547
812,14.83,212.683,9.33333,56.3173
813,14.7013,212.149,9.0,56.1093
814,14.56,212.629,9.0,56.0347
815,14.4327,211.445,8.66667,55.2987
816,14.3,210.315,8.0,54.6347
817,14.1747,209.344,8.0,54.5787
818,14.088,209.141,8.0,54.68
819,13.968,208.896,8.0,54.5627
820,13.8427,207.947,7.06667,54.3307
821,13.7387,208.384,7.0,54.5147
822,13.6367,207.52,7.0,53.8267
823,13.5313,207.04,7.13333,54.1867
824,13.41,208.011,7.86667,53.864
825,13.3213,207.243,7.8,54.16
826,13.2293,207.051,7.0,54.0347
827,13.0987,207.616,7.0,55.1867
828,12.9807,207.264,7.0,55.3387
829,12.8913,206.869,7.0,55.7333
830,12.7967,207.072,7.0,55.6213
831,12.6987,206.933,7.0,54.96
832,12.5933,206.624,7.0,54.9973
833,12.4707,207.776,7.0,54.7093
834,12.346,208.235,5.66667,54.1973
835,12.226,207.232,5.0,54.3093
836,12.1113,207.648,5.0,54.84
837,12.0313,207.264,5.0,54.3813
838,11.9387,207.104,5.0,55.152
839,11.8413,208.139,5.0,54.808
840,11.7133,208.171,5.0,55.0053
841,11.5907,207.712,5.0,55.392
842,11.5253,208.16,5.0,55.048
843,11.4367,208.277,5.0,54.96
844,11.3867,208.085,5.0,54.8053
845,11.352,208.085,5.33333,55.7973
846,11.3553,208.192,6.0,55.8987
847,11.39,208.448,6.13333,55.816
848,11.4333,208.064,7.0,55.8907
849,11.536,207.872,7.0,55.5867
850,11.6187,207.136,7.73333,55.2133
851,11.784,206.709,8.0,54.6853
852,11.986,206.784,9.46667,54.1387
853,12.2573,208.277,10.0,53.5867
854,12.492,208.384,10.0,53.2213
855,12.7267,208.224,11.0667,53.024
856,12.9873,208.693,12.0,52.7973
857,13.272,208.587,12.4,52.5387
858,13.5747,208.949,15.0,52.1733
859,13.9113,208.32,15.0,51.8347
860,14.224,208.683,15.0,51.632
861,14.556,208.448,15.3333,51.4133
862,14.8713,208.853,16.0,50.872
863,15.2013,208.843,16.0,51.2533
864,15.4987,209.088,16.0,51.4453
865,15.824,210.08,16.3333,51.3573
866,16.1253,212.267,17.0,51.5307
867,16.514,276.853,17.0,50.5013
868,16.8833,289.696,17.1333,50.2027
869,17.1273,287.68,18.0,50.4533
870,17.3587,242.944,18.0,50.0107
871,17.532,223.232,18.0,50.4133
872,17.7387,216.203,17.4667,49.192
873,17.9513,213.045,16.6667,49.9227
874,18.118,211.584,16.0,50.5467
875,18.2747,210.571,16.0,50.4107
876,18.4247,209.952,16.0,50.1867
877,18.5727,209.952,16.0,49.6267
878,18.668,239.371,16.0,49.7893
879,18.7747,270.347,16.0,49.5413
880,18.8367,234.997,16.0,47.1067
881,18.8973,305.237,16.0,47.8053
882,18.924,332.981,16.0,47.912
883,18.9353,286.517,16.0,49.6
884,18.9233,263.424,16.0,49.7493
885,18.9033,249.131,15.2667,49.7867
886,18.83,236.992,15.0,49.1253
887,18.782,230.059,15.0,49.344
888,18.7113,224.565,15.0,50.3173
889,18.658,220.768,15.0,50.672
890,18.59,218.016,15.0,51.224
891,18.5233,215.669,14.6667,51.8133
892,18.438,215.851,14.0,52.2213
893,18.3633,215.125,14.0,52.6827
894,18.2787,214.432,14.0,52.9947
895,18.19,214.443,14.0,53.2107
896,18.1127,214.432,13.4667,53.456
897,18.0147,214.4,13.0,53.7013
898,17.9193,215.147,13.0,53.7493
899,17.8267,217.312,13.0,53.6533
900,17.7527,220.192,13.0,53.5067
901,17.65,221.152,12.8667,53.3067
902,17.54,220.608,12.2,53.1227
903,17.4687,218.56,12.0,52.9573
904,17.3727,218.219,11.0667,52.8053
905,17.272,217.792,11.0,52.688
906,17.16,217.099,11.0,52.5093
907,17.0427,217.451,10.4667,52.3253
908,16.9413,217.653,10.0,52.3413
909,16.8607,216.789,9.86667,52.3627
910,16.77,218.379,9.0,52.4373
911,16.666,217.845,9.0,52.552
912,16.556,216.981,9.0,52.6773
913,16.4493,217.461,9.0,52.7467
914,16.3387,217.664,9.0,52.8133
915,16.2393,216.331,8.66667,52.8933
916,16.1327,215.957,8.2,52.8587
917,16.028,215.136,8.0,52.816
918,15.9193,213.323,8.0,52.7573
919,15.8133,214.347,8.0,52.7253
920,15.7193,214.293,8.0,52.7307
921,15.61,213.664,8.0,52.688
922,15.5127,213.557,8.0,52.6773
923,15.4147,213.269,7.66667,52.68
924,15.318,212.107,7.0,52.64
925,15.218,211.808,7.0,52.576
926,15.1233,212.405,7.0,52.6373
927,15.0247,212.288,7.0,52.672
928,14.9093,211.051,7.0,52.6507
929,14.8033,210.624,6.53333,52.4773
930,14.7087,210.251,6.0,52.432
931,14.6333,210.08,6.0,52.5013
932,14.5307,210.048,6.0,52.512
933,14.4327,210.677,6.0,52.5173
934,14.334,209.856,6.0,52.456
935,14.2293,210.432,6.0,52.528
936,14.154,210.389,6.0,52.616
937,14.0913,210.176,6.0,52.6373
938,14.0033,209.76,6.0,52.6693
939,13.916,209.152,6.13333,52.4693
940,13.8427,210.592,7.0,52.6853
941,13.81,210.464,6.46667,52.6347
942,13.7767,210.709,6.0,52.6213
943,13.77,210.816,6.0,52.552
944,13.7867,210.805,7.46667,52.3893
945,13.8347,210.485,8.0,52.2667
946,13.8993,210.485,8.73333,51.9787
947,13.996,211.477,9.06667,51.408
948,14.118,211.445,9.86667,50.92
949,14.218,211.595,12.2,50.7467
950,14.3913,212.245,13.0,50.48
951,14.62,212.405,13.0,50.1333
952,14.8507,212.128,13.0,49.8987
953,15.126,211.723,14.0667,49.816
954,15.4033,211.787,15.0,49.9147
955,15.7153,214.208,15.0,49.9707
956,16.0,217.675,15.9333,50.0213
957,16.2833,219.072,16.0,50.056
958,16.5633,218.336,16.0,50.1467
959,16.8567,218.059,16.0,50.152
960,17.114,217.045,16.0,50.2293
961,17.388,216.331,16.0,50.2773
962,17.6527,216.832,16.0,50.2667
963,17.9053,216.768,16.0,50.392
964,18.1547,216.544,16.7333,50.4187
965,18.3787,214.656,17.7333,50.7227
966,18.576,214.507,17.6667,50.968
967,18.7733,214.539,17.0,51.1707
968,18.9967,213.589,17.0,51.3973
969,19.178,213.376,17.0,51.5947
970,19.3607,213.493,17.0,51.8373
971,19.544,212.373,16.6667,51.9973
972,19.7073,212.107,16.0,52.1307
973,19.87,211.221,16.0,52.3333
974,19.9947,210.528,16.0,52.6267
975,20.0873,209.44,16.0,52.888
976,20.1553,208.8,16.0,53.1253
977,20.2033,209.504,16.0,53.3227
978,20.2367,209.056,16.0,53.5573
979,20.24,209.6,15.8667,53.8
980,20.2367,209.12,15.0667,54.0187
981,20.21,209.568,15.0,54.296
982,20.1587,208.96,15.0,54.5707
983,20.1027,209.536,15.0,54.84
984,20.0467,209.664,15.0,55.2853
985,19.964,209.472,14.2667,55.56
986,19.89,209.536,14.0,55.92
987,19.8253,209.6,14.0,56.296
988,19.734,210.123,14.0,56.4773
989,19.656,210.507,14.0,56.2587
990,19.5793,210.592,14.0,56.3707
991,19.5,211.2,14.0,56.416
992,19.4047,210.475,14.0,56.4187
993,19.3147,211.648,13.2667,56.4507
994,19.248,212.181,13.0,56.6
995,19.148,212.341,13.0,56.6613
996,19.06,212.096,13.0,56.656
997,18.9693,213.056,13.0,56.704
998,18.8967,212.939,13.0,56.808
999,18.8167,211.989,13.0,56.6667
1000,18.7327,212.416,13.0,56.648
1001,18.6413,213.931,13.0,56.6587
1002,18.566,214.08,13.0,56.5493
1003,18.4787,214.005,13.0,56.7413
1004,18.3727,214.389,12.2667,56.6053
1005,18.2853,215.211,12.0,56.5227
1006,18.1933,215.083,12.0,56.5467
1007,18.1013,216.0,11.4667,56.616
1008,17.99,216.32,11.0,56.6907
1009,17.894,216.704,10.4667,56.6053
1010,17.8093,216.107,10.0,56.416
1011,17.7213,216.277,10.0,56.384
1012,17.636,217.92,10.0,56.3653
1013,17.5547,217.813,10.0,56.424
1014,17.474,217.365,10.0,56.44
1015,17.38,218.709,10.0,56.4587
1016,17.2993,219.861,9.33333,56.464
1017,17.182,219.051,9.0,56.5147
1018,17.0873,217.067,9.0,56.336
1019,16.98,216.48,8.6,56.1093
1020,16.8893,214.752,8.0,56.0453
1021,16.8133,213.248,8.33333,55.9413
1022,16.704,213.856,9.0,56.0267
1023,16.5987,213.653,8.86667,56.152
1024,16.5,212.917,8.0,56.0533
1025,16.3947,212.427,8.0,56.0427
1026,16.292,212.885,8.0,55.9733
1027,16.1953,212.917,8.0,55.8773
1028,16.1013,212.576,8.0,55.8427
1029,16.0067,211.904,8.0,55.8107
1030,15.8973,210.997,8.0,55.7493
1031,15.7893,210.752,7.6,55.7653
1032,15.698,210.464,7.0,55.7093
1033,15.5993,209.835,7.0,55.6827
1034,15.5013,210.827,7.0,55.68
1035,15.4193,210.187,7.0,55.6693
1036,15.3373,209.696,7.0,55.576
1037,15.292,210.283,7.0,55.4853
1038,15.244,209.824,7.0,55.3787
1039,15.232,209.6,7.0,55.2453
1040,15.2127,209.472,7.0,55.088
1041,15.2413,209.696,7.0,54.9093
1042,15.2893,209.856,7.8,54.632
1043,15.3527,210.272,9.0,54.28
1044,15.4493,209.824,10.0,53.888
1045,15.6053,209.792,11.0667,53.5627
1046,15.7587,209.728,12.0,53.288
1047,15.9647,209.824,12.3333,53.04
1048,16.2033,210.315,13.0,52.744
1049,16.4353,210.464,13.6667,52.552
1050,16.706,210.155,15.0,52.456
1051,16.9727,210.379,15.0,52.3413
1052,17.2413,210.528,15.0,52.2587
1053,17.5047,210.997,15.0,52.2053
1054,17.7833,210.571,15.8667,52.1893
1055,18.0467,210.624,16.0,52.168
1056,18.3133,210.763,16.0,52.152
1057,18.5573,210.72,16.0,52.072
1058,18.6807,210.517,16.0,52.408
1059,18.8127,209.888,16.3333,52.728
1060,18.9693,209.92,17.7333,52.5893
1061,19.1667,209.472,17.6667,52.3707
1062,19.3287,208.907,17.0,52.5227
1063,19.5153,208.917,17.0,52.2027
1064,19.5987,208.928,17.0,51.9387
1065,19.6427,209.184,17.0,51.8907
1066,19.7127,208.896,17.0,51.8747
1067,19.7647,208.352,17.0,51.7387
1068,19.81,208.128,17.0,51.432
1069,19.8667,208.395,17.0,51.376
1070,19.9587,208.96,17.0,51.4347
1071,19.9893,208.64,17.0,51.552
1072,20.0233,208.48,17.0,51.3413
1073,20.03,208.619,16.8667,51.1653
1074,20.0333,208.331,16.0,50.9813
1075,20.0267,208.043,16.0,50.984
1076,20.0127,207.893,16.0,50.8053
1077,19.982,207.488,16.0,50.7093
1078,19.95,207.307,16.0,50.7253
1079,19.9,207.125,16.0,50.768
1080,19.8493,207.659,16.0,50.744
1081,19.8067,207.488,15.5333,50.7973
1082,19.7433,207.563,15.0,51.1173
1083,19.6873,207.947,15.0,51.536
1084,19.6127,208.256,15.0,51.968
1085,19.5433,208.853,14.4667,52.2533
1086,19.486,209.152,14.0,52.56
1087,19.408,209.792,14.0,52.84
1088,19.336,209.28,14.0,53.072
1089,19.2667,210.453,14.0,53.224
1090,19.1933,212.181,14.0,53.3867
1091,19.11,213.056,14.0,53.496
1092,19.0367,214.773,13.2667,53.6133
1093,18.9547,216.576,13.0,53.6507
1094,18.88,218.208,13.0,53.6507
1095,18.8,218.56,11.9333,53.6373
1096,18.7047,219.552,11.0,53.6133
1097,18.6213,220.395,11.0,53.5893
1098,18.5413,219.211,11.0,53.6027
1099,18.4453,218.976,11.0,53.6
1100,18.3533,219.2,11.0,53.504
1101,18.26,218.517,11.0,53.456
1102,18.1667,217.568,11.0,53.4053
1103,18.0813,219.616,10.9333,53.4107
1104,17.9833,220.875,10.2,53.4293
1105,17.882,222.475,9.46667,53.4453
1106,17.7847,222.656,9.0,53.4373
1107,17.6907,222.795,9.0,53.4427
1108,17.5887,221.216,9.0,53.4427
1109,17.4927,219.093,9.0,53.3813
1110,17.4033,218.283,9.0,53.3067
1111,17.32,217.387,9.0,53.28
1112,17.1993,216.619,9.0,53.2267
1113,17.0913,215.232,9.0,53.2293
1114,16.99,214.677,9.0,53.1627
1115,16.9007,212.832,8.86667,53.1627
1116,16.816,211.883,8.2,53.152
1117,16.7227,212.288,8.0,53.1547
1118,16.6067,211.925,8.0,53.16
1119,16.4973,210.741,8.0,53.16
1120,16.402,210.805,8.0,53.152
1121,16.2947,210.485,7.8,53.16
1122,16.2027,210.325,7.06667,53.16
1123,16.112,209.6,7.0,53.16
1124,16.0067,209.728,7.0,53.144
1125,15.8973,208.832,7.0,53.1227
1126,15.8033,209.333,7.0,53.1253
1127,15.698,208.981,7.0,53.12
1128,15.6133,208.533,7.0,53.1147
1129,15.5087,209.344,7.53333,53.0667
1130,15.426,209.12,8.0,53.0293
1131,15.348,209.472,7.66667,52.9947
1132,15.2873,208.651,7.0,52.9333
1133,15.2293,208.672,7.0,52.856
1134,15.182,209.003,7.0,52.7387
1135,15.1767,209.056,7.0,52.64
1136,15.182,209.184,7.93333,52.4667
1137,15.2107,208.235,8.26667,52.2853
1138,15.2813,208.331,9.86667,52.0373
1139,15.3487,208.8,10.0,51.6907
1140,15.4633,208.373,10.6667,51.36
1141,15.624,208.683,12.3333,51.04
1142,15.8173,208.597,13.0,50.7787
1143,16.0367,209.088,13.6,50.488
1144,16.2913,209.045,14.0,50.2747
1145,16.5513,209.44,14.0,50.1387
1146,16.822,209.696,15.8667,50.064
1147,17.0853,209.92,16.5333,49.984
1148,17.4007,209.792,17.0,49.904
1149,17.6733,209.952,17.0,49.8747
1150,17.954,209.76,17.0,49.7973
1151,18.2433,210.507,17.0,49.8747
1152,18.5493,209.856,17.3333,49.8613
1153,18.8327,210.389,18.0,49.9413
1154,19.0933,210.304,18.0,49.9547
1155,19.368,209.824,18.3333,49.904
1156,19.6267,209.696,19.0,49.896
1157,19.8727,209.632,19.0,49.8667
1158,20.1013,210.144,19.0,49.7867
1159,20.3473,209.568,19.0,49.7333
1160,20.572,209.6,19.0,49.7227
1161,20.7627,209.216,19.0,49.856
1162,20.968,209.312,20.0,49.7947
1163,21.1613,209.248,20.0,49.7733
1164,21.344,209.12,19.2667,49.816
1165,21.5,209.056,19.0,49.9787
1166,21.6333,208.277,19.0,49.984
1167,21.7333,208.736,18.8667,50.0773
1168,21.812,208.768,18.0,50.1893
1169,21.864,208.693,18.0,50.1947
1170,21.872,208.768,18.0,50.2
1171,21.872,208.587,18.0,49.9413
1172,21.8547,208.352,18.0,49.632
1173,21.796,208.416,18.0,49.1467
1174,21.724,207.883,18.0,48.9973
1175,21.656,208.565,18.0,48.6507
1176,21.5733,208.736,17.6667,48.5973
1177,21.4787,208.832,17.0,48.696
1178,21.4053,208.213,17.0,48.6747
1179,21.3,208.864,16.6667,49.1653
1180,21.1987,209.184,16.5333,49.656
1181,21.1027,209.408,16.3333,49.9493
1182,21.0027,209.931,15.0,50.2
1183,20.896,210.507,15.0,50.464
1184,20.8093,210.848,15.0,50.752
1185,20.7107,211.189,15.0,51.0133
1186,20.612,211.925,14.0667,51.232
1187,20.5147,211.691,14.0,51.3893
1188,20.4233,212.149,14.0,51.5253
1189,20.314,213.344,13.8667,51.6427
1190,20.2,215.147,13.0,51.6667
1191,20.096,217.035,13.0,51.6507
1192,19.9907,220.16,13.0,51.6187
1193,19.866,220.171,12.7333,51.616
1194,19.7547,220.821,11.4,51.4827
1195,19.6307,220.043,10.8,51.448
1196,19.506,218.475,10.4667,51.3893
1197,19.374,216.992,10.0,51.304
1198,19.2467,216.107,10.0,51.216
1199,19.118,215.627,10.0,51.168
1200,18.9833,215.019,10.0,51.1653
1201,18.8767,214.976,10.0,51.1573
1202,18.7547,214.4,9.33333,51.1013
1203,18.612,212.501,9.0,51.0107
1204,18.498,213.461,9.0,50.7653
1205,18.36,213.227,8.6,50.7493
1206,18.2353,212.811,8.0,50.688
1207,18.1113,213.099,8.0,50.664
1208,17.9693,212.555,8.0,50.4373
1209,17.8507,212.117,8.0,50.4187
1210,17.7273,211.968,8.0,50.3173
1211,17.592,210.763,7.86667,50.2373
1212,17.484,210.496,7.13333,50.2907
1213,17.368,209.28,7.0,50.3067
1214,17.242,208.629,7.0,50.288
1215,17.09,207.797,7.0,50.1467
1216,16.9833,207.637,7.0,49.7307
1217,16.8887,207.264,7.0,49.6853
1218,16.7913,207.659,7.0,49.5653
1219,16.67,207.723,7.0,49.5627
1220,16.5553,207.52,7.0,49.456
1221,16.454,206.933,7.0,49.4453
1222,16.332,207.072,7.0,49.4507
1223,16.232,207.147,7.0,49.416
1224,16.1227,208.139,7.0,49.4827
1225,16.014,209.408,7.0,49.416
1226,15.8907,209.728,7.0,49.288
1227,15.7867,211.392,7.0,49.2667
1228,15.6987,212.875,7.0,49.232
1229,15.6367,213.28,7.0,49.1733
1230,15.5613,212.533,7.0,49.1413
1231,15.554,212.384,7.33333,48.9013
1232,15.562,212.832,8.0,48.7413
1233,15.572,212.256,8.53333,48.552
1234,15.64,212.651,8.86667,48.4107
1235,15.7107,212.395,10.2,48.1493
1236,15.8033,212.597,11.8,47.816
1237,15.9573,213.045,12.1333,47.5307
1238,16.1327,213.675,13.0,47.2373
1239,16.3553,212.885,13.0,46.9653
1240,16.6093,213.013,14.6,46.6907
1241,16.8593,213.248,16.1333,46.4987
1242,17.1727,224.565,16.8,46.2693
1243,17.656,302.112,17.0,46.528
1244,18.132,382.347,17.0,46.84
1245,18.5733,413.568,17.0,46.92
1246,18.994,457.301,17.0,47.032
1247,19.416,468.907,17.0,46.8587
1248,19.802,530.027,17.0,47.1787
1249,20.19,551.403,17.1333,47.2667
1250,20.558,602.88,18.0,47.464
1251,20.92,609.237,18.2667,47.1573
1252,21.244,580.992,20.0,47.0747
1253,21.536,545.728,20.0,46.7227
1254,21.832,481.472,19.0667,46.384
1255,21.948,426.496,19.0,46.4427
1256,22.0973,371.136,19.0,46.56
1257,22.288,345.152,19.0,46.3227
1258,22.488,318.187,19.0,46.3733
1259,22.6253,296.181,19.0,46.4133
1260,22.7653,283.019,19.0,46.4667
1261,22.8867,272.469,19.0,46.456
1262,22.98,261.643,19.0,46.5947
1263,23.06,246.571,19.0,46.84
1264,23.116,242.88,19.0,46.656
1265,23.144,237.877,19.0,46.6533
1266,23.164,232.981,19.0,46.44
1267,23.128,226.325,19.0,46.8533
1268,23.0787,223.488,19.0,46.656
1269,23.012,219.381,18.6667,46.5013
1270,22.9307,218.368,18.0,46.168
1271,22.8653,216.032,18.0,46.1893
1272,22.772,215.328,18.0,46.6213
1273,22.676,214.837,18.0,47.1093
1274,22.5787,213.195,17.2667,47.5573
1275,22.472,212.373,17.0,47.856
1276,22.364,212.661,17.0,48.184
1277,22.2427,212.928,16.3333,48.352
1278,22.1413,212.064,15.0,48.5867
1279,22.0387,211.851,15.0,48.8213
1280,21.9133,212.331,15.0,49.0267
1281,21.8173,212.267,14.6667,49.2187
1282,21.6947,211.989,14.0,49.296
1283,21.5787,212.992,14.0,49.3947
1284,21.4613,212.64,14.0,49.4293
1285,21.3533,212.416,14.0,49.504
1286,21.2187,213.867,14.0,49.4773
1287,21.096,214.176,14.0,49.512
1288,20.984,215.403,14.0,49.5707
1289,20.8533,214.656,14.0,49.5333
1290,20.7373,215.083,14.0,49.3173
1291,20.62,215.957,13.7333,49.2507
1292,20.494,215.552,12.0,49.3973
1293,20.3633,215.584,11.8,49.464
1294,20.2313,215.659,11.2667,49.44
1295,20.108,215.445,10.9333,49.4827
1296,19.9907,214.475,10.0667,49.44
1297,19.8553,213.771,10.0,49.5173
1298,19.7413,212.757,10.0,49.4213
1299,19.62,213.195,10.0,49.4533
1300,19.4993,212.117,10.0,49.48
1301,19.3673,212.309,9.66667,49.5173
1302,19.2573,212.587,9.0,49.4907
1303,19.136,211.808,9.0,49.4747
1304,18.998,212.309,9.0,49.48
1305,18.8973,212.277,9.0,49.464
1306,18.774,211.253,9.0,49.4373
1307,18.656,211.84,9.0,49.4107
1308,18.5413,211.733,9.0,49.4133
1309,18.4207,211.136,9.0,49.4053
1310,18.2967,211.104,9.0,49.3733
1311,18.17,210.709,8.4,49.3627
1312,18.0367,210.976,8.0,49.3307
1313,17.9193,210.699,8.0,49.3627
1314,17.81,210.496,8.0,49.3733
1315,17.7013,210.816,8.0,49.3253
1316,17.596,210.677,8.0,49.3147
1317,17.484,210.24,8.0,49.3093
1318,17.3767,210.677,7.06667,49.312
1319,17.2647,210.485,7.0,49.2613
1320,17.1193,210.304,7.0,49.192
1321,17.0067,210.347,7.0,49.248
1322,16.912,210.656,7.0,49.24
1323,16.8433,210.773,7.0,49.2
1324,16.7447,211.925,7.0,49.1067
1325,16.6733,212.331,7.0,49.0293
1326,16.5927,211.936,7.73333,48.944
1327,16.5613,212.341,8.0,48.824
1328,16.55,212.288,8.2,48.6933
1329,16.5607,212.555,9.26667,48.5093
1330,16.618,212.757,10.0,48.288
1331,16.694,211.424,10.3333,47.912
1332,16.7993,211.819,11.0,47.6053
1333,16.9193,212.992,11.0,47.3173
1334,17.054,211.019,12.0,46.9733
1335,17.2667,210.965,14.0,46.688
1336,17.46,209.824,14.5333,46.448
1337,17.72,209.205,15.0,46.3093
1338,17.964,208.597,16.0667,46.2187
1339,18.2267,208.064,17.0,46.2133
1340,18.4733,208.619,17.0,46.1867
1341,18.7293,208.832,17.0,46.1547
1342,18.9653,210.165,17.9333,46.0773
1343,19.2027,210.592,18.0,46.0773
1344,19.442,210.293,18.0,46.0293
1345,19.7413,217.003,18.0,45.6827
1346,20.062,216.992,18.0,45.576
1347,20.3,212.597,18.1333,45.496
1348,20.5147,209.707,19.0,45.8187
1349,20.6667,210.08,19.0,46.0427
1350,20.82,208.928,18.6,46.1733
1351,21.0107,208.896,18.0667,46.0613
1352,21.2133,209.056,18.0,46.072
1353,21.3787,209.056,18.0,46.1387
1354,21.5347,209.931,18.0,46.1733
1355,21.6947,209.675,18.0,46.1173
1356,21.8267,209.472,18.0,46.3813
1357,21.896,209.44,18.0,46.3227
1358,21.964,209.6,18.0,46.712
1359,22.0373,210.123,18.0,46.728
1360,22.0547,210.56,18.0,46.8693
1361,22.0693,210.859,18.0,47.136
1362,22.0507,210.453,18.0,47.3947
1363,22.012,210.528,17.8667,47.5307
1364,21.8867,210.368,17.2,47.4267
1365,21.7733,209.941,17.0,47.8053
1366,21.6507,209.867,16.0667,47.7733
1367,21.4973,209.984,16.0,47.9413
1368,21.36,209.941,16.0,48.312
1369,21.208,211.371,16.0,48.616
1370,21.0733,210.965,16.0,48.6613
1371,20.928,211.563,16.0,49.5733
1372,20.788,212.523,15.4667,50.92
1373,20.6067,214.091,15.0,52.272
1374,20.452,214.443,15.0,52.84
1375,20.2707,214.549,15.0,52.9733
1376,20.1107,216.011,14.4,52.8933
1377,19.966,216.512,14.0,52.7147
1378,19.78,218.293,14.0,53.4827
1379,19.6267,217.899,14.0,54.1547
1380,19.4767,217.995,14.0,54.5813
1381,19.314,219.851,14.0,54.3813
1382,19.186,220.448,14.0,53.5307
1383,19.0833,220.512,14.0,52.416
1384,18.9327,221.323,12.9333,52.0347
1385,18.7867,221.344,12.0,52.128
1386,18.6273,219.072,11.2667,51.9093
1387,18.524,219.392,11.0,51.7867
1388,18.3647,217.824,11.0,51.8747
1389,18.1967,217.717,10.0667,51.6053
1390,18.0573,215.584,10.0,51.3653
1391,17.8827,215.552,10.7333,51.4133
1392,17.7493,214.987,11.0,51.3627
1393,17.6173,213.312,10.4667,51.28
1394,17.4907,213.675,10.0,51.368
1395,17.3687,213.067,10.0,51.256
1396,17.246,212.245,10.0,50.952
1397,17.068,213.141,10.0,51.168
1398,16.9453,211.531,10.0,50.9253
1399,16.84,212.021,10.0,50.672
1400,16.7027,211.627,9.46667,50.6293
1401,16.5487,212.352,8.46667,50.784
1402,16.4287,212.021,8.0,51.008
1403,16.3027,211.435,8.0,51.2693
1404,16.1813,210.795,8.0,51.4133
1405,16.0613,211.659,8.0,51.6427
1406,15.9187,211.947,8.0,51.856
1407,15.8,211.947,8.0,51.6427
1408,15.698,210.699,8.0,51.2347
1409,15.62,211.019,8.0,51.2133
1410,15.5053,210.837,8.0,51.3067
1411,15.3773,210.443,8.0,51.064
1412,15.3087,210.56,8.0,50.9467
1413,15.1913,210.517,8.0,50.8827
1414,15.116,209.963,8.0,50.7627
1415,15.0173,210.347,8.0,50.672
1416,14.9153,211.456,8.0,50.7333
1417,14.79,212.107,8.0,50.6853
1418,14.7353,213.227,8.0,50.616
1419,14.65,213.995,8.0,50.56
1420,14.6067,214.485,8.0,50.4213
1421,14.59,213.6,8.0,50.2587
1422,14.61,213.184,8.0,50.1413
1423,14.65,212.608,8.0,50.032
1424,14.7347,211.701,8.93333,49.816
1425,14.8073,212.213,9.0,49.7653
1426,14.9467,212.896,10.4667,49.9093
1427,15.1133,214.677,11.3333,49.144
1428,15.318,216.085,12.0,48.5627
1429,15.566,216.907,14.8,48.2827
1430,15.8353,217.984,15.0,48.264
1431,16.1353,216.885,15.0,47.96
1432,16.4247,215.936,15.7333,47.5387
1433,16.7027,214.848,16.0,47.0987
1434,17.0213,213.621,17.8667,46.6773
1435,17.3387,212.896,18.0,46.3493
1436,17.6527,211.904,18.0,46.0667
1437,17.9773,211.371,18.0,46.0613
1438,18.3967,213.269,18.0,45.3973
1439,18.8013,211.499,18.3333,45.264
1440,19.108,210.421,19.0,45.9947
1441,19.4453,210.464,19.0,45.3947
1442,19.7153,210.251,19.0,45.1333
1443,19.9867,210.443,19.0,45.5013
1444,20.1827,210.72,19.0,45.536
1445,20.3727,210.176,19.0,45.8213
1446,20.6133,210.869,19.0,45.3973
1447,20.8907,210.645,19.0,45.2933
1448,21.2333,214.485,19.0,44.936
1449,22.22,236.107,19.0,44.5307
1450,23.004,303.104,19.0,43.016
1451,23.4787,312.203,19.0,42.9227
1452,23.48,287.243,19.0,42.8933
1453,23.1387,252.352,19.0,43.4187
1454,23.012,231.925,19.0,43.4507
1455,22.972,220.352,19.0,43.5413
1456,23.0093,215.979,19.0,44.2987
1457,23.18,215.115,19.0,44.5813
1458,23.224,213.739,19.0,44.3333
1459,23.212,213.024,19.0,44.3467
1460,23.196,213.131,19.0,44.496
1461,23.132,212.213,19.0,44.1013
1462,23.056,212.235,19.0,43.136
1463,22.98,212.725,19.0,42.776
1464,22.888,212.843,18.0667,42.3413
1465,22.804,212.779,18.0,42.2613
1466,22.696,212.149,18.0,42.5467
1467,22.5907,212.832,18.0,43.232
1468,22.4933,213.621,17.6667,43.6987
1469,22.3813,214.304,16.2667,44.1973
1470,22.2733,214.208,16.0,44.7013
1471,22.1787,215.147,16.0,45.0987
1472,22.0613,215.477,15.4667,45.4347
1473,21.964,215.893,15.0,45.7147
1474,21.86,216.107,15.0,45.832
1475,21.7507,216.789,15.0,45.872
1476,21.628,217.152,14.2667,46.0027
1477,21.5147,216.363,14.0,46.0907
1478,21.4187,216.704,14.0,45.976
1479,21.3,219.243,13.2667,45.9413
1480,21.1707,219.424,13.0,46.2
1481,21.0427,220.053,13.0,45.936
1482,20.9053,219.488,13.0,46.0453
1483,20.7907,218.475,13.0,45.8773
1484,20.6773,218.955,11.1333,45.6907
1485,20.5413,217.269,11.0,45.4373
1486,20.4173,216.245,11.0,45.304
1487,20.2847,215.584,11.0,45.1707
1488,20.162,214.123,10.8667,45.0373
1489,20.0467,214.016,10.0,44.9893
1490,19.908,213.685,10.0,44.9093
1491,19.7873,212.757,9.86667,44.768
1492,19.664,214.464,9.0,44.784
1493,19.5233,213.056,9.0,44.832
1494,19.388,214.176,9.0,44.6933
1495,19.2713,213.184,9.0,44.5307
1496,19.1433,212.459,9.73333,44.672
1497,19.012,213.301,9.66667,44.48
1498,18.8933,212.789,9.0,44.5067
1499,18.7853,212.043,9.0,44.4533
1500,18.6533,212.384,9.0,44.4373
1501,18.55,211.648,9.0,44.392
1502,18.4207,211.456,9.0,44.3867
1503,18.2967,211.104,9.0,44.3067
1504,18.1833,212.373,9.0,44.3893
1505,18.0573,211.765,9.0,44.3947
1506,17.9407,210.965,9.0,44.3493
1507,17.8267,210.869,8.86667,44.3973
1508,17.7193,210.965,8.0,44.3147
1509,17.5993,210.56,8.0,44.4293
1510,17.4813,210.603,8.0,44.4267
1511,17.3887,210.859,8.0,44.216
1512,17.2927,210.837,8.0,44.232
1513,17.1633,212.779,8.0,44.2293
1514,17.058,213.205,8.0,44.2027
1515,16.9627,215.573,7.86667,44.216
1516,16.908,214.741,7.0,44.1413
1517,16.8433,214.923,7.13333,44.112
1518,16.7927,214.485,8.0,44.016
1519,16.776,214.379,8.0,43.9067
1520,16.768,214.464,8.93333,43.7787
1521,16.8,214.496,9.0,43.5813
1522,16.8673,214.08,9.0,43.352
1523,16.9373,214.507,9.0,43.0507
1524,17.0393,213.611,11.8,42.776
1525,17.1887,213.899,12.0,42.472
1526,17.3793,212.597,12.0,42.184
1527,17.5847,211.701,13.6667,41.9093
1528,17.8167,211.765,17.0,41.6827
1529,18.0853,211.531,17.0,41.48
1530,18.3633,211.051,17.0,41.3653
1531,18.6467,211.947,17.2667,41.1253
1532,18.9227,212.416,19.0,40.968
1533,19.2113,212.192,19.0,40.944
1534,19.4947,212.725,19.0,40.9733
1535,19.7773,212.224,19.0,40.952
1536,20.062,212.832,19.0,40.9667
1537,20.3267,212.128,19.5333,40.8587
1538,20.5987,212.107,20.0,40.868
1539,20.8373,211.595,20.0,40.816
1540,21.1013,211.371,20.0,40.912
1541,21.36,210.933,20.0,40.6627
1542,21.6107,211.413,20.0,40.5107
1543,21.852,210.475,20.0,40.4987
1544,22.0733,211.04,20.0,40.3213
1545,22.2907,211.157,20.0,40.268
1546,22.5027,211.232,20.0,40.1947
1547,22.708,211.285,20.7333,40.1333
1548,22.8987,210.965,21.0,40.2133
1549,23.0453,211.2,21.0,40.204
1550,23.1933,210.539,21.0,40.216
1551,23.304,210.549,21.0,40.1987
1552,23.3893,210.656,21.0,40.1027
1553,23.452,210.507,21.0,40.0147
1554,23.508,210.24,21.0,40.0187
1555,23.5187,210.219,21.0,39.3347
1556,23.512,209.952,20.4667,38.5107
1557,23.464,209.312,20.0,37.724
1558,23.4067,209.184,20.0,37.408
1559,23.3707,208.992,20.0,37.064
1560,23.296,208.715,20.0,36.6827
1561,23.2267,208.736,20.0,36.5467
1562,23.18,208.992,20.0,36.9987
1563,23.084,210.187,20.0,37.716
1564,22.992,210.229,19.0667,38.4973
1565,22.9053,211.179,19.0,39.2267
1566,22.8307,210.933,19.0,39.6053
1567,22.7347,210.848,18.6,40.08
1568,22.6467,212.021,19.0,40.388
1569,22.5413,212.971,19.0,40.7107
1570,22.432,213.483,19.0,40.9107
1571,22.3293,214.443,19.0,41.024
1572,22.216,215.979,19.0,41.0747
1573,22.104,215.456,19.0,40.992
1574,21.9733,216.437,19.0,40.7707
1575,21.84,216.267,19.0,40.6307
1576,21.7053,215.925,19.0,40.544
1577,21.5613,215.243,15.2667,40.272
1578,21.4453,214.635,12.0,40.2987
1579,21.304,214.251,11.4,40.192
1580,21.1533,213.131,11.0,39.5987
1581,21.0227,213.621,10.6,39.404
1582,20.88,212.928,10.1333,39.4307
1583,20.7573,213.376,10.0,39.3347
1584,20.6387,213.387,10.0,39.3093
1585,20.5133,212.491,10.0,39.2813
1586,20.38,211.893,9.66667,39.2427
1587,20.246,211.147,9.0,38.8853
1588,20.1253,209.312,9.0,38.9747
1589,20.002,209.312,9.73333,38.6867
1590,19.88,209.248,10.0,38.724
1591,19.7573,208.96,9.8,38.6373
1592,19.6347,208.907,9.0,38.5893
1593,19.5233,208.757,9.0,38.536
1594,19.3947,208.341,9.0,38.5
1595,19.2787,208.192,8.86667,38.3973
1596,19.1787,207.808,8.13333,38.4973
1597,19.05,207.957,8.0,38.5333
1598,18.936,208.171,8.0,38.6
1599,18.8333,208.64,8.0,38.708
1600,18.7053,208.779,8.0,38.7627
1601,18.6073,209.024,8.0,38.7853
1602,18.5047,208.427,8.0,38.8427
1603,18.3767,208.48,7.86667,38.884
1604,18.27,209.024,7.0,38.912
1605,18.136,208.213,7.0,38.9613
1606,18.0247,208.907,7.0,38.9667
1607,17.8973,209.6,7.0,39.036
1608,17.792,210.443,7.0,39.116
1609,17.674,213.109,7.0,39.1493
1610,17.562,213.653,7.0,39.204
1611,17.472,214.496,7.0,39.248
1612,17.384,216.032,7.0,39.236
1613,17.3167,216.0,7.53333,39.2
1614,17.2833,216.053,8.0,39.1267
1615,17.2593,216.331,8.0,39.0
1616,17.262,215.712,9.86667,38.86
1617,17.31,215.285,10.0,38.6627
1618,17.3547,214.933,10.0,38.4547
1619,17.454,214.219,11.8667,38.1733
1620,17.5773,214.709,13.8667,37.9413
1621,17.752,214.293,14.0,37.6667
1622,17.968,213.387,16.2,37.384
1623,18.2227,213.227,17.2,37.14
1624,18.4813,212.565,19.0,36.9493
1625,18.7493,212.32,19.6667,36.8013
1626,19.0393,211.883,21.0,36.6933
1627,19.368,211.595,21.3333,36.5467
1628,19.7013,211.509,22.0,36.36
1629,20.0213,212.149,22.1333,36.2747
1630,20.354,211.819,22.8,36.12
1631,20.6787,211.691,23.1333,36.0627
1632,21.056,214.272,23.8667,35.4853
1633,21.428,220.341,24.6667,35.56
1634,21.736,218.933,25.0,35.6347
1635,22.0507,217.6,25.0,35.7507
1636,22.3613,217.291,25.0,35.784
1637,22.6827,216.757,25.0,35.6907
1638,22.9733,217.024,25.0,35.796
1639,23.2707,215.68,25.0,35.896
1640,23.5427,214.635,25.0,35.8093
1641,23.8307,214.667,25.0,35.6973
1642,24.0853,213.451,25.0,35.648
1643,24.3333,214.379,25.0,35.6987
1644,24.5693,213.28,25.0,35.74
1645,24.776,213.333,25.1333,35.524
1646,24.9787,212.416,26.0,35.3293
1647,25.1347,212.736,25.8667,35.1667
1648,25.2653,213.376,25.0,34.9653
1649,25.392,212.117,25.0,34.6653
1650,25.4693,212.075,25.0,34.3147
1651,25.5147,211.851,25.0,33.92
1652,25.54,211.616,25.0,33.5707
1653,25.528,212.352,24.2667,33.0467
1654,25.5107,212.832,24.0,32.752
1655,25.4867,212.181,24.0,32.024
1656,25.432,212.117,24.0,32.1293
1657,25.3613,211.68,24.0,32.3027
1658,25.3,211.413,23.4667,32.5027
1659,25.2173,212.075,23.0,32.836
1660,25.1427,212.224,22.4667,33.2187
1661,25.072,212.277,22.0,33.3707
1662,24.992,212.843,21.2667,33.6547
1663,24.916,214.336,20.4667,33.8667
1664,24.8373,216.928,20.0,34.0587
1665,24.76,219.488,20.0,34.3067
1666,24.6493,220.928,20.0,34.32
1667,24.56,219.701,20.0,34.348
1668,24.4853,219.179,17.2,34.5013
1669,24.38,221.067,17.0,34.6173
1670,24.2813,220.789,16.4667,34.7333
1671,24.1707,220.256,16.0,34.3307
1672,24.0587,222.005,16.0,34.36
1673,23.9547,221.259,16.0,34.428
1674,23.8613,220.885,15.0667,34.4667
1675,23.74,222.485,15.0,34.5653
1676,23.6227,224.139,14.0667,34.7547
1677,23.5173,222.432,14.0,34.776
1678,23.4027,223.189,14.0,34.8507
1679,23.308,222.293,14.3333,34.98
1680,23.1947,220.853,15.0,35.0707
1681,23.0773,220.789,15.0,35.0907
1682,22.9613,219.307,15.0,35.2133
1683,22.8347,219.883,15.0,35.296
1684,22.7187,219.413,14.2667,35.2933
1685,22.5787,218.048,14.0,35.3907
1686,22.4573,218.112,13.7333,35.42
1687,22.32,217.525,13.2,35.504
1688,22.184,216.619,13.0,35.576
1689,22.0653,216.619,13.0,35.6107
1690,21.916,216.064,13.0,35.6373
1691,21.8053,215.125,12.7333,35.6773
1692,21.6867,214.517,12.0,35.6707
1693,21.56,212.907,12.0,35.6453
1694,21.4347,213.205,11.2667,35.64
1695,21.304,212.64,11.0,35.656
1696,21.1867,212.341,11.0,35.68
1697,21.0693,213.899,11.0,35.7827
1698,20.92,213.568,10.0667,35.86
1699,20.7973,213.643,10.0,35.936
1700,20.6973,213.909,11.8667,35.96
1701,20.5653,214.144,12.0,35.996
1702,20.4733,214.357,11.4667,36.04
1703,20.3527,213.728,10.2667,36.08
1704,20.2347,213.675,10.0,36.1253
1705,20.136,215.125,10.1333,36.1333
1706,20.0267,214.24,11.0,36.12
1707,19.9367,214.112,11.3333,36.088
1708,19.8533,213.707,12.0,36.056
1709,19.7747,214.229,12.0,36.044
1710,19.7373,214.283,12.0,35.9813
1711,19.7207,214.261,12.0,35.892
1712,19.7433,214.187,12.4667,35.7573
1713,19.76,213.536,13.9333,35.6213
1714,19.8247,211.424,15.0,35.4493
1715,19.9073,212.075,15.5333,35.2627
1716,20.0367,212.117,16.0,35.056
1717,20.1653,211.979,16.6667,34.8533
1718,20.338,212.288,18.0,34.6427
1719,20.544,212.661,18.0,34.46
1720,20.7507,212.885,18.7333,34.2867
1721,20.984,212.747,19.0,34.192
1722,21.2213,213.568,20.4667,34.14
1723,21.4533,213.547,21.0,34.116
1724,21.712,213.888,21.0,34.1
1725,21.944,213.557,21.5333,34.076
1726,22.1933,213.643,22.0,34.0267
1727,22.488,213.344,22.7333,33.92
1728,22.7773,213.355,23.0,33.9173
1729,22.9893,213.088,23.0,33.9013
1730,23.1693,211.808,23.0,33.7693
1731,23.3147,211.936,23.0,33.9827
1732,23.4813,211.829,23.7333,34.2587
1733,23.628,211.648,24.0,34.3893
1734,23.724,210.667,23.4667,34.5053
1735,23.8,210.677,23.0,34.3373
1736,23.852,210.539,23.0,34.4973
1737,23.912,210.133,22.8667,34.6613
1738,23.9667,210.731,22.0,34.928
1739,24.008,210.976,21.6667,35.0173
1740,24.0347,211.029,21.0,35.2453
1741,24.0613,210.699,21.0,35.4947
1742,24.0773,210.368,21.0,35.6053
1743,24.0987,208.992,20.7333,35.6107
1744,24.0827,209.248,19.0,35.624
1745,24.0747,209.056,19.0,35.76
1746,24.0467,208.725,19.0,35.9507
1747,24.032,208.288,19.0,36.0973
1748,23.9787,208.064,19.0,36.18
1749,23.9373,208.992,19.0,36.316
1750,23.9,208.448,19.0,36.384
1751,23.8453,207.637,18.8667,36.408
1752,23.7853,207.616,18.0,36.4747
1753,23.736,207.68,18.0,36.5613
1754,23.648,208.32,18.0,36.6827
1755,23.5893,208.544,18.0,36.7507
1756,23.508,208.715,18.0,36.8813
1757,23.4173,208.331,18.0,36.948
1758,23.364,209.216,18.0,36.984
1759,23.276,209.184,18.0,37.0827
1760,23.2053,209.408,18.0,37.1853
1761,23.1173,209.408,17.8667,37.228
1762,23.0107,209.824,17.0,37.224
1763,22.9213,210.784,15.5333,37.392
1764,22.832,210.816,15.0,37.42
1765,22.7133,211.061,14.4667,37.56
1766,22.62,211.072,14.0,37.7147
1767,22.508,211.019,14.0,37.792
1768,22.4053,213.397,13.2667,37.7653
1769,22.2853,214.165,13.0,37.6427
1770,22.1667,214.037,13.0,37.716
1771,22.0573,215.093,13.0,37.668
1772,21.9373,215.968,13.0,37.5573
1773,21.832,215.979,12.7333,37.492
1774,21.72,216.405,12.0,37.472
1775,21.576,219.189,12.0,37.496
1776,21.4413,223.285,12.0,37.5613
1777,21.3093,222.037,12.0,37.616
1778,21.1667,220.48,11.0,37.584
1779,21.0347,219.221,11.0,37.556
1780,20.8773,219.083,11.0,37.4347
1781,20.736,217.845,11.0,37.456
1782,20.616,216.469,11.0,37.476
1783,20.498,216.139,10.6667,37.52
1784,20.3627,215.424,10.0,37.5693
1785,20.2353,216.352,10.0,37.6
1786,20.0933,214.613,10.0,37.604
1787,19.972,213.024,9.4,37.5987
1788,19.8267,213.963,9.0,37.56
1789,19.698,213.589,9.13333,37.5893
1790,19.5833,212.736,9.73333,37.5987
1791,19.4593,211.904,10.0,37.66
1792,19.3427,211.765,10.0,37.6947
1793,19.242,211.637,10.0,37.712
1794,19.1147,212.043,10.0,37.7253
1795,18.9913,211.221,9.53333,37.72
1796,18.89,213.269,9.0,37.744
1797,18.7667,213.771,9.0,37.796
1798,18.6647,212.779,9.93333,37.82
1799,18.5607,215.275,10.0,37.864
1800,18.4573,214.219,10.0,37.888
1801,18.3393,213.739,10.0,37.8987
1802,18.238,214.763,9.06667,37.8933
1803,18.1567,215.189,9.0,37.896
1804,18.0727,215.563,9.0,37.86
1805,17.99,215.104,9.26667,37.7827
1806,17.9527,215.296,10.0,37.6907
1807,17.9313,214.293,10.0,37.688
1808,17.9733,213.472,10.8,37.4773
1809,18.01,211.829,11.0,37.3093
1810,18.0873,210.069,11.7333,37.096
1811,18.204,210.283,13.0667,36.8787
1812,18.346,210.176,14.0,36.7093
1813,18.4893,210.389,15.8667,36.4453
1814,18.6927,211.36,16.0,36.268
1815,18.8993,211.328,16.2667,36.136
1816,19.1253,210.635,18.0,35.9813
1817,19.364,210.485,18.0,35.9627
1818,19.6007,210.699,18.0,36.0227
1819,19.8793,211.712,18.7333,36.1
1820,20.132,210.453,19.0,36.1427
1821,20.386,210.027,19.0,36.2613
1822,20.652,209.6,19.0,36.396
1823,20.9027,209.664,19.3333,36.6133
1824,21.1853,209.824,20.0,36.856
1825,21.4533,210.464,20.0,37.0453
1826,21.7173,210.112,20.0,37.36
1827,21.9627,210.421,20.0,37.712
1828,22.1787,209.899,21.4667,37.9253
1829,22.4333,209.867,20.9333,38.1293
1830,22.6347,209.696,20.0,38.2867
1831,22.8507,209.248,20.0,38.424
1832,23.056,209.6,20.0,38.6
1833,23.256,209.824,20.0,38.6987
1834,23.42,209.088,20.4667,38.8507
1835,23.5947,209.643,20.9333,39.0387
1836,23.748,209.696,20.0667,39.1893
1837,23.9027,209.216,20.7333,39.2947
1838,24.0373,208.96,21.0,39.524
1839,24.152,208.533,20.3333,39.7427
1840,24.224,208.768,19.0,40.0013
1841,24.2533,209.12,19.0,40.2573
1842,24.272,208.544,19.0,40.3653
1843,24.284,208.832,19.0,40.6627
1844,24.2733,208.885,19.0,40.9227
1845,24.2507,208.352,19.0,41.2067
1846,24.1973,207.989,18.4667,41.648
1847,24.152,208.203,18.0,41.9733
1848,24.0933,207.787,18.0,42.1147
1849,24.016,208.171,18.0,42.384
1850,23.944,208.693,18.0,42.384
1851,23.856,208.053,18.0,42.4693
1852,23.7467,208.128,18.0,42.8987
1853,23.636,208.811,18.0,43.336
1854,23.5293,208.555,17.2667,43.4933
1855,23.4227,208.619,16.4667,43.8027
1856,23.3347,208.992,16.0,43.9093
1857,23.2373,209.515,15.8667,44.4613
1858,23.1427,209.408,15.0,44.3813
1859,23.0307,209.6,15.0,44.5333
1860,22.928,209.92,15.0,44.392
1861,22.8213,210.165,15.0,44.8027
1862,22.716,210.08,15.0,44.7467
1863,22.5933,209.557,15.0,44.8027
1864,22.4933,209.899,15.0,44.7067
1865,22.372,209.792,15.0,44.5653
1866,22.2533,209.472,15.0,44.888
1867,22.156,209.312,15.0,45.1227
1868,22.0493,210.08,14.0667,44.8453
1869,21.9307,209.824,14.0,44.384
1870,21.8413,210.24,14.0,44.68
1871,21.732,211.52,14.0,44.56
1872,21.62,211.125,14.0,44.7787
1873,21.5187,210.741,14.0,44.8613
1874,21.4147,212.117,14.0,45.072
1875,21.3107,211.189,14.0,45.0907
1876,21.188,211.744,14.0,44.928
1877,21.084,212.811,14.0,45.0293
1878,20.992,212.949,13.4,45.096
1879,20.8867,212.395,13.0,44.944
1880,20.7893,212.981,12.3333,45.1627
1881,20.712,213.547,12.0,45.312
1882,20.632,212.789,12.0,45.2427
1883,20.5627,211.381,12.0,45.2587
1884,20.4947,211.467,12.0,45.232
1885,20.4067,211.723,12.3333,45.2107
1886,20.3433,211.541,13.0,45.3493
1887,20.2587,211.595,13.0,45.504
1888,20.1833,211.851,13.0,45.4133
1889,20.138,212.565,13.1333,45.4853
1890,20.08,212.864,14.0,45.8373
1891,20.0267,213.44,14.0,45.9547
1892,19.958,213.28,14.0,46.0773
1893,19.89,213.173,13.8667,46.008
1894,19.8393,213.259,13.0,46.1573
1895,19.7713,213.845,12.6667,46.3067
1896,19.698,213.557,12.0,46.624
1897,19.6467,213.568,12.0,47.0693
1898,19.5827,214.091,12.0,46.9013
1899,19.5267,213.312,12.0,47.024
1900,19.476,213.6,12.0,46.8853
1901,19.4147,213.333,12.0,46.624
1902,19.3933,212.629,12.0,46.5973
1903,19.3633,211.989,12.0,46.6933
1904,19.3633,211.584,12.0,46.76
1905,19.37,210.091,12.3333,46.6507
1906,19.3967,209.44,13.0,46.7493
1907,19.4567,209.067,13.1333,46.6373
1908,19.568,213.301,14.0,47.2827
1909,19.5787,213.856,14.0,47.16
1910,19.6567,211.616,14.9333,47.0213
1911,19.6593,209.227,15.5333,47.776
1912,19.8713,208.032,16.0,46.9973
1913,19.9707,209.12,16.5333,46.608
1914,19.996,209.632,17.0,47.1787
1915,20.1353,209.536,16.6667,47.5493
1916,20.2933,208.928,16.0,48.4267
1917,20.3153,207.744,16.0,49.4267
1918,20.412,207.648,16.9333,49.864
1919,20.6547,208.117,17.0,48.1893
1920,20.8867,207.712,17.0,48.2373
1921,20.888,206.933,17.0,50.1253
1922,20.9,207.04,17.0,51.3307
1923,20.9253,204.939,17.7333,50.9013
1924,21.0867,204.395,18.0,51.1413
1925,21.14,204.8,18.0,52.4053
1926,21.1747,204.427,18.0,54.6373
1927,21.208,204.992,18.0,54.288
1928,21.2147,204.853,17.2667,54.064
1929,21.256,205.088,17.0,54.464
1930,21.2373,205.28,17.0,56.2667
1931,21.232,206.485,17.0,55.76
1932,21.2293,206.261,17.0,57.0
1933,21.204,205.12,17.0,57.5227
1934,21.128,205.792,17.0,58.712
1935,21.18,205.045,17.0,58.8933
1936,21.14,204.576,17.0,58.088
1937,21.0773,205.28,17.0,57.8853
1938,21.0413,204.96,17.0,57.6613
1939,21.016,205.291,17.0,58.136
1940,21.1693,206.187,17.0,54.6613
1941,21.304,205.173,17.0,53.3947
1942,21.352,205.269,17.0,53.2507
1943,21.3547,205.856,16.8667,53.2453
1944,21.348,205.355,16.0,53.368
1945,21.304,204.683,16.0,53.608
1946,21.268,205.013,16.0,53.9467
1947,21.2267,205.056,16.0,54.6693
1948,21.192,205.867,16.0,55.1653
1949,21.144,207.029,15.8667,55.6293
1950,21.072,207.285,15.0,55.7013
1951,21.0467,207.232,15.0,56.136
1952,20.988,207.36,15.0,55.96
1953,20.9227,207.296,15.0,55.9013
1954,20.8867,206.795,15.0,55.616
1955,20.832,207.264,15.0,55.0853
1956,20.7733,207.915,15.0,55.888
1957,20.7173,208.299,15.0,55.8667
1958,20.6707,208.16,15.0,55.8507
1959,20.624,207.797,15.0,56.312
1960,20.5667,207.2,15.0,56.2187
1961,20.5147,207.168,15.0,56.096
1962,20.4767,208.096,15.0,56.312
1963,20.4133,207.424,15.0,56.392
1964,20.3767,207.851,15.0,56.3147
1965,20.3267,207.531,15.0,56.0507
1966,20.2667,207.392,15.0,55.4453
1967,20.22,207.253,14.8667,55.5093
1968,20.1767,208.437,14.0,55.536
1969,20.1073,208.309,14.0,55.704
1970,20.0633,208.853,14.0,56.0773
1971,19.9987,209.12,14.0,56.48
1972,19.9353,208.96,14.0,56.0933
1973,19.8733,208.992,13.8667,56.304
1974,19.8027,209.888,13.0,56.1573
1975,19.7307,209.088,13.0,55.872
1976,19.6627,209.184,13.0,56.2027
1977,19.5793,209.6,13.0,55.9093
1978,19.5067,210.763,13.0,56.1867
1979,19.4193,211.211,13.0,55.944
1980,19.3467,211.189,13.0,55.8453
1981,19.2747,212.533,13.0,55.7867
1982,19.1933,211.893,13.0,55.8453
1983,19.118,210.773,13.0,55.6213
1984,19.05,210.539,13.0,55.744
1985,18.9853,211.2,13.0,55.8587
1986,18.9273,211.584,13.0,55.9733
1987,18.8633,211.915,13.0,55.9333
1988,18.83,210.955,13.0,55.9333
1989,18.7787,211.595,13.0,56.0373
1990,18.718,212.139,13.0,56.1093
1991,18.668,212.405,13.0,56.2347
1992,18.626,213.013,13.0,56.3627
1993,18.5807,214.667,13.0,56.5093
1994,18.544,215.872,13.9333,56.6907
1995,18.51,215.136,14.0,56.784
1996,18.496,215.573,14.0,56.8853
1997,18.4687,215.445,14.0,56.952
1998,18.4653,215.253,14.0,56.9787
1999,18.5033,216.299,14.0667,56.632
2000,18.5033,216.096,14.5333,55.736
2001,18.5273,216.267,15.0,55.992
2002,18.5733,215.595,15.0,56.168
2003,18.626,214.421,15.0,55.5573
2004,18.668,213.952,15.0,55.224
2005,18.7513,215.371,15.0,54.6267
2006,18.8467,213.451,15.0,54.472
2007,18.9807,212.437,15.0,54.08
2008,19.0887,210.773,16.8667,53.872
2009,19.24,213.035,17.4,53.992
2010,19.466,213.045,17.7333,53.736
2011,19.648,212.405,18.0,53.44
2012,19.894,212.832,18.0,53.3307
2013,20.162,223.627,18.5333,53.352
2014,20.34,233.675,19.0,53.4667
2015,20.6133,236.949,19.0,53.2427
2016,20.7787,233.707,19.0,53.3173
2017,20.9173,230.752,19.0,53.664
2018,21.1187,225.856,19.7333,53.8507
2019,21.3427,220.811,20.2667,53.816
2020,21.46,216.768,21.6,53.9627
2021,21.5573,214.528,22.0,54.0293
2022,21.6773,212.064,20.9333,54.0107
2023,21.804,210.987,19.4667,54.1547
2024,22.0013,211.339,19.0,54.1093
2025,22.164,209.995,19.0,54.1227
2026,22.184,209.749,19.0,54.1813
2027,22.212,209.408,18.4667,54.424
2028,22.2173,209.152,18.0,54.5253
2029,22.2027,208.832,18.0,54.7813
2030,22.164,209.472,17.0667,55.504
2031,22.128,209.344,16.2667,56.192
2032,22.0973,208.864,16.0,56.4453
2033,22.0773,208.725,16.0,56.5253
2034,22.0747,208.288,16.9333,56.5707
2035,22.104,208.043,17.0,56.68
2036,22.088,208.224,17.0,56.552
2037,22.0613,208.0,17.5333,56.6347
2038,22.024,208.096,18.0,56.72
2039,21.992,208.565,18.0,56.8693
2040,21.988,216.672,18.0,58.2853
2041,21.872,217.099,18.0,58.592
2042,21.84,218.656,17.0667,58.152
2043,21.788,215.243,17.0,58.008
2044,21.704,213.877,17.0,58.1093
2045,21.64,213.611,17.0,58.0613
2046,21.564,213.344,17.0,58.136
2047,21.488,212.011,16.6667,58.0987
2048,21.4147,211.093,16.0,58.144
2049,21.312,211.68,16.0,58.136
2050,21.24,211.264,15.2667,58.1413
2051,21.152,210.827,15.0,57.928
2052,21.0573,211.381,15.0,57.9307
2053,20.988,211.477,15.0,58.1467
2054,20.8973,211.595,15.0,58.1173
2055,20.844,211.147,15.0,58.0533
2056,20.7507,211.723,15.0,57.9307
2057,20.692,212.853,15.0,57.872
2058,20.632,212.149,15.0,57.8053
2059,20.56,210.901,15.0,57.7493
2060,20.4887,210.144,14.2,57.6053
2061,20.4233,210.539,14.0,57.4667
2062,20.3433,210.133,14.0,57.3333
2063,20.2667,209.952,14.0,57.224
2064,20.2067,211.147,14.0,57.184
2065,20.1333,212.096,14.0,57.112
2066,20.0633,211.701,14.0,57.1307
2067,20.006,211.317,14.0,57.16
2068,19.932,210.72,14.0,57.1627
2069,19.8667,210.613,14.0,57.1413
2070,19.814,210.976,14.0,57.144
2071,19.7413,212.064,14.0,57.0933
2072,19.69,213.152,14.0,57.072
2073,19.6393,212.096,14.0,57.0133
2074,19.5753,211.083,14.0,57.008
2075,19.5167,210.944,14.0,56.952
2076,19.4427,212.512,14.0,56.9333
2077,19.3867,212.992,14.0,57.0373
2078,19.3333,213.173,14.0,56.9147
2079,19.2713,215.115,14.0,56.9013
2080,19.2133,213.909,14.0,56.984
2081,19.1413,214.912,14.0,56.976
2082,19.0773,214.635,14.0,57.0107
2083,19.0193,214.933,14.0,57.184
2084,18.982,214.208,14.0,57.328
2085,18.934,214.539,14.0,57.2693
2086,18.8867,215.2,14.0,57.368
2087,18.8467,215.232,14.0,57.336
2088,18.8133,217.323,13.2667,57.216
2089,18.76,218.453,13.0,57.3173
2090,18.7133,218.539,13.0,57.352
2091,18.668,218.059,13.0,57.3947
2092,18.6493,218.443,13.0,57.3867
2093,18.6307,218.72,13.0,57.3893
2094,18.6207,219.083,13.0,57.4187
2095,18.6113,219.307,13.3333,57.3253
2096,18.616,220.224,14.0,57.5227
2097,18.6207,218.635,14.0,57.0933
2098,18.6407,217.707,14.0,56.96
2099,18.662,216.235,14.2,56.8907
2100,18.7113,215.787,14.9333,56.576
2101,18.748,215.211,15.0,56.5307
2102,18.81,213.504,15.0,56.4053
2103,18.86,212.373,15.0,56.456
2104,18.9067,212.043,15.3333,56.5893
2105,18.9347,211.84,16.0,56.9147
2106,18.974,212.032,16.0,57.056
2107,18.9993,211.819,16.3333,57.0267
2108,19.0367,209.824,17.0,56.984
2109,19.132,208.704,17.0,57.1067
2110,19.256,208.597,17.0,56.864
2111,19.4167,207.328,17.0,56.3787
2112,19.598,206.923,16.0667,55.936
2113,19.8307,206.848,16.5333,55.5253
2114,20.0547,207.2,17.0,55.3227
2115,20.2293,206.517,17.7333,55.336
2116,20.446,206.016,18.5333,55.408
2117,20.6387,206.251,17.5333,55.3307
2118,20.744,206.165,17.0,55.6187
2119,20.8587,206.624,17.0,55.7813
2120,21.024,206.528,17.0,55.784
2121,21.1813,206.379,17.0,55.9893
2122,21.2813,204.576,17.0,56.176
2123,21.3773,205.173,17.0,56.2427
2124,21.448,205.269,17.0,56.4213
2125,21.46,205.141,16.2667,56.6027
2126,21.448,205.579,15.6667,56.7867
2127,21.4147,205.781,15.0,57.0587
2128,21.3693,206.517,15.0,57.3627
2129,21.3,206.517,15.0,57.7707
2130,21.228,206.187,15.0,58.136
2131,21.144,206.347,14.8,58.4267
2132,21.0653,206.987,14.0667,58.8027
2133,20.988,206.816,14.0,58.9707
2134,20.9013,206.933,14.0,59.216
2135,20.832,206.411,14.0,59.2187
2136,20.7387,207.093,14.0,59.4853
2137,20.664,207.723,14.0,59.5333
2138,20.568,208.117,14.0,59.7173
2139,20.4847,208.096,14.0,59.5813
2140,20.4033,208.683,14.0,59.608
2141,20.2933,208.597,14.0,59.528
2142,20.21,208.203,14.0,59.536
2143,20.1367,208.587,14.0,59.7333
2144,20.0567,208.864,14.0,59.6533
2145,19.9807,208.704,14.0,59.7093
2146,19.89,203.723,14.0,59.472
2147,19.8313,197.696,14.0,59.5653
2148,19.752,196.832,14.0,59.424
2149,19.6787,198.357,14.0,59.3733
2150,19.606,199.029,14.0,59.6453
2151,19.5467,199.435,14.0,59.7147
2152,19.4787,201.035,14.0,59.784
2153,19.4073,201.707,14.0,59.784
2154,19.3467,203.221,14.0,59.8
2155,19.294,203.403,14.0,59.9093
2156,19.2233,204.437,14.0,59.976
2157,19.166,203.509,14.0,60.0133
2158,19.0993,203.061,14.0,60.1173
2159,19.06,204.085,14.0,60.2027
2160,19.006,204.587,14.0,60.1493
2161,18.966,203.424,13.4667,60.0427
2162,18.91,202.731,13.0,60.2933
2163,18.8633,202.176,13.0,60.4107
2164,18.8233,201.536,13.5333,60.4667
2165,18.7927,201.973,14.0,60.584
2166,18.7327,203.029,14.0,60.5947
2167,18.6807,202.176,13.8667,60.5573
2168,18.6513,201.76,13.1333,60.4587
2169,18.6113,201.483,13.0,60.4613
2170,18.5733,201.899,13.6,60.6213
2171,18.538,201.685,13.4667,60.72
2172,18.5133,200.971,13.0,61.08
2173,18.4687,202.869,13.3333,61.1707
2174,18.4273,202.763,14.0,61.0853
2175,18.38,202.389,13.8,61.1947
2176,18.3333,202.421,13.0,61.344
2177,18.302,201.941,13.0,61.3813
2178,18.2467,201.973,13.0,61.4053
2179,18.2,202.176,13.0,61.4853
2180,18.17,202.379,13.0,61.5493
2181,18.1267,204.096,13.0,61.4693
2182,18.0767,204.875,13.0,61.5547
2183,18.0373,205.109,13.0,61.6747
2184,17.9833,205.536,13.0,61.6773
2185,17.942,205.227,13.0,61.7307
2186,17.904,206.144,13.0,61.616
2187,17.8667,206.528,13.0,61.776
2188,17.8433,208.107,13.0,61.7333
2189,17.8167,207.904,12.8667,61.792
2190,17.782,207.328,12.2,61.8267
2191,17.772,207.584,12.0,61.784
2192,17.772,207.829,12.0667,61.8907
2193,17.806,207.84,12.8,61.6853
2194,17.8533,206.965,13.0,60.928
2195,17.922,206.027,13.0,60.048
2196,18.0607,205.323,13.9333,59.4933
2197,18.218,205.205,14.0,59.224
2198,18.4067,205.184,14.9333,59.1333
2199,18.614,205.152,15.1333,58.904
2200,18.812,204.843,15.6,58.8133
2201,19.0213,203.285,16.7333,58.7653
2202,19.1687,203.531,17.0,59.08
2203,19.3413,203.061,17.0,59.2027
2204,19.5873,202.357,17.0,58.9467
2205,19.8653,202.507,17.6667,58.6053
2206,20.1107,201.803,19.0,58.3467
2207,20.3307,201.173,19.0,58.088
2208,20.5453,201.6,19.0,58.512
2209,20.7187,200.715,19.0,58.5413
2210,20.912,200.416,18.4667,58.0533
2211,21.076,200.491,18.2667,57.9573
2212,21.2973,200.437,20.0,57.4053
2213,21.492,199.989,19.2667,58.8133
2214,21.5693,199.573,19.0,59.2187
2215,21.636,198.88,18.2667,58.9413
2216,21.7187,197.579,18.0,59.0533
2217,21.768,197.547,18.0,58.368
2218,21.792,196.608,17.4667,58.3013
2219,21.8493,197.589,17.0,57.976
2220,21.8907,197.547,17.0,58.144
2221,21.976,198.144,17.0,57.9147
2222,22.0373,197.781,17.0,58.0827
2223,22.0813,196.544,17.0,57.7653
2224,22.128,196.117,17.0,57.8053
2225,22.128,195.851,17.0,57.136
2226,22.124,194.965,17.0,57.7413
2227,22.1093,194.581,17.0,58.2693
2228,22.064,194.837,17.0,58.312
2229,22.032,194.88,17.0,58.7253
2230,21.98,194.347,17.0,58.8987
2231,21.9373,193.44,17.0,59.0987
2232,21.8747,194.112,17.0,59.3947
2233,21.816,194.112,17.0,59.6027
2234,21.728,193.109,16.0667,59.872
2235,21.6053,193.792,16.0,59.7707
2236,21.5267,193.376,16.0,59.8853
2237,21.408,194.709,16.0,59.9013
2238,21.2933,195.381,16.0,59.84
2239,21.184,194.539,16.0,59.864
2240,21.0787,194.656,15.4667,59.8827
2241,20.976,195.072,15.0,59.8933
2242,20.8853,194.72,15.0,59.8853
2243,20.7747,194.485,15.0,59.8827
2244,20.688,194.656,14.8667,59.952
2245,20.5853,194.027,14.0,59.8107
2246,20.47,192.075,11.2,59.688
2247,20.3067,192.011,11.0,59.6027
2248,20.168,190.72,11.0,59.5893
2249,20.03,191.413,11.7333,59.5973
2250,19.8867,191.979,12.0,59.696
2251,19.7693,191.808,12.0,59.8
2252,19.6487,191.669,12.0,59.9093
2253,19.534,192.693,12.0,59.9653
2254,19.406,192.704,12.0,60.04
2255,19.3107,192.341,12.0,60.072
2256,19.1967,193.408,12.0,60.1253
2257,19.0887,194.229,12.0,60.1787
2258,18.988,194.549,12.0,60.2587
2259,18.9073,194.293,12.0,60.2747
2260,18.82,194.656,12.0,60.3067
2261,18.72,195.104,12.0,60.3147
2262,18.634,194.944,12.0,60.3947
2263,18.554,194.741,12.0,60.4187
2264,18.486,195.467,12.0,60.464
2265,18.3907,194.859,12.0,60.5307
2266,18.3127,194.859,12.0,60.6187
2267,18.21,194.912,11.9333,60.6347
2268,18.13,195.573,11.0667,60.6507
2269,18.0353,195.413,11.0,60.7387
2270,17.956,194.88,11.0,60.7253
2271,17.8567,195.552,10.8667,60.7653
2272,17.7927,195.776,10.0,60.7413
2273,17.7053,196.021,10.0,60.576
2274,17.6,197.557,10.0,60.5333
2275,17.5273,198.347,10.0,60.5387
2276,17.4493,198.304,10.0,60.592
2277,17.3813,198.421,10.0,60.688
2278,17.3167,198.72,10.0,60.7627
2279,17.2393,198.88,10.0,60.7653
2280,17.1533,198.613,10.0,60.76
2281,17.0647,198.571,10.0,60.816
2282,17.0067,198.795,10.0,60.8133
2283,16.9593,198.592,10.0,60.848
2284,16.924,199.552,9.06667,60.8613
2285,16.874,199.2,9.13333,60.9467
2286,16.84,198.709,9.6,60.96
2287,16.7893,198.069,10.0,60.9893
2288,16.7107,196.363,10.5333,60.9173
2289,16.6467,194.688,10.2667,60.8587
2290,16.5767,194.24,10.0,60.776
2291,16.5067,192.587,10.0,60.7947
2292,16.4547,192.672,9.86667,60.72
2293,16.4367,192.245,9.4,60.5547
2294,16.3753,191.947,9.0,60.5387
2295,16.354,189.909,9.53333,60.3307
2296,16.446,190.4,10.0,59.5467
2297,16.5233,189.931,10.0,59.112
2298,16.55,190.176,10.0,59.0
2299,16.5533,190.123,10.1333,59.3093
2300,16.648,190.101,11.0,59.0507
2301,16.8367,189.941,11.0,58.12
2302,17.0127,190.229,12.4667,57.6213
2303,17.224,190.624,13.7333,57.1653
2304,17.4173,190.848,14.0,56.8453
2305,17.6373,190.816,14.0,56.7467
2306,17.8547,191.008,14.9333,56.1093
2307,18.0793,191.147,15.0,56.0373
2308,18.282,191.211,15.9333,56.0
2309,18.5073,191.147,16.0,55.4507
2310,18.7173,191.477,16.0,55.152
2311,18.934,191.211,16.0,54.9733
2312,19.118,191.467,16.0,54.7067
2313,19.324,191.349,16.3333,54.5547
2314,19.5167,191.488,17.0,54.0907
2315,19.6867,191.648,17.0,53.8987
2316,19.8447,191.989,17.0,52.9573
2317,19.9973,191.893,17.0,53.1227
2318,20.1287,192.267,17.0,52.9227
2319,20.2307,191.403,17.0,53.024
2320,20.3187,190.88,17.0,52.8187
2321,20.38,191.659,17.0,52.2
2322,20.4033,191.317,17.0,52.552
2323,20.41,191.04,17.0,49.872
2324,20.3967,191.264,17.0,49.3387
2325,20.36,190.645,17.0,50.024
2326,20.316,191.285,17.0,49.0347
2327,20.2667,191.04,17.0,48.5973
2328,20.2133,191.765,17.0,48.2027
2329,20.1413,191.413,17.0,48.5093
2330,20.0667,191.072,16.8667,48.5387
2331,20.006,191.008,16.0,48.2027
2332,19.9173,190.976,16.0,48.2027
2333,19.8527,191.595,15.8667,48.1493
2334,19.7653,191.477,15.0,48.1493
2335,19.684,191.349,15.0,48.112
2336,19.598,191.531,14.4667,48.2187
2337,19.5,192.032,13.0667,48.3387
2338,19.4193,191.627,13.0,48.3493
2339,19.3333,192.16,13.0,48.3973
2340,19.2493,192.501,13.0,48.584
2341,19.1473,191.797,13.0,48.4347
2342,19.04,191.371,12.2667,48.5467
2343,18.94,192.149,12.0,48.616
2344,18.85,191.509,11.8,49.1387
2345,18.7487,191.168,11.6667,49.8507
2346,18.6527,191.765,11.4,49.1067
2347,18.55,191.915,11.5333,49.448
2348,18.4487,191.637,11.4667,49.752
2349,18.336,192.0,11.7333,50.088
2350,18.224,192.096,11.6667,50.2613
2351,18.1153,191.691,11.3333,50.4933
2352,17.9967,192.64,11.5333,50.6613
2353,17.8827,192.416,11.9333,50.792
2354,17.7913,192.245,11.6,50.8693
2355,17.67,193.003,11.5333,50.92
2356,17.566,192.939,11.6,51.0613
2357,17.4593,193.749,11.3333,51.0907
2358,17.36,194.048,11.3333,51.216
2359,17.25,193.024,11.0667,51.36
2360,17.13,192.8,11.0667,51.2987
2361,17.0247,193.12,11.1333,51.3387
2362,16.9307,192.533,11.2,51.312
2363,16.8333,191.947,11.0667,51.4587
2364,16.7367,192.939,11.0,51.1493
2365,16.6353,192.085,11.0,51.2133
2366,16.5167,191.488,11.0,51.2533
2367,16.424,191.733,11.0,51.3067
2368,16.3047,191.424,11.0,51.3493
2369,16.2127,191.52,11.0,51.1653
2370,16.1293,191.403,10.6667,51.1707
2371,16.0387,191.659,9.86667,51.128
2372,15.934,190.976,9.0,51.1867
2373,15.85,190.944,9.33333,51.2133
2374,15.7493,190.421,10.0,51.232
2375,15.672,190.955,10.0,51.1867
2376,15.5967,191.243,10.0,51.2
2377,15.5007,190.667,10.0,51.1653
2378,15.4287,190.421,10.0,51.064
2379,15.378,190.677,10.0,50.9733
2380,15.3367,190.773,9.0,50.8133
2381,15.3167,190.208,9.13333,50.6827
2382,15.314,189.909,10.0,50.5867
2383,15.3433,190.197,10.0,50.3413
2384,15.3973,189.877,10.5333,50.1733
2385,15.47,189.28,11.3333,49.9947
2386,15.5747,190.165,12.0,49.7413
2387,15.7053,188.907,12.0667,49.5067
2388,15.8513,189.899,12.7333,49.304
2389,15.9827,189.44,13.0,49.2347
2390,16.1527,189.995,13.0,49.1227
2391,16.2613,189.728,13.5333,49.256
2392,16.364,190.048,14.0,49.304
2393,16.4873,190.709,14.0,49.2187
2394,16.642,190.549,14.0,48.7573
2395,16.7947,190.219,14.0,48.5867
2396,16.994,190.912,14.7333,48.0533
2397,17.1853,190.656,15.0,48.3067
2398,17.31,191.147,15.0,48.352
2399,17.444,191.008,15.0,47.7893
2400,17.5413,191.253,15.0,47.9467
2401,17.7693,191.477,15.1333,47.1333
2402,17.982,191.509,16.0,46.8613
2403,18.18,191.008,16.0,46.2107
2404,18.3353,191.221,16.9333,47.584
2405,18.5547,190.752,17.0,47.1067
2406,18.69,191.147,17.0,46.328
2407,18.86,191.104,17.0,46.4347
2408,19.0547,191.36,17.0,46.624
2409,19.2253,191.467,17.0,46.4187
2410,19.432,190.965,17.0,46.2533
2411,19.6227,191.595,17.1333,45.944
2412,19.788,190.976,18.0,46.4507
2413,19.9613,191.04,18.0,46.336
2414,20.1073,191.2,18.0,46.1227
2415,20.242,191.819,18.0,46.4533
2416,20.3227,191.595,18.0,46.1893
2417,20.4133,191.52,18.0,45.392
2418,20.458,191.147,17.2667,45.048
2419,20.4807,191.168,17.0,43.952
2420,20.4767,190.603,17.0,43.576
2421,20.4433,190.624,17.0,43.072
2422,20.3933,190.496,17.0,42.64
2423,20.3533,190.923,16.2667,42.928
2424,20.2787,191.328,16.0,42.2533
2425,20.23,190.613,16.0,42.6133
2426,20.1593,190.453,16.0,42.3653
2427,20.0987,190.368,16.0,42.3493
2428,20.0267,190.133,16.0,42.3093
2429,19.9433,190.933,16.0,43.2107
2430,19.8633,191.051,15.2667,43.0827
2431,19.7867,190.987,14.8667,43.3493
2432,19.7007,190.421,14.0,43.2293
2433,19.61,191.072,14.0,43.2827
2434,19.54,191.168,14.0,43.3067
2435,19.4447,191.264,13.6667,43.4747
2436,19.3733,191.563,13.0,43.52
2437,19.29,191.189,13.0,43.704
2438,19.2167,192.128,13.0,43.8373
2439,19.122,191.669,12.6667,43.9227
2440,19.0227,191.371,12.0,44.1387
2441,18.958,191.179,12.0,44.3013
2442,18.89,192.032,12.9333,44.6693
2443,18.8027,192.117,13.0,44.7707
2444,18.7227,192.16,13.0,44.9653
2445,18.634,192.512,13.0,44.928
2446,18.548,193.024,13.0,45.1093
2447,18.4673,192.277,12.1333,45.376
2448,18.36,193.269,12.0,45.456
2449,18.274,192.992,11.6667,45.3307
2450,18.1667,192.704,11.0667,45.4533
2451,18.0833,192.64,11.0,45.4773
2452,17.9867,193.067,11.0,45.3093
2453,17.8933,192.747,11.0,45.3333
2454,17.8027,192.395,11.0,45.3413
2455,17.722,192.373,10.4667,45.4507
2456,17.6393,193.461,10.0,45.464
2457,17.5467,193.056,10.0,45.5307
2458,17.474,193.184,10.0,45.6347
2459,17.3727,194.069,9.86667,45.7253
2460,17.3167,193.845,9.0,45.7067
2461,17.206,194.091,9.0,45.7467
2462,17.1013,193.419,9.53333,45.8187
2463,17.0107,193.803,8.66667,45.8827
2464,16.924,194.496,8.0,45.936
2465,16.8567,194.624,8.0,46.0107
2466,16.756,194.592,8.0,46.0507
2467,16.6593,196.619,8.0,46.08
2468,16.5413,197.547,8.86667,46.1173
2469,16.446,196.917,8.73333,46.1893
2470,16.3473,196.576,7.0,46.2027
2471,16.254,197.92,7.0,46.2107
2472,16.1533,198.357,7.0,46.2373
2473,16.0533,198.549,7.0,46.248
2474,15.9727,199.029,7.0,46.24
2475,15.8967,198.475,7.0,46.2427
2476,15.8433,197.856,7.0,46.2133
2477,15.8167,197.429,7.0,46.1067
2478,15.8033,196.779,8.86667,45.976
2479,15.8267,195.744,9.0,45.8027
2480,15.87,195.392,9.66667,45.456
2481,15.9593,194.688,11.2,45.104
2482,16.0673,194.229,12.0,44.8373
2483,16.2107,194.571,12.6667,44.512
2484,16.368,192.864,14.0,44.2213
2485,16.5987,193.728,14.1333,43.912
2486,16.8373,193.504,15.6,43.7307
2487,17.0607,192.811,16.0,43.7893
2488,17.3047,191.115,16.1333,43.9627
2489,17.5513,189.856,17.0,44.3973
2490,17.8233,189.248,17.0,44.4107
2491,18.1267,189.664,17.0,44.1787
2492,18.4453,190.517,17.9333,43.896
2493,18.7287,190.251,18.1333,43.928
2494,19.016,190.581,19.0,43.68
2495,19.3307,191.243,19.0,43.36
2496,19.634,191.456,19.0,43.0453
2497,19.9153,191.317,19.5333,43.5893
2498,20.196,192.128,20.0,43.1787
2499,20.4893,192.128,20.0,42.8667
2500,20.76,192.608,20.0,42.536
2501,21.0093,192.917,20.0,42.0827
2502,21.28,193.771,20.9333,42.12
2503,21.5067,193.589,21.0,42.3093
2504,21.7333,194.325,21.3333,42.328
2505,21.9293,194.923,22.0,42.5013
2506,22.1107,195.371,22.0,42.5067
2507,22.292,195.147,21.7333,42.6027
2508,22.468,195.371,20.0,42.6267
2509,22.6347,195.168,20.0,42.7013
2510,22.7813,195.285,20.0,42.8187
2511,22.892,195.072,20.0,42.8667
2512,22.984,195.2,20.0,42.888
2513,23.0467,195.403,20.0,42.8053
2514,23.0947,195.573,20.0,42.768
2515,23.0893,195.605,20.0,42.6667
2516,23.0693,194.784,20.0,42.448
2517,23.008,194.805,19.8667,42.168
2518,22.96,194.613,19.2,42.1707
2519,22.8867,194.656,19.0,42.12
2520,22.8013,194.72,19.0,42.2667
2521,22.732,195.019,19.0,42.2267
2522,22.644,194.432,19.0,42.1867
2523,22.5707,194.123,19.0,42.2133
2524,22.484,194.421,18.2667,42.3787
2525,22.4187,194.987,18.0,42.504
2526,22.3307,194.005,17.0667,43.0373
2527,22.2267,194.613,17.0,42.832
2528,22.1413,194.944,16.6667,42.824
2529,22.068,195.957,16.0,43.1707
2530,21.984,196.512,16.0,43.288
2531,21.8933,197.835,16.0,43.4853
2532,21.8213,199.093,16.0,43.5573
2533,21.7093,198.635,15.3333,43.664
2534,21.6013,199.168,14.0,43.5493
2535,21.4987,200.107,14.0,43.68
2536,21.3907,200.149,14.0,43.664
2537,21.2693,200.448,14.0,43.728
2538,21.148,199.595,13.0667,43.7093
2539,21.0267,198.837,13.0,43.6187
2540,20.8973,198.08,12.0667,43.5067
2541,20.7973,198.272,12.0,43.384
2542,20.704,197.824,12.0,43.4213
2543,20.5813,198.56,11.2667,43.376
2544,20.4913,198.251,11.0,43.4213
2545,20.39,198.464,11.0,43.4453
2546,20.2707,198.528,11.0,43.456
2547,20.176,198.251,11.2,43.4667
2548,20.0813,198.101,11.8,43.5013
2549,19.9807,196.96,12.0,43.56
2550,19.87,197.909,11.3333,43.5627
2551,19.7693,197.141,11.0,43.5867
2552,19.664,198.688,11.0,43.5973
2553,19.5407,200.011,10.5333,43.5947
2554,19.424,199.552,10.0,43.6693
2555,19.3187,198.592,10.0,43.7627
2556,19.2167,198.112,10.0,43.9227
2557,19.0893,198.176,10.0,43.9467
2558,18.9873,198.112,10.0,43.9067
2559,18.8833,198.187,10.0,43.9813
2560,18.77,199.531,10.8,43.992
2561,18.67,201.12,10.3333,44.088
2562,18.5633,200.693,10.0,44.088
2563,18.4493,199.819,10.0,44.0427
2564,18.3327,200.373,9.06667,44.0853
2565,18.224,200.608,9.0,44.2587
2566,18.1113,200.48,9.0,44.192
2567,17.99,201.387,9.0,44.0747
2568,17.89,201.259,8.46667,44.144
2569,17.796,201.696,8.0,44.2667
2570,17.7287,201.931,8.73333,44.4347
2571,17.65,201.141,9.0,44.2293
2572,17.608,200.245,9.0,44.2827
2573,17.5767,200.725,9.0,44.4053
2574,17.568,201.525,9.0,44.3467
2575,17.604,201.035,9.0,44.1573
2576,17.6427,200.107,9.6,43.8667
2577,17.7447,199.221,12.6667,43.496
2578,17.8233,197.824,14.0,43.216
2579,17.9613,197.525,14.7333,42.9307
2580,18.1107,197.877,15.0,42.7893
2581,18.2967,197.344,15.3333,42.7333
2582,18.51,197.205,16.0,42.6907
2583,18.7433,196.491,16.1333,42.776
2584,18.9867,196.725,17.0,42.792
2585,19.2547,195.765,17.0,43.0
2586,19.5087,195.755,17.0,43.1147
2587,19.7267,195.883,17.0,43.224
2588,19.9967,195.52,17.0,43.4107
2589,20.2787,195.392,17.2,43.5547
2590,20.5187,195.232,17.9333,43.512
2591,20.7333,194.443,18.0,43.7493
2592,20.9667,194.411,18.0,44.2827
2593,21.2133,194.955,18.0,44.3413
2594,21.4693,194.944,18.0,44.392
2595,21.7173,194.549,18.0,44.544
2596,21.9067,194.816,18.0,44.5067
2597,22.1067,195.349,18.0,44.952
2598,22.2853,194.752,18.0,45.0747
2599,22.4613,195.499,18.0,45.1813
2600,22.6187,195.083,18.0,45.4027
2601,22.7947,195.008,18.0,45.6373
2602,22.94,195.168,18.0,45.9573
2603,23.0707,195.488,17.4667,46.072
2604,23.2173,194.933,17.0,46.1547
2605,23.324,194.645,17.7333,46.4027
2606,23.3947,194.528,18.0,46.6
2607,23.4987,195.136,18.0,46.8027
2608,23.5413,195.573,18.0,47.2133
2609,23.5547,195.189,18.0,47.448
2610,23.552,195.083,18.0,47.7067
2611,23.544,194.976,18.0,47.8347
2612,23.524,194.507,18.0,47.928
2613,23.492,194.187,18.0,48.1253
2614,23.4253,194.677,18.0,48.512
2615,23.372,194.005,18.0,48.4853
2616,23.316,193.259,17.0667,48.7787
2617,23.232,193.291,16.6667,48.904
2618,23.148,194.144,16.0,49.1173
2619,23.0413,193.205,16.0,49.3333
2620,22.936,193.088,16.0,49.5227
2621,22.82,194.123,15.8667,49.7307
2622,22.7173,194.496,15.0,49.7707
2623,22.5853,195.115,15.0,50.0533
2624,22.484,195.211,15.0,50.12
2625,22.36,194.752,15.0,50.152
2626,22.2293,193.995,15.0,50.3013
2627,22.124,194.944,15.0,50.3253
2628,22.008,194.592,15.0,50.304
2629,21.8987,194.027,15.0,50.2827
2630,21.784,194.944,14.5333,50.4107
2631,21.664,194.368,14.0,50.424
2632,21.5347,194.059,14.0,50.408
2633,21.4373,195.477,14.0,50.448
2634,21.3133,195.413,14.0,50.5067
2635,21.1867,195.701,14.0,50.456
2636,21.0613,195.851,14.0,50.456
2637,20.9573,195.755,14.0,50.5173
2638,20.8613,195.317,14.0,50.5067
2639,20.7493,196.459,14.0,50.4773
2640,20.6613,196.608,13.1333,50.3813
2641,20.5627,198.091,13.0,50.632
2642,20.4587,198.048,12.5333,50.68
2643,20.37,198.443,12.0,50.608
2644,20.2747,198.037,12.0,50.4667
2645,20.176,198.923,12.2667,50.448
2646,20.1,198.443,12.8,50.6453
2647,20.02,198.421,12.9333,50.912
2648,19.9353,198.987,12.0667,50.7413
2649,19.846,199.541,12.0,51.024
2650,19.772,200.768,12.0,51.0133
2651,19.6987,201.621,12.0,51.136
2652,19.62,202.731,12.0,51.1867
2653,19.54,202.336,12.0,51.0533
2654,19.4527,204.427,12.0,50.952
2655,19.37,205.024,12.0,51.096
2656,19.3127,204.779,12.0,51.3413
2657,19.2373,203.968,12.0,51.352
2658,19.1733,205.408,12.0,51.5467
2659,19.1033,205.504,12.0,51.6853
2660,19.03,205.12,12.0,51.7653
2661,18.9547,204.533,12.0,51.2667
2662,18.9033,205.909,12.0,51.6107
2663,18.84,206.091,12.0,51.896
2664,18.7893,205.579,12.0,51.9467
2665,18.7133,205.92,12.0,51.832
2666,18.6653,205.632,12.0,52.0587
2667,18.6233,205.429,12.0,52.0507
2668,18.5613,205.216,12.0,52.0667
2669,18.5267,204.587,12.0,51.9467
2670,18.5167,204.928,12.0,51.992
2671,18.5067,204.587,12.0,52.152
2672,18.5133,204.256,12.0667,52.3627
2673,18.5133,203.115,12.9333,52.3973
2674,18.536,203.093,13.0,52.2933
2675,18.564,202.773,13.4667,52.1387
2676,18.6093,201.632,14.0,51.7253
2677,18.6873,200.277,14.1333,51.0933
2678,18.8027,200.085,14.9333,50.7173
2679,18.9,200.352,15.0667,50.7493
2680,19.0333,199.008,16.0,50.7573
2681,19.2213,199.36,16.0,50.5227
2682,19.438,198.987,16.9333,50.32
2683,19.6887,197.963,21.4667,50.1867
2684,19.9513,196.363,22.0,49.9733
2685,20.232,195.349,22.1333,49.6907
2686,20.548,194.987,24.0,49.2133
2687,20.8133,193.515,24.0,49.008
2688,20.992,193.525,24.9333,49.1573
2689,21.264,193.824,25.0,48.7067
2690,21.6093,193.675,25.0,48.0133
2691,21.912,193.579,25.0,47.528
2692,22.2067,193.013,25.5333,47.2587
2693,22.4853,192.949,25.8,46.904
2694,22.7667,193.376,25.0667,46.768
2695,23.0467,193.643,25.2667,45.824
2696,23.3013,193.003,25.7333,45.5013
2697,23.5053,193.013,26.0,44.976
2698,23.7307,193.269,26.0,44.192
2699,23.968,192.8,25.5333,43.6453
2700,24.172,193.301,25.0,42.9253
2701,24.368,193.557,25.0,42.744
2702,24.5107,193.173,25.0,42.376
2703,24.636,193.259,25.0,41.236
2704,24.768,192.907,25.0,41.0653
2705,24.8813,193.067,25.0,40.3253
2706,24.968,193.131,25.0,39.936
2707,25.032,193.216,25.0,39.532
2708,25.08,193.067,25.0,38.6707
2709,25.092,193.408,25.0,38.6893
2710,25.092,192.501,24.7333,39.3773
2711,25.096,192.672,24.0,38.54
2712,25.088,192.832,24.0,38.5853
2713,25.06,192.405,24.0,38.7733
2714,25.02,192.064,23.1333,38.9467
2715,24.9573,191.573,23.0,39.0267
2716,24.892,192.693,23.0,38.7013
2717,24.812,192.672,22.3333,38.728
2718,24.756,192.64,22.0,38.9773
2719,24.68,191.904,21.9333,38.5973
2720,24.6173,192.629,21.2,38.428
2721,24.5373,193.109,21.0,38.3053
2722,24.4867,192.597,21.0,38.4707
2723,24.4333,191.659,21.0,38.5507
2724,24.3693,191.552,20.1333,38.7547
2725,24.3,192.0,20.0,38.944
2726,24.228,192.565,20.0,38.636
2727,24.144,192.448,19.9333,38.72
2728,24.0573,192.0,19.0,39.036
2729,23.9733,192.128,18.3333,39.276
2730,23.9,192.693,18.0,39.4987
2731,23.8067,192.48,18.0,39.7147
2732,23.716,192.149,18.0,39.8653
2733,23.6067,192.405,18.0,40.028
2734,23.5227,192.501,17.0667,40.208
2735,23.4253,191.915,17.0,40.2867
2736,23.344,191.776,17.8667,40.4827
2737,23.252,191.947,18.0,40.5907
2738,23.156,191.787,17.1333,40.6493
2739,23.0507,191.733,17.0,40.7013
2740,22.964,191.296,17.0,40.784
2741,22.8787,192.149,17.0,40.8187
2742,22.7827,191.968,17.0,40.8853
2743,22.7013,191.467,17.0,40.8933
2744,22.5933,191.957,17.0,40.98
2745,22.5107,191.989,16.9333,41.016
2746,22.4187,191.669,16.0667,41.0213
2747,22.3187,192.128,16.0,41.032
2748,22.2213,191.957,16.0,41.04
2749,22.144,191.605,16.0,41.0933
2750,22.0493,191.147,16.0,41.184
2751,21.964,190.976,16.0,41.232
2752,21.86,192.181,15.5333,41.328
2753,21.78,191.136,15.0,41.3947
2754,21.6747,191.307,15.0,41.4773
2755,21.5653,192.011,15.0,41.5493
2756,21.476,191.915,15.0,41.592
2757,21.3627,192.032,15.0,41.656
2758,21.256,192.0,13.6667,41.68
2759,21.152,192.181,13.0,41.688
2760,21.0413,193.067,12.1333,41.72
2761,20.9347,193.653,12.0,41.7573
2762,20.856,193.387,12.0,41.8107
2763,20.7627,193.664,12.1333,41.8373
