01/04/2010;7.2
01/05/2010;6.95
01/06/2010;7.1
01/07/2010;7.06
01/08/2010;6.49
01/11/2010;6.48
01/12/2010;6.66
1/13/2010;6.8
1/14/2010;6.5
1/15/2010;6.46
1/19/2010;6.45
1/20/2010;6.23
1/21/2010;6.2
1/22/2010;6.34
1/25/2010;6.46
1/26/2010;6.21
1/27/2010;6.25
1/28/2010;6.13
1/29/2010;6.04
02/01/2010;6.32
02/02/2010;6.09
02/03/2010;6.23
02/04/2010;6.51
02/05/2010;6.26
02/08/2010;6.42
02/09/2010;6.59
02/10/2010;6.65
02/11/2010;6.54
02/12/2010;6.28
2/16/2010;6.4
2/17/2010;6.47
2/18/2010;6.32
2/19/2010;6.11
2/22/2010;5.89
2/23/2010;5.94
2/24/2010;5.94
2/25/2010;6.09
2/26/2010;5.99
03/01/2010;6.18
03/02/2010;6.07
03/03/2010;5.84
03/04/2010;5.42
03/05/2010;5.34
03/08/2010;5.47
03/09/2010;5.3
03/10/2010;5.31
03/11/2010;5.31
03/12/2010;5.28
3/15/2010;5.41
3/16/2010;5.17
3/17/2010;5.09
3/18/2010;5.4
3/19/2010;5.53
3/22/2010;5.43
3/23/2010;5.58
3/24/2010;6.54
3/25/2010;6.62
3/26/2010;6.32
3/29/2010;6.48
3/30/2010;6.48
3/31/2010;6.3
04/01/2010;6.52
04/02/2010;6.46
04/05/2010;6.38
04/06/2010;6.31
04/07/2010;6.23
04/08/2010;6.24
04/09/2010;6.05
04/12/2010;6.2
4/13/2010;5.81
4/14/2010;5.9
4/15/2010;5.91
4/16/2010;6.06
4/19/2010;5.85
4/20/2010;5.71
4/21/2010;5.74
4/22/2010;5.89
4/23/2010;5.79
4/26/2010;6.06
4/27/2010;6.56
4/28/2010;6.62
4/29/2010;6.22
4/30/2010;6.25
05/03/2010;6.2
05/04/2010;6.87
05/05/2010;7.03
05/06/2010;10.33
05/07/2010;9.45
05/10/2010;8.07
05/11/2010;7.58
05/12/2010;7.54
5/13/2010;7.53
5/14/2010;8.24
5/17/2010;8.39
5/18/2010;8.87
5/19/2010;8.72
5/20/2010;9.87
5/21/2010;9.45
5/24/2010;8.96
5/25/2010;9.41
5/26/2010;8.81
5/27/2010;8.65
5/28/2010;8.94
06/01/2010;8.74
06/02/2010;8.07
06/03/2010;7.94
06/04/2010;8.04
06/07/2010;8.47
06/08/2010;8.78
06/09/2010;8.43
06/10/2010;8.17
06/11/2010;8.18
6/14/2010;8.13
6/15/2010;7.85
6/16/2010;7.69
6/17/2010;7.77
6/18/2010;7.39
6/21/2010;7.27
6/22/2010;7.42
6/23/2010;7.09
6/24/2010;7.07
6/25/2010;7.05
6/28/2010;7.29
6/29/2010;7.57
6/30/2010;7.38
07/01/2010;7.77
07/02/2010;7.14
07/06/2010;7.2
07/07/2010;6.9
07/08/2010;6.84
07/09/2010;6.52
07/12/2010;6.45
7/13/2010;6.57
7/14/2010;6.34
7/15/2010;6.25
7/16/2010;6.2
7/19/2010;5.89
7/20/2010;6.02
7/21/2010;5.9
7/22/2010;5.68
7/23/2010;5.84
7/26/2010;5.64
7/27/2010;5.89
7/28/2010;5.9
7/29/2010;5.9
7/30/2010;6.25
08/02/2010;6.45
08/03/2010;6.85
08/04/2010;6.6
08/05/2010;6.33
08/06/2010;6.23
08/09/2010;6.42
08/10/2010;6.17
08/11/2010;6.11
08/12/2010;6.36
8/13/2010;6.04
8/16/2010;6.52
8/17/2010;6.43
8/18/2010;6.38
8/19/2010;6.65
8/20/2010;6.94
8/23/2010;6.83
8/24/2010;7.16
8/25/2010;7.81
8/26/2010;7.94
8/27/2010;8.42
8/30/2010;8.23
8/31/2010;7.8
09/01/2010;7.97
09/02/2010;7.49
09/03/2010;6.98
09/07/2010;7.36
09/08/2010;7.16
09/09/2010;7.46
09/10/2010;7.46
9/13/2010;7.42
9/14/2010;7.49
9/15/2010;7.44
9/16/2010;7.32
9/17/2010;7.26
9/20/2010;7.56
9/21/2010;7.06
9/22/2010;6.72
9/23/2010;6.49
9/24/2010;6.43
9/27/2010;6.64
9/28/2010;6.59
9/29/2010;6.7
9/30/2010;6.74
10/01/2010;6.8
10/04/2010;6.82
10/05/2010;6.37
10/06/2010;6.3
10/07/2010;6.26
10/08/2010;5.75
10/11/2010;5.85
10/12/2010;6.14
10/13/2010;6.15
10/14/2010;6.46
10/15/2010;6.59
10/18/2010;6.18
10/19/2010;6.18
10/20/2010;6.19
10/21/2010;6.37
10/22/2010;6.37
10/25/2010;6.68
10/26/2010;7.18
10/27/2010;7.26
10/28/2010;7.19
10/29/2010;7.25
11/01/2010;7.39
11/02/2010;7.31
11/03/2010;6.46
11/04/2010;6.13
11/05/2010;6.03
11/08/2010;6.24
11/09/2010;6.63
11/10/2010;6.84
11/11/2010;7.09
11/12/2010;7.57
11/15/2010;8.6
11/16/2010;8.14
11/17/2010;7.56
11/18/2010;8.06
11/19/2010;7.52
11/22/2010;7.45
11/23/2010;7.8
11/24/2010;8.36
11/26/2010;8.48
11/29/2010;8.41
11/30/2010;8.31
12/01/2010;8.89
12/02/2010;8.55
12/03/2010;8.17
12/06/2010;8.07
12/07/2010;9.06
12/08/2010;8.95
12/09/2010;8.48
12/10/2010;8.4
12/13/2010;8.43
12/14/2010;9.26
12/15/2010;9.93
12/16/2010;9.66
12/17/2010;8.94
12/20/2010;8.74
12/21/2010;7.88
12/22/2010;7.92
12/23/2010;8.35
12/27/2010;8.54
12/28/2010;8.82
12/29/2010;8.75
12/30/2010;8.74
12/31/2010;8.64
01/03/2011;8.63
01/04/2011;8.4
01/05/2011;8.85
01/06/2011;8.91
01/07/2011;8.08
01/10/2011;7.99
01/11/2011;7.94
01/12/2011;7.75
1/13/2011;7.7
1/14/2011;7.66
1/18/2011;8.1
1/19/2011;7.7
1/20/2011;7.94
1/21/2011;7.6
1/24/2011;7.68
1/25/2011;7.54
1/26/2011;7.6
1/27/2011;7.47
1/28/2011;7.84
1/31/2011;8.29
02/01/2011;8.03
02/02/2011;8.25
02/03/2011;8.21
02/04/2011;8.03
02/07/2011;8.04
02/08/2011;7.99
02/09/2011;7.66
02/10/2011;7.68
02/11/2011;7.51
2/14/2011;7.34
2/15/2011;7.45
2/16/2011;7.4
2/17/2011;7.34
2/18/2011;7.24
2/22/2011;8.14
2/23/2011;7.8
2/24/2011;7.91
2/25/2011;7.49
2/28/2011;7.52
03/01/2011;7.77
03/02/2011;7.94
03/03/2011;7.82
03/04/2011;7.49
03/07/2011;7.4
03/08/2011;7.35
03/09/2011;7.17
03/10/2011;7.31
03/11/2011;7.15
3/14/2011;7.45
3/15/2011;8.03
3/16/2011;8.96
3/17/2011;8.65
3/18/2011;8.33
3/21/2011;8.14
3/22/2011;7.53
3/23/2011;7.51
3/24/2011;7.28
3/25/2011;7.55
3/28/2011;7.63
3/29/2011;7.36
3/30/2011;7.24
3/31/2011;7.16
04/01/2011;6.75
04/04/2011;6.65
04/05/2011;6.7
04/06/2011;6.79
04/07/2011;6.67
04/08/2011;6.63
04/11/2011;6.64
04/12/2011;6.46
4/13/2011;6.36
4/14/2011;6.32
4/15/2011;6.36
4/18/2011;6.54
4/19/2011;5.93
4/20/2011;6.23
4/21/2011;6.17
4/25/2011;6.43
4/26/2011;6.36
4/27/2011;6.17
4/28/2011;5.93
4/29/2011;5.91
05/02/2011;6.06
05/03/2011;6.1
05/04/2011;6.12
05/05/2011;6.31
05/06/2011;6.5
05/09/2011;6.49
05/10/2011;6.18
05/11/2011;6.49
05/12/2011;6.29
5/13/2011;6.3
5/16/2011;6.23
5/17/2011;5.95
5/18/2011;5.75
5/19/2011;5.99
5/20/2011;5.78
5/23/2011;5.77
5/24/2011;5.76
5/25/2011;5.7
5/26/2011;5.68
5/27/2011;5.94
5/31/2011;6.07
06/01/2011;6.11
06/02/2011;6.49
06/03/2011;6.16
06/06/2011;6.36
06/07/2011;6.2
06/08/2011;6.27
06/09/2011;6.45
06/10/2011;6.29
6/13/2011;6.35
6/14/2011;6.89
6/15/2011;7.39
6/16/2011;7.87
6/17/2011;7.76
6/20/2011;7.68
6/21/2011;7.5
6/22/2011;7.05
6/23/2011;7.45
6/24/2011;7.46
6/27/2011;7.62
6/28/2011;8.1
6/29/2011;7.73
6/30/2011;7.85
07/01/2011;7.71
07/05/2011;7.76
07/06/2011;7.89
07/07/2011;7.83
07/08/2011;7.07
07/11/2011;7.78
07/12/2011;7.99
7/13/2011;7.94
7/14/2011;8.17
7/15/2011;8.36
7/18/2011;8.6
7/19/2011;8.2
7/20/2011;7.98
7/21/2011;8.83
7/22/2011;8,00
7/25/2011;8.62
7/26/2011;8.44
7/27/2011;8.71
7/28/2011;8.02
7/29/2011;8.32
08/01/2011;7.84
08/02/2011;7.72
08/03/2011;7.5
08/04/2011;7.64
08/05/2011;8.09
08/08/2011;9.57
08/09/2011;9.27
08/10/2011;8.8
08/11/2011;9.11
08/12/2011;8.6
8/15/2011;8.21
8/16/2011;7.82
8/17/2011;7.32
8/18/2011;7.85
8/19/2011;7.9
8/22/2011;8.34
8/23/2011;8.55
8/24/2011;8.88
8/25/2011;9.04
8/26/2011;8.17
8/29/2011;7.91
8/30/2011;8.21
8/31/2011;7.75
09/01/2011;7.88
09/02/2011;7.48
09/06/2011;7.74
09/07/2011;7.44
09/08/2011;7.18
09/09/2011;7.46
09/12/2011;7.55
9/13/2011;7.46
9/14/2011;7.32
9/15/2011;7.47
9/16/2011;7.54
9/19/2011;7.54
9/20/2011;7.67
9/21/2011;6.97
9/22/2011;7.41
9/23/2011;7.59
9/26/2011;7.93
9/27/2011;8.06
9/28/2011;7.69
9/29/2011;7.3
9/30/2011;7.24
10/03/2011;7.53
10/04/2011;7.81
10/05/2011;7.92
10/06/2011;7.92
10/07/2011;8.14
10/10/2011;8.59
10/11/2011;8.44
10/12/2011;8.49
10/13/2011;8.38
10/14/2011;8.31
10/17/2011;8.41
10/18/2011;8.28
10/19/2011;8.18
10/20/2011;8.13
10/21/2011;8.3
10/24/2011;8.21
10/25/2011;8.09
10/26/2011;8.07
10/27/2011;8.11
10/28/2011;8.1
10/31/2011;8.31
11/01/2011;9.45
11/02/2011;8.54
11/03/2011;8.42
11/04/2011;7.94
11/07/2011;8.08
11/08/2011;8.11
11/09/2011;8.3
11/10/2011;8.43
11/11/2011;8.53
11/14/2011;8.53
11/15/2011;8.3
11/16/2011;8.01
11/17/2011;8.46
11/18/2011;8.17
11/21/2011;8.35
11/22/2011;7.95
11/23/2011;8.13
11/25/2011;7.93
11/28/2011;8.35
11/29/2011;8.32
11/30/2011;7.92
12/01/2011;7.55
12/02/2011;7.23
12/05/2011;7.15
12/06/2011;6.84
12/07/2011;6.99
12/08/2011;7.02
12/09/2011;7.2
12/12/2011;7.26
12/13/2011;6.8
12/14/2011;6.74
12/15/2011;6.19
12/16/2011;6.28
12/19/2011;6,00
12/20/2011;6.25
12/21/2011;6.19
12/22/2011;5.94
12/23/2011;6.2
12/27/2011;6.35
12/28/2011;6.26
12/29/2011;6.05
12/30/2011;5.75
01/03/2012;6.02
01/04/2012;5.94
01/05/2012;6.01
01/06/2012;5.57
01/09/2012;5.53
01/10/2012;5.61
01/11/2012;5.45
01/12/2012;5.31
1/13/2012;5.45
1/17/2012;5.36
1/18/2012;5.32
1/19/2012;5.76
1/20/2012;6.23
1/23/2012;6.42
1/24/2012;6.07
1/25/2012;5.67
1/26/2012;5.46
1/27/2012;5.17
1/30/2012;5.46
1/31/2012;5.41
02/01/2012;5.27
02/02/2012;5.06
02/03/2012;5.6
02/06/2012;5.52
02/07/2012;5.85
02/08/2012;5.91
02/09/2012;5.88
02/10/2012;5.82
2/13/2012;5.91
2/14/2012;5.78
2/15/2012;5.56
2/16/2012;5.93
2/17/2012;5.91
2/21/2012;6.12
2/22/2012;6.08
2/23/2012;5.89
2/24/2012;5.56
2/27/2012;5.5
2/28/2012;5.34
2/29/2012;5.71
03/01/2012;5.78
03/02/2012;5.46
03/05/2012;5.68
03/06/2012;5.61
03/07/2012;5.44
03/08/2012;5.59
03/09/2012;5.18
03/12/2012;5.1
3/13/2012;5.41
3/14/2012;6.54
3/15/2012;6.04
3/16/2012;6.38
3/19/2012;7.07
3/20/2012;7.22
3/21/2012;6.74
3/22/2012;6.57
3/23/2012;6.49
3/26/2012;6.55
3/27/2012;6.16
3/28/2012;5.86
3/29/2012;5.7
3/30/2012;6.05
04/02/2012;6.05
04/03/2012;6.67
04/04/2012;6.53
04/05/2012;6.32
04/06/2012;6.08
04/09/2012;5.71
04/10/2012;5.76
04/11/2012;5.84
04/12/2012;5.79
4/13/2012;5.68
4/16/2012;5.73
4/17/2012;5.57
4/18/2012;5.47
4/19/2012;5.45
4/20/2012;5.14
4/23/2012;5.37
4/24/2012;5.35
4/25/2012;5.26
4/26/2012;4.87
4/27/2012;4.87
4/30/2012;4.98
05/01/2012;5.3
05/02/2012;5.19
05/03/2012;4.95
05/04/2012;4.41
05/07/2012;4.58
05/08/2012;4.75
05/09/2012;4.92
05/10/2012;4.63
05/11/2012;5,00
5/14/2012;5.81
5/15/2012;5.22
5/16/2012;5.34
5/17/2012;5.42
5/18/2012;5.46
5/21/2012;5.72
5/22/2012;5.45
5/23/2012;5.75
5/24/2012;5.6
5/25/2012;5.37
5/29/2012;5.39
5/30/2012;5.72
5/31/2012;6,00
06/01/2012;6.74
06/04/2012;6.49
06/05/2012;6.22
06/06/2012;6.33
06/07/2012;5.92
06/08/2012;6.05
06/11/2012;6.38
06/12/2012;6.68
6/13/2012;6.91
6/14/2012;6.74
6/15/2012;6.82
6/18/2012;6.47
6/19/2012;6.36
6/20/2012;5.74
6/21/2012;5.26
6/22/2012;5.17
6/25/2012;5.16
6/26/2012;4.99
6/27/2012;4.91
6/28/2012;4.93
6/29/2012;5.05
07/02/2012;4.91
07/03/2012;5.05
07/05/2012;5.03
07/06/2012;4.65
07/09/2012;4.66
07/10/2012;4.7
07/11/2012;4.74
07/12/2012;4.5
7/13/2012;4.31
7/16/2012;4.43
7/17/2012;4.43
7/18/2012;4.27
7/19/2012;4.32
7/20/2012;4.22
7/23/2012;4.54
7/24/2012;4.67
7/25/2012;4.67
7/26/2012;4.71
7/27/2012;4.99
7/30/2012;5.02
7/31/2012;5.11
08/01/2012;5.09
08/02/2012;4.66
08/03/2012;4.88
08/06/2012;4.87
08/07/2012;4.98
08/08/2012;5.03
08/09/2012;4.95
08/10/2012;4.71
8/13/2012;4.81
8/14/2012;5.01
8/15/2012;5.25
8/16/2012;5.47
8/17/2012;5.18
8/20/2012;5.36
8/21/2012;5.2
8/22/2012;4.95
8/23/2012;4.84
8/24/2012;4.83
8/27/2012;4.87
8/28/2012;4.84
8/29/2012;4.9
8/30/2012;5.18
8/31/2012;4.91
09/04/2012;5.06
09/05/2012;5.03
09/06/2012;5.18
09/07/2012;4.95
09/10/2012;5.31
09/11/2012;5.3
09/12/2012;5.38
9/13/2012;4.97
9/14/2012;5.35
9/17/2012;4.99
9/18/2012;4.33
9/19/2012;4.27
9/20/2012;4.31
9/21/2012;4.09
9/24/2012;4.15
9/25/2012;4.13
9/26/2012;4.25
9/27/2012;4.33
9/28/2012;4.44
10/01/2012;4.49
10/02/2012;4.33
10/03/2012;4.37
10/04/2012;4.45
10/05/2012;4.36
10/08/2012;4.34
10/09/2012;4.42
10/10/2012;4.43
10/11/2012;4.4
10/12/2012;4.5
10/15/2012;4.63
10/16/2012;4.92
10/17/2012;5.33
10/18/2012;5.24
10/19/2012;5.05
10/22/2012;5.35
10/23/2012;5.22
10/24/2012;5.11
10/25/2012;5.73
10/26/2012;5.57
10/29/2012;5.44
10/30/2012;5.5
10/31/2012;5.49
11/01/2012;5.67
11/02/2012;5.42
11/05/2012;5.13
11/06/2012;5.54
11/07/2012;4.64
11/08/2012;4.24
11/09/2012;4.17
11/12/2012;4.28
11/13/2012;4.31
11/14/2012;4.4
11/15/2012;4.39
11/16/2012;4.41
11/19/2012;4.35
11/20/2012;4.26
11/21/2012;4.38
11/23/2012;4.45
11/26/2012;4.14
11/27/2012;3.97
11/28/2012;4.02
11/29/2012;4.08
11/30/2012;4.03
12/03/2012;4.06
12/04/2012;4,00
12/05/2012;3.95
12/06/2012;3.97
12/07/2012;4.07
12/10/2012;4.18
12/11/2012;4.19
12/12/2012;4.15
12/13/2012;4.39
12/14/2012;4.2
12/17/2012;4.46
12/18/2012;4.79
12/19/2012;4.38
12/20/2012;4.29
12/21/2012;4.08
12/24/2012;4.48
12/26/2012;4.11
12/27/2012;4.28
12/28/2012;4.46
12/31/2012;4.67
01/02/2013;4.75
01/03/2013;4.93
01/04/2013;4.85
01/07/2013;4.62
01/08/2013;4.46
01/09/2013;4.23
01/10/2013;4.36
01/11/2013;4.48
1/14/2013;4.33
1/15/2013;4.16
1/16/2013;4.12
1/17/2013;4.45
1/18/2013;4.31
1/22/2013;4.34
1/23/2013;4.22
1/24/2013;4.25
1/25/2013;5.11
1/28/2013;5.01
1/29/2013;5.05
1/30/2013;5.13
1/31/2013;5.09
02/01/2013;5.05
02/04/2013;4.95
02/05/2013;5.03
02/06/2013;4.74
02/07/2013;4.56
02/08/2013;4.45
02/11/2013;4.45
02/12/2013;4.48
2/13/2013;4.71
2/14/2013;4.52
2/15/2013;4.45
2/19/2013;4.65
2/20/2013;4.69
2/21/2013;4.58
2/22/2013;4.6
2/25/2013;4.88
2/26/2013;4.64
2/27/2013;4.56
2/28/2013;4.4
03/01/2013;4.33
03/04/2013;4.29
03/05/2013;4.27
03/06/2013;4.48
03/07/2013;4.69
03/08/2013;4.44
03/11/2013;4.42
03/12/2013;4.29
3/13/2013;4.23
3/14/2013;4.25
3/15/2013;4.31
3/18/2013;4.16
3/19/2013;4.56
3/20/2013;4.28
3/21/2013;4.34
3/22/2013;4.57
3/25/2013;4.32
3/26/2013;4.02
3/27/2013;4.14
3/28/2013;4.05
04/01/2013;4.2
04/02/2013;4.23
04/03/2013;4.21
04/04/2013;4.37
04/05/2013;4.03
04/08/2013;4.01
04/09/2013;3.9
04/10/2013;4.04
04/11/2013;3.92
04/12/2013;3.89
4/15/2013;4.09
4/16/2013;3.99
4/17/2013;4.05
4/18/2013;3.95
4/19/2013;3.75
4/22/2013;3.84
4/23/2013;3.92
4/24/2013;3.94
4/25/2013;3.9
4/26/2013;3.77
4/29/2013;3.86
4/30/2013;3.97
05/01/2013;3.95
05/02/2013;3.85
05/03/2013;4.03
05/06/2013;3.97
05/07/2013;3.83
05/08/2013;3.62
05/09/2013;3.73
05/10/2013;4.33
5/13/2013;4.72
5/14/2013;4.71
5/15/2013;4.78
5/16/2013;4.41
5/17/2013;4.86
5/20/2013;4.97
5/21/2013;4.85
5/22/2013;5.18
5/23/2013;5.39
5/24/2013;5.13
5/28/2013;6.13
5/29/2013;6.6
5/30/2013;6.11
5/31/2013;6.25
06/03/2013;6.64
06/04/2013;6.51
06/05/2013;6.36
06/06/2013;6.29
06/07/2013;6.02
06/10/2013;6,00
06/11/2013;6,00
06/12/2013;6.07
6/13/2013;5.96
6/14/2013;5.9
6/17/2013;5.99
6/18/2013;6.1
6/19/2013;6.48
6/20/2013;6.86
6/21/2013;7.78
6/24/2013;8.62
6/25/2013;8.35
6/26/2013;7.77
6/27/2013;7.22
6/28/2013;7.35
07/01/2013;7.39
07/02/2013;7.5
07/03/2013;8,00
07/05/2013;8.18
07/08/2013;7.66
07/09/2013;7.12
07/10/2013;7.28
07/11/2013;6.51
07/12/2013;6.63
7/15/2013;6.58
7/16/2013;6.51
7/17/2013;5.95
7/18/2013;5.6
7/19/2013;5.44
7/22/2013;5.4
7/23/2013;5.67
7/24/2013;6.39
7/25/2013;6.21
7/26/2013;6.18
7/29/2013;6.59
7/30/2013;6.61
7/31/2013;6.52
08/01/2013;7.27
08/02/2013;5.72
08/05/2013;6.03
08/06/2013;5.82
08/07/2013;5.66
08/08/2013;5.57
08/09/2013;5.48
08/12/2013;5.74
8/13/2013;6.6
8/14/2013;6.64
8/15/2013;7.09
8/16/2013;7.8
8/19/2013;8.29
8/20/2013;7.92
8/21/2013;7.94
8/22/2013;8.09
8/23/2013;7.58
8/26/2013;7.57
8/27/2013;7.51
8/28/2013;7.91
8/29/2013;7.88
8/30/2013;8.19
09/03/2013;8.46
09/04/2013;8.46
09/05/2013;8.53
09/06/2013;7.77
09/09/2013;7.5
09/10/2013;7.65
09/11/2013;7.3
09/12/2013;7.25
9/13/2013;6.87
9/16/2013;7.02
9/17/2013;6.66
9/18/2013;5.93
9/19/2013;5.81
9/20/2013;5.54
9/23/2013;5.68
9/24/2013;5.71
9/25/2013;5.78
9/26/2013;5.96
9/27/2013;6.01
9/30/2013;6.67
10/01/2013;6.37
10/02/2013;6.02
10/03/2013;6.03
10/04/2013;6.03
10/07/2013;6.34
10/08/2013;6.4
10/09/2013;6.01
10/10/2013;5.84
10/11/2013;5.67
10/14/2013;6.06
10/15/2013;5.99
10/16/2013;5.58
10/17/2013;5.5
10/18/2013;5.72
10/21/2013;5.77
10/22/2013;4.87
10/23/2013;4.81
10/24/2013;4.99
10/25/2013;4.8
10/28/2013;4.79
10/29/2013;4.89
10/30/2013;5,00
10/31/2013;5.22
11/01/2013;5.64
11/04/2013;5.42
11/05/2013;5.69
11/06/2013;5.35
11/07/2013;5.3
11/08/2013;5.36
11/11/2013;5.55
11/12/2013;5.49
11/13/2013;5.41
11/14/2013;4.96
11/15/2013;4.82
11/18/2013;4.82
11/19/2013;5.15
11/20/2013;5.71
11/21/2013;5.49
11/22/2013;5.08
11/25/2013;5.13
11/26/2013;5.16
11/27/2013;5.36
11/29/2013;4.67
12/02/2013;5.99
12/03/2013;5.89
12/04/2013;6.06
12/05/2013;5.97
12/06/2013;5.56
12/09/2013;5.55
12/10/2013;5.21
12/11/2013;5.32
12/12/2013;5.48
12/13/2013;5.36
12/16/2013;5.4
12/17/2013;5.18
12/18/2013;4.9
12/19/2013;4.78
12/20/2013;4.64
12/23/2013;4.73
12/24/2013;4.98
12/26/2013;4.91
12/27/2013;5.06
12/30/2013;5.03
12/31/2013;5.13
01/02/2014;5.14
01/03/2014;5.06
01/06/2014;5.13
01/07/2014;5,00
01/08/2014;5.08
01/09/2014;4.83
01/10/2014;4.51
1/13/2014;4.59
1/14/2014;4.84
1/15/2014;4.83
1/16/2014;4.67
1/17/2014;4.46
1/21/2014;4.79
1/22/2014;4.9
1/23/2014;5.07
1/24/2014;5.15
1/27/2014;5.54
1/28/2014;5.3
1/29/2014;5.24
1/30/2014;5.16
1/31/2014;5.38
02/03/2014;6.04
02/04/2014;6.18
02/05/2014;5.93
02/06/2014;5.8
02/07/2014;5.19
02/10/2014;5.13
02/11/2014;5.32
02/12/2014;5.14
2/13/2014;4.72
2/14/2014;4.62
2/18/2014;4.96
2/19/2014;5,00
2/20/2014;4.94
2/21/2014;4.9
2/24/2014;4.84
2/25/2014;4.85
2/26/2014;5.07
2/27/2014;5.01
2/28/2014;5.01
03/03/2014;5.37
03/04/2014;5.31
03/05/2014;5.14
03/06/2014;5.03
03/07/2014;4.72
03/10/2014;4.73
03/11/2014;4.71
03/12/2014;4.7
3/13/2014;4.93
3/14/2014;5.29
3/17/2014;5.2
3/18/2014;4.97
3/19/2014;5.11
3/20/2014;4.68
3/21/2014;4.58
3/24/2014;4.77
3/25/2014;4.66
3/26/2014;4.69
3/27/2014;4.9
3/28/2014;5.03
3/31/2014;5.15
04/01/2014;4.99
04/02/2014;5.07
04/03/2014;5.03
04/04/2014;4.24
04/07/2014;4.11
04/08/2014;4.33
04/09/2014;4.21
04/10/2014;4.38
04/11/2014;4.84
4/14/2014;4.98
4/15/2014;4.96
4/16/2014;4.81
4/17/2014;4.78
4/21/2014;4.74
4/22/2014;4.72
4/23/2014;4.71
4/24/2014;4.81
4/25/2014;4.99
4/28/2014;5.19
4/29/2014;5.12
4/30/2014;4.95
05/01/2014;5.04
05/02/2014;4.63
05/05/2014;4.74
05/06/2014;4.81
05/07/2014;4.65
05/08/2014;4.4
05/09/2014;4.37
05/12/2014;4.45
5/13/2014;4.41
5/14/2014;4.65
5/15/2014;4.95
5/16/2014;4.81
5/19/2014;4.89
5/20/2014;4.86
5/21/2014;4.84
5/22/2014;4.68
5/23/2014;4.66
5/27/2014;4.8
5/28/2014;5.03
5/29/2014;5.08
5/30/2014;5.18
06/02/2014;5.4
06/03/2014;5.46
06/04/2014;5.41
06/05/2014;4.99
06/06/2014;4.64
06/09/2014;4.58
06/10/2014;4.55
06/11/2014;4.56
06/12/2014;4.6
6/13/2014;4.48
6/16/2014;4.58
6/17/2014;4.78
6/18/2014;4.29
6/19/2014;4.28
6/20/2014;4.3
6/23/2014;4.34
6/24/2014;4.39
6/25/2014;4.42
6/26/2014;4.31
6/27/2014;4.3
6/30/2014;4.44
07/01/2014;4.43
07/02/2014;4.41
07/03/2014;3.95
07/07/2014;4.09
07/08/2014;4.19
07/09/2014;4.16
07/10/2014;4.31
07/11/2014;4.23
7/14/2014;4.41
7/15/2014;4.3
7/16/2014;4.12
7/17/2014;4.6
7/18/2014;4.16
7/21/2014;4.4
7/22/2014;4.46
7/23/2014;4.4
7/24/2014;4.49
7/25/2014;4.53
7/28/2014;4.62
7/29/2014;4.63
7/30/2014;4.58
7/31/2014;4.74
08/01/2014;4.28
08/04/2014;4.38
08/05/2014;4.37
08/06/2014;4.51
08/07/2014;4.95
08/08/2014;5.08
08/11/2014;4.94
08/12/2014;4.92
8/13/2014;4.83
8/14/2014;4.79
8/15/2014;5.13
8/18/2014;4.93
8/19/2014;4.89
8/20/2014;4.9
8/21/2014;4.71
8/22/2014;4.69
8/25/2014;4.52
8/26/2014;4.51
8/27/2014;4.61
8/28/2014;4.83
8/29/2014;4.93
09/02/2014;5.17
09/03/2014;5.1
09/04/2014;4.95
09/05/2014;4.57
09/08/2014;4.76
09/09/2014;4.79
09/10/2014;4.95
09/11/2014;4.94
09/12/2014;5.16
9/15/2014;5.28
9/16/2014;5.27
9/17/2014;4.86
9/18/2014;4.85
9/19/2014;4.41
9/22/2014;4.43
9/23/2014;4.41
9/24/2014;4.5
9/25/2014;4.62
9/26/2014;4.83
9/29/2014;4.83
9/30/2014;4.83
10/01/2014;4.85
10/02/2014;4.93
10/03/2014;4.63
10/06/2014;4.68
10/07/2014;4.99
10/08/2014;4.97
10/09/2014;4.98
10/10/2014;5.2
10/13/2014;5.74
10/14/2014;6.31
10/15/2014;7.72
10/16/2014;6.81
10/17/2014;6.37
10/20/2014;5.91
10/21/2014;6.18
10/22/2014;6,00
10/23/2014;6.08
10/24/2014;6.15
10/27/2014;5.95
10/28/2014;5.46
10/29/2014;5.35
10/30/2014;5.11
10/31/2014;5.16
11/03/2014;5.26
11/04/2014;5.4
11/05/2014;5.41
11/06/2014;5.16
11/07/2014;5.08
11/10/2014;5.13
11/11/2014;5.19
11/12/2014;5.26
11/13/2014;5.39
11/14/2014;5.44
11/17/2014;5.45
11/18/2014;5.25
11/19/2014;5.23
11/20/2014;5.1
11/21/2014;5.01
11/24/2014;4.89
11/25/2014;5.31
11/26/2014;5.11
11/28/2014;4.89
12/01/2014;5.49
12/02/2014;5.35
12/03/2014;5.14
12/04/2014;4.99
12/05/2014;4.78
12/08/2014;4.82
12/09/2014;5,00
12/10/2014;5.49
12/11/2014;5.88
12/12/2014;6.61
12/15/2014;6.29
12/16/2014;6.75
12/17/2014;5.85
12/18/2014;5.59
12/19/2014;5.41
12/22/2014;5.44
12/23/2014;5.56
12/24/2014;5.39
12/26/2014;5.31
12/29/2014;5.61
12/30/2014;5.41
12/31/2014;5.35
01/02/2015;5.61
01/05/2015;6.23
01/06/2015;6.84
01/07/2015;6.63
01/08/2015;6.37
01/09/2015;6.21
01/12/2015;6.74
1/13/2015;6.66
1/14/2015;6.85
1/15/2015;7.66
1/16/2015;7.31
1/20/2015;7.24
1/21/2015;6.91
1/22/2015;6.59
1/23/2015;7.04
1/26/2015;6.83
1/27/2015;6.56
1/28/2015;6.6
1/29/2015;6.45
1/30/2015;6.52
02/02/2015;6.49
02/03/2015;6.79
02/04/2015;6.88
02/05/2015;6.66
02/06/2015;6.47
02/09/2015;6.93
02/10/2015;6.99
02/11/2015;6.63
02/12/2015;6.49
2/13/2015;6.64
2/17/2015;6.83
2/18/2015;7.04
2/19/2015;7.1
2/20/2015;6.98
2/23/2015;6.86
2/24/2015;6.42
2/25/2015;6.41
2/26/2015;6.29
2/27/2015;6.23
03/02/2015;6.42
03/03/2015;6.29
03/04/2015;6.12
03/05/2015;5.95
03/06/2015;5.68
03/09/2015;5.65
03/10/2015;5.8
03/11/2015;5.78
03/12/2015;5.79
3/13/2015;5.71
3/16/2015;5.83
3/17/2015;5.83
3/18/2015;5.66
3/19/2015;5.66
3/20/2015;5.53
3/23/2015;5.46
3/24/2015;5.61
3/25/2015;5.57
3/26/2015;5.63
3/27/2015;5.77
3/30/2015;5.77
3/31/2015;5.78
04/01/2015;5.83
04/02/2015;5.66
04/06/2015;5.45
04/07/2015;5.37
04/08/2015;5.09
04/09/2015;5.05
04/10/2015;5.01
4/13/2015;5.14
4/14/2015;4.94
4/15/2015;4.82
4/16/2015;4.85
4/17/2015;4.99
4/20/2015;5.19
4/21/2015;5.06
4/22/2015;5.17
4/23/2015;5.12
4/24/2015;4.89
4/27/2015;5.03
4/28/2015;5.15
4/29/2015;5.32
4/30/2015;5.45
05/01/2015;5.9
05/04/2015;6.27
05/05/2015;6.37
05/06/2015;6.53
05/07/2015;6.16
05/08/2015;5.62
05/11/2015;6.38
05/12/2015;6.5
5/13/2015;6.43
5/14/2015;5.99
5/15/2015;6,00
5/18/2015;6.13
5/19/2015;6.36
5/20/2015;6.22
5/21/2015;6.18
5/22/2015;6,00
5/26/2015;6.15
5/27/2015;5.88
5/28/2015;6.01
5/29/2015;5.99
06/01/2015;6.1
06/02/2015;6.22
06/03/2015;6.74
06/04/2015;6.56
06/05/2015;6.28
06/08/2015;6.29
06/09/2015;6.36
06/10/2015;6.74
06/11/2015;6.18
06/12/2015;6.39
6/15/2015;6.25
6/16/2015;6.21
6/17/2015;5.85
6/18/2015;5.99
6/19/2015;6.2
6/22/2015;6.17
6/23/2015;6.23
6/24/2015;6.18
6/25/2015;6.28
6/26/2015;6.37
6/29/2015;7.27
6/30/2015;6.9
07/01/2015;6.56
07/02/2015;6.58
07/06/2015;6.61
07/07/2015;6.63
07/08/2015;6.76
07/09/2015;6.81
07/10/2015;6.69
7/13/2015;6.32
7/14/2015;6.05
7/15/2015;5.97
7/16/2015;5.66
7/17/2015;5.47
7/20/2015;5.38
7/21/2015;5.33
7/22/2015;5.33
7/23/2015;5.37
7/24/2015;5.4
7/27/2015;5.55
7/28/2015;5.46
7/29/2015;5.24
7/30/2015;5.37
7/31/2015;5.58
08/03/2015;5.68
08/04/2015;5.69
08/05/2015;5.43
08/06/2015;5.59
08/07/2015;5.32
08/10/2015;5.35
08/11/2015;5.6
08/12/2015;5.95
8/13/2015;5.69
8/14/2015;5.65
8/17/2015;5.74
8/18/2015;5.68
8/19/2015;5.59
8/20/2015;5.79
8/21/2015;6.02
8/24/2015;6.47
8/25/2015;6.43
8/26/2015;6.41
8/27/2015;6.2
8/28/2015;6.02
8/31/2015;6.01
09/01/2015;6.27
09/02/2015;6.01
09/03/2015;5.79
09/04/2015;5.66
09/08/2015;5.84
09/09/2015;5.79
09/10/2015;5.64
09/11/2015;5.63
9/14/2015;5.71
9/15/2015;5.94
9/16/2015;6.01
9/17/2015;5.2
9/18/2015;5.09
9/21/2015;5.17
9/22/2015;5.32
9/23/2015;5.34
9/24/2015;5.47
9/25/2015;5.15
9/28/2015;5.63
9/29/2015;5.65
9/30/2015;5.54
10/01/2015;5.34
10/02/2015;5.08
10/05/2015;5.16
10/06/2015;5.17
10/07/2015;5.07
10/08/2015;5.03
10/09/2015;4.98
10/12/2015;5.1
10/13/2015;5.03
10/14/2015;4.98
10/15/2015;4.96
10/16/2015;4.81
10/19/2015;5.02
10/20/2015;5.09
10/21/2015;4.91
10/22/2015;4.88
10/23/2015;4.98
10/26/2015;5.07
10/27/2015;5.17
10/28/2015;5.34
10/29/2015;5.33
10/30/2015;5.28
11/02/2015;5.49
11/03/2015;5.54
11/04/2015;5.57
11/05/2015;5.53
11/06/2015;5.09
11/09/2015;5.19
11/10/2015;5.19
11/11/2015;5.13
11/12/2015;5.11
11/13/2015;4.93
11/16/2015;5.1
11/17/2015;5.08
11/18/2015;4.9
11/19/2015;5.04
11/20/2015;4.84
11/23/2015;5.21
11/24/2015;5.21
11/25/2015;5.11
11/27/2015;5.15
11/30/2015;5.28
12/01/2015;5.52
12/02/2015;5.35
12/03/2015;5.23
12/04/2015;4.83
12/07/2015;4.96
12/08/2015;4.99
12/09/2015;5.15
12/10/2015;5.17
12/11/2015;5.59
12/14/2015;5.97
12/15/2015;5.9
12/16/2015;5.09
12/17/2015;4.77
12/18/2015;4.77
12/21/2015;4.78
12/22/2015;4.83
12/23/2015;4.7
12/24/2015;4.63
12/28/2015;4.81
12/29/2015;5.01
12/30/2015;4.95
12/31/2015;4.96
01/04/2016;5.28
01/05/2016;5.22
01/06/2016;5.33
01/07/2016;5.41
01/08/2016;5.28
01/11/2016;5.28
01/12/2016;5.43
1/13/2016;5.63
1/14/2016;5.53
1/15/2016;6.17
1/19/2016;6.35
1/20/2016;6.29
1/21/2016;5.88
1/22/2016;5.64
1/25/2016;5.8
1/26/2016;5.71
1/27/2016;5.53
1/28/2016;5.39
1/29/2016;5.69
02/01/2016;5.6
02/02/2016;6.03
02/03/2016;6.21
02/04/2016;6.08
02/05/2016;5.99
02/08/2016;7.11
02/09/2016;6.86
02/10/2016;6.72
02/11/2016;7.65
02/12/2016;6.9
2/16/2016;6.37
2/17/2016;6.17
2/18/2016;6.33
2/19/2016;6.26
2/22/2016;6.07
2/23/2016;6.08
2/24/2016;6.02
2/25/2016;6.01
2/26/2016;5.8
2/29/2016;5.76
03/01/2016;5.8
03/02/2016;5.79
03/03/2016;5.63
03/04/2016;5.54
03/07/2016;5.74
03/08/2016;5.96
03/09/2016;5.9
03/10/2016;5.78
03/11/2016;5.7
3/14/2016;5.66
3/15/2016;5.48
3/16/2016;5.47
3/17/2016;5.07
3/18/2016;4.94
3/21/2016;5.31
3/22/2016;5.44
3/23/2016;5.45
3/24/2016;5.35
3/28/2016;5.5
3/29/2016;5.32
3/30/2016;5.22
3/31/2016;5.16
04/01/2016;4.83
04/04/2016;4.99
04/05/2016;5.28
04/06/2016;5.04
04/07/2016;5.32
04/08/2016;5.16
04/11/2016;5.12
04/12/2016;5.12
4/13/2016;4.99
4/14/2016;5.05
4/15/2016;4.78
4/18/2016;4.94
4/19/2016;5.09
4/20/2016;5.3
4/21/2016;5.53
4/22/2016;5.37
4/25/2016;5.61
4/26/2016;5.38
4/27/2016;5.34
4/28/2016;5.5
4/29/2016;5.45
05/02/2016;5.51
05/03/2016;5.65
05/04/2016;5.58
05/05/2016;5.54
05/06/2016;5.18
05/09/2016;5.33
05/10/2016;5.28
05/11/2016;5.33
05/12/2016;5.32
5/13/2016;5.45
5/16/2016;5.57
5/17/2016;5.38
5/18/2016;5.56
5/19/2016;5.55
5/20/2016;5.27
5/23/2016;5.32
5/24/2016;5.12
5/25/2016;4.88
5/26/2016;4.81
5/27/2016;4.8
5/31/2016;5.17
06/01/2016;5.19
06/02/2016;5.16
06/03/2016;5.02
06/06/2016;4.95
06/07/2016;4.89
06/08/2016;4.97
06/09/2016;5.15
06/10/2016;5.56
6/13/2016;6.24
6/14/2016;6.04
6/15/2016;6.16
6/16/2016;6.64
6/17/2016;6.33
6/20/2016;6.26
6/21/2016;6.15
6/22/2016;6.38
6/23/2016;6.05
6/24/2016;6.58
6/27/2016;6.75
6/28/2016;6.04
6/29/2016;5.46
6/30/2016;5.63
07/01/2016;5.58
07/05/2016;6.06
07/06/2016;5.99
07/07/2016;5.99
07/08/2016;5.51
07/11/2016;5.56
07/12/2016;5.62
7/13/2016;5.63
7/14/2016;5.74
7/15/2016;5.83
7/18/2016;5.6
7/19/2016;5.52
7/20/2016;5.41
7/21/2016;5.43
7/22/2016;5.31
7/25/2016;5.47
7/26/2016;5.33
7/27/2016;5.14
7/28/2016;5.24
7/29/2016;4.84
08/01/2016;5.02
08/02/2016;5.29
08/03/2016;5.23
08/04/2016;5.07
08/05/2016;5.02
08/08/2016;5.04
08/09/2016;4.92
08/10/2016;4.8
08/11/2016;4.97
08/12/2016;4.81
8/15/2016;5.08
8/16/2016;5.09
8/17/2016;4.98
8/18/2016;4.99
8/19/2016;5.03
8/22/2016;5.1
8/23/2016;4.95
8/24/2016;5.09
8/25/2016;5.39
8/26/2016;5.42
8/29/2016;5.14
8/30/2016;5.12
8/31/2016;5.16
09/01/2016;5.16
09/02/2016;4.75
09/06/2016;4.65
09/07/2016;4.7
09/08/2016;4.81
09/09/2016;5.18
09/12/2016;5.08
9/13/2016;5.24
9/14/2016;5.25
9/15/2016;5.06
9/16/2016;4.83
9/19/2016;5.14
9/20/2016;5.12
9/21/2016;4.62
9/22/2016;4.4
9/23/2016;4.41
9/26/2016;4.6
9/27/2016;4.46
9/28/2016;4.38
9/29/2016;4.67
9/30/2016;4.73
10/03/2016;4.62
10/04/2016;4.66
10/05/2016;4.6
10/06/2016;4.74
10/07/2016;4.59
10/10/2016;4.77
10/11/2016;4.73
10/12/2016;4.71
10/13/2016;4.62
10/14/2016;4.52
10/17/2016;4.61
10/18/2016;4.38
10/19/2016;4.44
10/20/2016;4.17
10/21/2016;3.94
10/24/2016;4.13
10/25/2016;4.14
10/26/2016;4.36
10/27/2016;4.54
10/28/2016;4.58
10/31/2016;4.9
11/01/2016;4.98
11/02/2016;5.03
11/03/2016;5.16
11/04/2016;5.31
11/07/2016;5.44
11/08/2016;5.14
11/09/2016;5.74
11/10/2016;5.92
11/11/2016;6.26
11/14/2016;7.07
11/15/2016;6.43
11/16/2016;6.17
11/17/2016;6.17
11/18/2016;6.83
11/21/2016;6.74
11/22/2016;6.2
11/23/2016;6.41
11/25/2016;6.72
11/28/2016;6.41
11/29/2016;6.26
11/30/2016;6.95
12/01/2016;7.01
12/02/2016;6.84
12/05/2016;6.52
12/06/2016;6.14
12/07/2016;5.93
12/08/2016;5.7
12/09/2016;5.94
12/12/2016;6.26
12/13/2016;6.08
12/14/2016;6.26
12/15/2016;6.16
12/16/2016;5.26
12/19/2016;5.14
12/20/2016;5.37
12/21/2016;5.34
12/22/2016;5.3
12/23/2016;5.27
12/27/2016;5.43
12/28/2016;5.35
12/29/2016;5.49
12/30/2016;5.4
01/03/2017;5.82
01/04/2017;5.8
01/05/2017;6.12
01/06/2017;5.64
01/09/2017;5.78
01/10/2017;5.59
01/11/2017;5.44
01/12/2017;5.51
1/13/2017;5.44
1/17/2017;5.86
1/18/2017;5.87
1/19/2017;6,00
1/20/2017;5.56
1/23/2017;5.77
1/24/2017;5.83
1/25/2017;5.91
1/26/2017;5.65
1/27/2017;5.47
1/30/2017;5.7
1/31/2017;5.79
02/01/2017;5.56
02/02/2017;5.4
02/03/2017;5.07
02/06/2017;5.42
02/07/2017;5.39
02/08/2017;5.54
02/09/2017;5.39
02/10/2017;5.3
2/13/2017;5.33
2/14/2017;5.09
2/15/2017;4.87
2/16/2017;4.97
2/17/2017;5.18
2/21/2017;5.37
2/22/2017;5.41
2/23/2017;5.29
2/24/2017;5.37
2/27/2017;5.46
2/28/2017;5.68
03/01/2017;5.29
03/02/2017;5.04
03/03/2017;4.79
03/06/2017;4.91
03/07/2017;4.82
03/08/2017;4.98
03/09/2017;5.07
03/10/2017;4.79
3/13/2017;5.03
3/14/2017;5.05
3/15/2017;4.54
3/16/2017;4.56
3/17/2017;4.34
3/20/2017;4.43
3/21/2017;4.69
3/22/2017;4.83
3/23/2017;5.01
3/24/2017;4.75
3/27/2017;4.87
3/28/2017;4.75
3/29/2017;4.69
3/30/2017;4.73
3/31/2017;4.68
04/03/2017;4.95
04/04/2017;5.14
04/05/2017;5.25
04/06/2017;5.12
04/07/2017;5.08
04/10/2017;5.3
04/11/2017;5.67
04/12/2017;5.89
4/13/2017;5.59
4/17/2017;5.67
4/18/2017;5.81
4/19/2017;5.74
4/20/2017;5.76
4/21/2017;6.28
4/24/2017;5.08
4/25/2017;4.87
4/26/2017;4.79
4/27/2017;4.59
4/28/2017;4.65
05/01/2017;4.75
05/02/2017;4.73
05/03/2017;4.69
05/04/2017;4.83
05/05/2017;4.85
05/08/2017;4.52
05/09/2017;4.56
05/10/2017;4.38
05/11/2017;4.52
05/12/2017;4.48
5/15/2017;4.41
5/16/2017;4.36
5/17/2017;5,00
5/18/2017;4.67
5/19/2017;4.6
5/22/2017;4.53
5/23/2017;4.53
5/24/2017;4.45
5/25/2017;4.37
5/26/2017;4.28
5/30/2017;4.57
5/31/2017;4.57
06/01/2017;4.51
06/02/2017;4.36
06/05/2017;4.37
06/06/2017;4.53
06/07/2017;4.5
06/08/2017;4.38
06/09/2017;4.21
06/12/2017;4.25
6/13/2017;4.22
6/14/2017;4.25
6/15/2017;4.17
6/16/2017;3.98
6/19/2017;4.2
6/20/2017;4.16
6/21/2017;4.24
6/22/2017;4.11
6/23/2017;4.05
6/26/2017;3.98
6/27/2017;4.29
6/28/2017;4.3
6/29/2017;4.63
6/30/2017;4.87
07/03/2017;4.82
07/05/2017;4.64
07/06/2017;4.68
07/07/2017;4.45
07/10/2017;4.38
07/11/2017;4.43
07/12/2017;4.3
7/13/2017;4.28
7/14/2017;3.75
7/17/2017;3.89
7/18/2017;3.93
7/19/2017;3.87
7/20/2017;3.72
7/21/2017;3.64
7/24/2017;3.88
7/25/2017;4.2
7/26/2017;3.81
7/27/2017;3.89
7/28/2017;3.85
7/31/2017;4,00
08/01/2017;4.05
08/02/2017;3.88
08/03/2017;3.86
08/04/2017;3.74
08/07/2017;3.83
08/08/2017;4,00
08/09/2017;4.26
08/10/2017;4.56
08/11/2017;4.43
8/14/2017;4.19
8/15/2017;4.08
8/16/2017;4.03
8/17/2017;4.22
8/18/2017;4.19
8/21/2017;4.39
8/22/2017;4.15
8/23/2017;4.29
8/24/2017;4.25
8/25/2017;4.01
8/28/2017;3.92
8/29/2017;4.19
8/30/2017;4.19
8/31/2017;4.14
09/01/2017;3.93
09/05/2017;4.54
09/06/2017;4.52
09/07/2017;4.6
09/08/2017;4.62
09/11/2017;4.27
09/12/2017;4.19
9/13/2017;4.17
9/14/2017;4.12
9/15/2017;3.78
9/18/2017;4.01
9/19/2017;4.05
9/20/2017;4.08
9/21/2017;3.92
9/22/2017;4.11
9/25/2017;4.32
9/26/2017;4.1
9/27/2017;4.15
9/28/2017;4.08
9/29/2017;4.24
10/02/2017;4.33
10/03/2017;4.21
10/04/2017;4.23
10/05/2017;4.3
10/06/2017;4.35
10/09/2017;4.38
10/10/2017;4.34
10/11/2017;4.2
10/12/2017;4.21
10/13/2017;3.93
10/16/2017;3.93
10/17/2017;4.04
10/18/2017;4.18
10/19/2017;4.13
10/20/2017;4.39
10/23/2017;4.41
10/24/2017;4.52
10/25/2017;4.53
10/26/2017;4.47
10/27/2017;4.03
10/30/2017;4.12
10/31/2017;4.09
11/01/2017;3.95
11/02/2017;3.73
11/03/2017;3.55
11/06/2017;3.71
11/07/2017;3.67
11/08/2017;3.66
11/09/2017;3.69
11/10/2017;3.84
11/13/2017;3.9
11/14/2017;3.86
11/15/2017;3.93
11/16/2017;3.88
11/17/2017;3.81
11/20/2017;3.83
11/21/2017;3.79
11/22/2017;3.59
11/24/2017;3.4
11/27/2017;3.6
11/28/2017;3.6
11/29/2017;3.62
11/30/2017;3.86
12/01/2017;4.03
12/04/2017;4.06
12/05/2017;3.93
12/06/2017;3.79
12/07/2017;3.78
12/08/2017;3.59
12/11/2017;3.65
12/12/2017;3.72
12/13/2017;3.44
12/14/2017;3.5
12/15/2017;3.21
12/18/2017;3.32
12/19/2017;3.43
12/20/2017;3.52
12/21/2017;3.52
12/22/2017;3.61
12/26/2017;3.55
12/27/2017;3.42
12/28/2017;3.49
12/29/2017;3.52
01/02/2018;3.73
01/03/2018;3.55
01/04/2018;3.6
01/05/2018;3.44
01/08/2018;3.52
01/09/2018;3.78
01/10/2018;3.68
01/11/2018;3.68
01/12/2018;3.63
1/16/2018;3.66
1/17/2018;3.69
1/18/2018;3.96
1/19/2018;4.27
1/22/2018;4.14
1/23/2018;4.03
1/24/2018;4.18
1/25/2018;3.99
1/26/2018;4.4
1/29/2018;4.39
1/30/2018;4.51
1/31/2018;4.37
02/01/2018;4.49
02/02/2018;4.48
02/05/2018;5.08
02/06/2018;5.13
02/07/2018;5.15
02/08/2018;6.07
02/09/2018;5.78
02/12/2018;5.35
2/13/2018;5.43
2/14/2018;5.33
2/15/2018;4.8
2/16/2018;4.56
2/20/2018;4.77
2/21/2018;4.83
2/22/2018;4.78
2/23/2018;4.88
2/26/2018;4.84
2/27/2018;4.86
2/28/2018;4.83
03/01/2018;4.82
03/02/2018;4.92
03/05/2018;4.89
03/06/2018;4.72
03/07/2018;4.78
03/08/2018;4.51
03/09/2018;4.3
03/12/2018;4.2
3/13/2018;4.04
3/14/2018;4.2
3/15/2018;4.13
3/16/2018;4.1
3/19/2018;4.38
3/20/2018;4.4
3/21/2018;3.87
3/22/2018;4,00
3/23/2018;4.12
3/26/2018;3.94
3/27/2018;4.04
3/28/2018;4.14
3/29/2018;4.17
04/02/2018;4.33
04/03/2018;4.02
04/04/2018;3.93
04/05/2018;3.88
04/06/2018;3.85
04/09/2018;3.82
04/10/2018;3.78
04/11/2018;3.72
04/12/2018;3.72
4/13/2018;3.53
4/16/2018;3.64
4/17/2018;3.46
4/18/2018;3.66
4/19/2018;3.72
4/20/2018;3.76
4/23/2018;3.87
4/24/2018;3.99
4/25/2018;4.31
4/26/2018;4.06
4/27/2018;3.81
4/30/2018;3.93
05/01/2018;3.98
05/02/2018;3.77
05/03/2018;3.72
05/04/2018;3.58
05/07/2018;3.68
05/08/2018;3.85
05/09/2018;3.85
05/10/2018;3.61
05/11/2018;3.44
5/14/2018;3.58
5/15/2018;3.87
5/16/2018;4.08
5/17/2018;4.05
5/18/2018;3.82
5/21/2018;4.1
5/22/2018;3.87
5/23/2018;3.96
5/24/2018;3.74
5/25/2018;3.81
5/29/2018;5.08
5/30/2018;4.8
5/31/2018;4.54
06/01/2018;4.08
06/04/2018;4.08
06/05/2018;4.08
06/06/2018;4.22
06/07/2018;4.31
06/08/2018;4.38
06/11/2018;4.43
06/12/2018;4.34
6/13/2018;4.07
6/14/2018;3.95
6/15/2018;3.66
6/18/2018;3.74
6/19/2018;3.95
6/20/2018;3.79
6/21/2018;4.01
6/22/2018;3.76
6/25/2018;4.01
6/26/2018;3.79
6/27/2018;3.98
6/28/2018;3.92
6/29/2018;3.72
07/02/2018;3.79
07/03/2018;3.87
07/05/2018;3.87
07/06/2018;3.71
07/09/2018;3.77
07/10/2018;3.79
07/11/2018;3.86
07/12/2018;3.69
7/13/2018;3.63
7/16/2018;3.76
7/17/2018;3.65
7/18/2018;3.62
7/19/2018;3.65
7/20/2018;3.76
7/23/2018;4.09
7/24/2018;3.94
7/25/2018;3.92
7/26/2018;3.91
7/27/2018;3.74
7/30/2018;3.97
7/31/2018;3.65
08/01/2018;3.79
08/02/2018;3.78
08/03/2018;3.69
08/06/2018;3.68
08/07/2018;3.65
08/08/2018;3.63
08/09/2018;3.58
08/10/2018;3.94
8/13/2018;4.15
8/14/2018;3.86
8/15/2018;3.99
8/16/2018;3.88
8/17/2018;3.87
8/20/2018;3.97
8/21/2018;3.73
8/22/2018;3.8
8/23/2018;3.72
8/24/2018;3.51
8/27/2018;3.58
8/28/2018;3.69
8/29/2018;3.58
8/30/2018;3.74
8/31/2018;3.65
09/04/2018;3.81
09/05/2018;3.72
09/06/2018;3.72
09/07/2018;3.58
09/10/2018;3.6
09/11/2018;3.52
09/12/2018;3.42
9/13/2018;3.33
9/14/2018;3.16
9/17/2018;3.27
9/18/2018;3.37
9/19/2018;3.54
9/20/2018;3.5
9/21/2018;3.41
9/24/2018;3.62
9/25/2018;3.71
9/26/2018;3.45
9/27/2018;3.33
9/28/2018;3.34
10/01/2018;3.47
10/02/2018;3.46
10/03/2018;3.87
10/04/2018;4.14
10/05/2018;4.21
10/08/2018;4.32
10/09/2018;4.1
10/10/2018;4.42
10/11/2018;4.16
10/12/2018;3.93
10/15/2018;3.89
10/16/2018;3.71
10/17/2018;3.67
10/18/2018;3.78
10/19/2018;3.74
10/22/2018;3.93
10/23/2018;4.16
10/24/2018;4.69
10/25/2018;4.28
10/26/2018;4.69
10/29/2018;4.67
10/30/2018;4.64
10/31/2018;4.41
11/01/2018;4.34
11/02/2018;4.58
11/05/2018;4.43
11/06/2018;4.66
11/07/2018;4.01
11/08/2018;4.01
11/09/2018;3.82
11/12/2018;3.9
11/13/2018;4.08
11/14/2018;4.17
11/15/2018;4.07
11/16/2018;4.21
11/19/2018;4.37
11/20/2018;4.29
11/21/2018;4.32
11/23/2018;4.01
11/26/2018;3.94
11/27/2018;3.89
11/28/2018;3.83
11/29/2018;3.85
11/30/2018;3.88
12/03/2018;3.76
12/04/2018;3.99
12/06/2018;4.23
12/07/2018;4.35
12/10/2018;4.38
12/11/2018;4.29
12/12/2018;4.01
12/13/2018;3.81
12/14/2018;3.66
12/17/2018;4.04
12/18/2018;4.11
12/19/2018;3.83
12/20/2018;4.31
12/21/2018;4.89
12/24/2018;4.91
12/26/2018;4.41
12/27/2018;4.57
12/28/2018;4.55
12/31/2018;4.58
01/02/2019;4.39
01/03/2019;5.04
01/04/2019;4.63
01/07/2019;4.48
01/08/2019;4.42
01/09/2019;4.29
01/10/2019;4.16
01/11/2019;4.02
1/14/2019;4.05
1/15/2019;3.97
1/16/2019;3.92
1/17/2019;4.02
1/18/2019;3.84
1/22/2019;4.25
1/23/2019;4.1
1/24/2019;4.07
1/25/2019;3.8
1/28/2019;3.87
1/29/2019;3.92
1/30/2019;3.79
1/31/2019;3.83
02/01/2019;3.66
02/04/2019;3.73
02/05/2019;3.64
02/06/2019;3.6
02/07/2019;3.66
02/08/2019;3.64
02/11/2019;3.68
02/12/2019;3.72
2/13/2019;3.6
2/14/2019;3.62
2/15/2019;3.42
2/19/2019;3.64
2/20/2019;3.47
2/21/2019;3.61
2/22/2019;3.55
2/25/2019;3.58
2/26/2019;3.69
2/27/2019;3.89
2/28/2019;3.86
03/01/2019;3.88
03/04/2019;3.86
03/05/2019;3.72
03/06/2019;3.64
03/07/2019;3.71
03/08/2019;3.62
03/11/2019;3.69
03/12/2019;3.76
3/13/2019;3.75
3/14/2019;3.76
3/15/2019;3.76
3/18/2019;3.55
3/19/2019;3.45
3/20/2019;3.42
3/21/2019;3.55
3/22/2019;4.29
3/25/2019;5.24
3/26/2019;4.54
3/27/2019;4.78
3/28/2019;4.42
3/29/2019;4.39
04/01/2019;3.91
04/02/2019;3.97
04/03/2019;3.77
04/04/2019;3.78
04/05/2019;3.62
04/08/2019;3.64
04/09/2019;3.68
04/10/2019;3.59
04/11/2019;3.42
04/12/2019;3.45
4/15/2019;3.5
4/16/2019;3.62
4/17/2019;3.68
4/18/2019;3.56
4/22/2019;3.56
4/23/2019;3.91
4/24/2019;3.9
4/25/2019;3.81
4/26/2019;3.64
4/29/2019;4.07
4/30/2019;3.96
05/01/2019;3.83
05/02/2019;3.72
05/03/2019;3.59
05/06/2019;3.99
05/07/2019;4.35
05/08/2019;4.18
05/09/2019;4.31
05/10/2019;4.03
5/13/2019;4.37
5/14/2019;4.15
5/15/2019;4.11
5/16/2019;4,00
5/17/2019;4.1
5/20/2019;4.18
5/21/2019;4.08
5/22/2019;4.08
5/23/2019;4.41
5/24/2019;4.22
5/28/2019;4.77
5/29/2019;4.69
5/30/2019;4.66
5/31/2019;5.61
06/03/2019;5.72
06/04/2019;5.21
06/05/2019;5.28
06/06/2019;5.08
06/07/2019;4.64
06/10/2019;4.42
06/11/2019;4.49
06/12/2019;4.69
6/13/2019;5.28
6/14/2019;5.41
6/17/2019;5.36
6/18/2019;5.22
6/19/2019;4.85
6/20/2019;4.84
6/21/2019;4.85
6/24/2019;4.96
6/25/2019;5.05
6/26/2019;4.75
6/27/2019;4.78
6/28/2019;4.7
07/01/2019;4.38
07/02/2019;4.39
07/03/2019;4.33
07/05/2019;4.15
07/08/2019;4.27
07/09/2019;4.27
07/10/2019;4.25
07/11/2019;4.36
07/12/2019;4.2
7/15/2019;4.34
7/16/2019;4.32
7/17/2019;4.38
7/18/2019;4.41
7/19/2019;4.28
7/22/2019;4.37
7/23/2019;4.41
7/24/2019;4.47
7/25/2019;4.58
7/26/2019;4.24
7/29/2019;4.35
7/30/2019;4.28
7/31/2019;4.22
08/01/2019;4.95
08/02/2019;4.84
08/05/2019;5.76
08/06/2019;5.41
08/07/2019;5.6
08/08/2019;5.47
08/09/2019;5.18
08/12/2019;5.76
8/13/2019;5.38
8/14/2019;5.87
8/15/2019;6.4
8/16/2019;5.94
8/19/2019;5.72
8/20/2019;5.75
8/21/2019;5.38
8/22/2019;5.35
8/23/2019;5.59
8/26/2019;5.51
8/27/2019;5.54
8/28/2019;5.43
8/29/2019;5.23
8/30/2019;5.29
09/03/2019;5.36
09/04/2019;5.21
09/05/2019;5.1
09/06/2019;4.8
09/09/2019;4.88
09/10/2019;5.11
09/11/2019;5.14
09/12/2019;5.14
9/13/2019;5.88
9/16/2019;5.97
9/17/2019;5.83
9/18/2019;5.66
9/19/2019;5.33
9/20/2019;5.61
9/23/2019;5.55
9/24/2019;5.64
9/25/2019;5.5
9/26/2019;5.43
9/27/2019;5.34
9/30/2019;5.29
10/01/2019;5.66
10/02/2019;5.57
10/03/2019;5.33
10/04/2019;5.18
10/07/2019;5.23
10/08/2019;5.33
10/09/2019;5.18
10/10/2019;5.21
10/11/2019;5.35
10/14/2019;5.28
10/15/2019;5.31
10/16/2019;5.19
10/17/2019;5.23
10/18/2019;5.32
10/21/2019;5.38
10/22/2019;5.21
10/23/2019;5.08
10/24/2019;4.78
10/25/2019;4.61
10/28/2019;4.88
10/29/2019;4.7
10/30/2019;4.35
10/31/2019;4.4
11/01/2019;4.08
11/04/2019;4.2
11/05/2019;4.3
11/06/2019;4.27
11/07/2019;4.94
11/08/2019;4.69
11/11/2019;4.76
11/12/2019;4.62
11/13/2019;4.46
11/14/2019;4.5
11/15/2019;4.28
11/18/2019;4.34
11/19/2019;4.28
11/20/2019;4.48
11/21/2019;4.31
11/22/2019;4.11
11/25/2019;4.12
11/26/2019;4.18
11/27/2019;4.05
11/29/2019;4.18
12/02/2019;4.35
12/03/2019;4.59
12/04/2019;4.47
12/05/2019;4.51
12/06/2019;4.54
12/09/2019;4.75
12/10/2019;4.63
12/11/2019;4.45
12/12/2019;4.53
12/13/2019;4.11
12/16/2019;3.97
12/17/2019;3.89
12/18/2019;3.87
12/19/2019;3.93
12/20/2019;3.91
12/23/2019;4.15
12/24/2019;4.12
12/26/2019;4.16
12/27/2019;3.93
12/30/2019;4.22
12/31/2019;4.13
01/02/2020;4.09
01/03/2020;4.3
01/06/2020;4.36
01/07/2020;4.31
01/08/2020;4.24
01/09/2020;4.03
01/10/2020;3.72
1/13/2020;3.67
1/14/2020;3.73
1/15/2020;3.74
1/16/2020;3.74
1/17/2020;3.5
1/21/2020;3.95
1/22/2020;3.95
1/23/2020;4.12
1/24/2020;4.28
1/27/2020;4.82
1/28/2020;4.63
1/29/2020;4.81
1/30/2020;4.72
1/31/2020;5.35
02/03/2020;5.07
02/04/2020;4.59
02/05/2020;4.35
02/06/2020;4.06
02/07/2020;4.49
02/10/2020;4.64
02/11/2020;4.43
02/12/2020;4.25
2/13/2020;4.31
2/14/2020;4.27
2/18/2020;4.54
2/19/2020;4.5
2/20/2020;4.6
2/21/2020;4.94
2/24/2020;5.69
2/25/2020;5.55
2/26/2020;5.75
2/27/2020;6.31
2/28/2020;7.58
03/02/2020;6.56
03/03/2020;6.76
03/04/2020;5.85
03/05/2020;6.55
03/06/2020;9.8
03/09/2020;14.19
03/10/2020;10.45
03/11/2020;10.95
03/12/2020;13.6
3/13/2020;9.55
3/16/2020;10.45
3/17/2020;9.58
3/18/2020;15.39
3/19/2020;16.39
3/20/2020;13.28
3/23/2020;13.16
3/24/2020;9.5
3/25/2020;8.15
3/26/2020;9.55
3/27/2020;8.27
3/30/2020;9.53
3/31/2020;8.35
04/01/2020;7.73
04/02/2020;6.6
04/03/2020;6.11
04/06/2020;6.08
04/07/2020;6.97
04/08/2020;6.74
04/09/2020;6.58
4/13/2020;6.78
4/14/2020;6.12
4/15/2020;6.66
4/16/2020;6.46
4/17/2020;6.93
4/20/2020;7.06
4/21/2020;7.19
4/22/2020;6.7
4/23/2020;6.31
4/24/2020;5.82
