01/08/10;3,83;3,86;3,75;3,84
01/11/10;3,83;3,85;3,79;3,81
01/12/10;3,81;3,81;3,72;3,73
01/13/10;3,72;3,76;3,70;3,73
01/14/10;3,78;3,80;3,74;3,75
01/15/10;3,74;3,75;3,66;3,67
01/18/10;3,74;3,75;3,65;3,68
01/19/10;3,67;3,73;3,64;3,72
01/20/10;3,70;3,70;3,64;3,64
01/21/10;3,65;3,68;3,63;3,64
01/22/10;3,60;3,63;3,58;3,61
01/25/10;3,62;3,65;3,61;3,62
01/26/10;3,58;3,62;3,56;3,61
01/27/10;3,62;3,64;3,58;3,60
01/28/10;3,65;3,69;3,64;3,66
01/29/10;3,63;3,70;3,61;3,66
02/01/10;3,61;3,67;3,59;3,66
02/02/10;3,66;3,68;3,63;3,65
02/03/10;3,65;3,69;3,64;3,68
02/04/10;3,70;3,71;3,62;3,64
02/05/10;3,61;3,64;3,56;3,60
02/08/10;3,59;3,61;3,56;3,59
02/09/10;3,58;3,62;3,57;3,58
02/10/10;3,65;3,65;3,61;3,63
02/11/10;3,71;3,74;3,68;3,72
02/12/10;3,72;3,72;3,67;3,68
02/15/10;3,72;3,72;3,67;3,70
02/16/10;3,70;3,73;3,69;3,71
02/17/10;3,67;3,71;3,67;3,69
02/18/10;3,73;3,77;3,70;3,76
02/19/10;3,81;3,83;3,77;3,81
02/22/10;3,78;3,81;3,78;3,79
02/23/10;3,80;3,81;3,71;3,73
02/24/10;3,70;3,72;3,65;3,68
02/25/10;3,65;3,70;3,62;3,65
02/26/10;3,64;3,66;3,61;3,62
03/01/10;3,63;3,64;3,60;3,62
03/02/10;3,62;3,65;3,60;3,64
03/03/10;3,61;3,65;3,60;3,65
03/04/10;3,62;3,66;3,59;3,60
03/05/10;3,61;3,70;3,60;3,69
03/08/10;3,70;3,73;3,69;3,72
03/09/10;3,70;3,72;3,67;3,70
03/10/10;3,71;3,75;3,69;3,74
03/11/10;3,73;3,75;3,71;3,74
03/12/10;3,74;3,79;3,71;3,72
03/15/10;3,71;3,74;3,69;3,73
03/16/10;3,70;3,72;3,67;3,68
03/17/10;3,65;3,67;3,63;3,65
03/18/10;3,64;3,68;3,62;3,67
03/19/10;3,68;3,71;3,66;3,67
03/22/10;3,69;3,69;3,65;3,66
03/23/10;3,66;3,68;3,65;3,66
03/24/10;3,69;3,80;3,68;3,77
03/25/10;3,83;3,87;3,82;3,87
03/26/10;3,88;3,90;3,85;3,86
03/29/10;3,88;3,89;3,84;3,87
03/30/10;3,87;3,91;3,85;3,88
03/31/10;3,86;3,87;3,82;3,84
04/01/10;3,84;3,89;3,82;3,86
04/02/10;3,87;3,96;3,85;3,94
04/05/10;3,94;4,00;3,93;3,99
04/06/10;3,98;3,98;3,94;3,96
04/07/10;3,95;3,97;3,93;3,95
04/08/10;3,86;3,88;3,83;3,87
04/09/10;3,90;3,93;3,87;3,91
04/12/10;3,92;3,93;3,84;3,84
04/13/10;3,85;3,85;3,80;3,84
04/14/10;3,83;3,85;3,80;3,82
04/15/10;3,86;3,89;3,83;3,83
04/16/10;3,84;3,84;3,76;3,77
04/19/10;3,74;3,80;3,78;3,78
04/20/10;3,80;3,83;3,79;3,82
04/21/10;3,81;3,82;3,74;3,76
04/22/10;3,74;3,76;3,71;3,73
04/23/10;3,77;3,83;3,75;3,81
04/26/10;3,82;3,84;3,78;3,79
04/27/10;3,80;3,81;3,66;3,69
04/28/10;3,68;3,76;3,66;3,74
04/29/10;3,68;3,79;3,77;3,77
04/30/10;3,73;3,75;3,68;3,69
05/03/10;3,69;3,71;3,68;3,71
05/04/10;3,70;3,71;3,60;3,63
05/05/10;3,60;3,62;3,49;3,57
05/06/10;3,55;3,59;3,45;3,47
05/07/10;3,40;3,51;3,29;3,42
05/10/10;3,56;3,61;3,48;3,56
05/11/10;3,53;3,57;3,46;3,55
05/12/10;3,53;3,58;3,49;3,56
05/13/10;3,57;3,58;3,48;3,54
05/14/10;3,53;3,54;3,41;3,43
05/17/10;3,45;3,45;3,44;3,45
05/18/10;3,48;3,50;3,42;3,43
05/19/10;3,38;3,40;3,31;3,33
05/20/10;3,37;3,38;3,20;3,24
05/21/10;3,22;3,27;3,10;3,23
05/24/10;3,24;3,24;3,16;3,21
05/25/10;3,20;3,20;3,07;3,15
05/26/10;3,19;3,26;3,17;3,22
05/27/10;3,19;3,35;3,19;3,32
05/28/10;3,35;3,35;3,30;3,32
05/31/10;3,35;3,35;3,29;3,30
06/01/10;3,31;3,31;3,22;3,27
06/02/10;3,27;3,32;3,25;3,32
06/03/10;3,34;3,42;3,32;3,36
06/04/10;3,37;3,38;3,21;3,22
06/07/10;3,20;3,24;3,15;3,20
06/08/10;3,17;3,20;3,13;3,18
06/09/10;3,19;3,24;3,17;3,23
06/10/10;3,18;3,27;3,17;3,26
06/11/10;3,32;3,33;3,23;3,25
06/14/10;3,26;3,33;3,25;3,33
06/15/10;3,26;3,31;3,23;3,28
06/16/10;3,31;3,32;3,24;3,28
06/17/10;3,26;3,29;3,18;3,20
06/18/10;3,20;3,23;3,17;3,22
06/21/10;3,27;3,31;3,25;3,27
06/22/10;3,25;3,27;3,20;3,22
06/23/10;3,17;3,19;3,09;3,12
06/24/10;3,12;3,13;3,06;3,10
06/25/10;3,13;3,17;3,08;3,09
06/28/10;3,11;3,11;3,04;3,05
06/29/10;3,03;3,04;2,95;2,99
06/30/10;2,96;2,99;2,92;2,98
07/01/10;2,94;2,96;2,88;2,90
07/02/10;2,95;2,99;2,90;2,96
07/05/10;2,95;2,97;2,93;2,94
07/06/10;2,93;2,99;2,87;2,97
07/07/10;2,94;2,97;2,91;2,95
07/08/10;2,99;3,06;2,97;3,02
07/09/10;3,03;3,06;3,02;3,05
07/12/10;3,05;3,07;3,01;3,02
07/13/10;3,04;3,11;2,97;3,10
07/14/10;3,13;3,13;3,06;3,10
07/15/10;3,04;3,08;2,96;2,97
07/16/10;3,00;3,01;2,92;2,92
07/19/10;3,00;3,00;2,92;2,95
07/20/10;2,96;2,98;2,90;2,93
07/21/10;2,96;2,97;2,92;2,94
07/22/10;2,87;2,95;2,86;2,93
07/23/10;2,95;3,00;2,93;2,96
07/26/10;2,99;3,03;2,97;3,02
07/27/10;3,00;3,06;2,98;3,05
07/28/10;3,04;3,06;3,02;3,05
07/29/10;3,00;3,03;2,96;2,97
07/30/10;2,98;2,99;2,91;2,92
08/02/10;2,92;2,96;2,91;2,95
08/03/10;2,96;2,96;2,89;2,91
08/04/10;2,92;2,96;2,88;2,94
08/05/10;2,95;2,96;2,90;2,90
08/06/10;2,91;2,92;2,82;2,83
08/09/10;2,82;2,84;2,80;2,83
08/10/10;2,83;2,84;2,81;2,83
08/11/10;2,75;2,75;2,69;2,72
08/12/10;2,70;2,74;2,68;2,74
08/13/10;2,75;2,75;2,69;2,70
08/16/10;2,67;2,68;2,58;2,60
08/17/10;2,58;2,65;2,57;2,64
08/18/10;2,62;2,62;2,58;2,61
08/19/10;2,63;2,68;2,56;2,58
08/20/10;2,58;2,59;2,53;2,56
08/23/10;2,61;2,64;2,60;2,61
08/24/10;2,60;2,60;2,46;2,53
08/25/10;2,50;2,52;2,42;2,48
08/26/10;2,54;2,55;2,49;2,53
08/27/10;2,48;2,63;2,48;2,63
08/30/10;2,65;2,66;2,53;2,55
08/31/10;2,54;2,54;2,46;2,49
09/01/10;2,48;2,63;2,45;2,60
09/02/10;2,57;2,64;2,55;2,62
09/03/10;2,62;2,76;2,61;2,72
09/06/10;2,62;2,79;2,61;2,71
09/07/10;2,68;2,70;2,63;2,64
09/08/10;2,61;2,66;2,57;2,66
09/09/10;2,65;2,73;2,62;2,72
09/10/10;2,75;2,82;2,73;2,79
09/13/10;2,82;2,85;2,76;2,77
09/14/10;2,75;2,76;2,67;2,70
09/15/10;2,67;2,73;2,66;2,68
09/16/10;2,73;2,79;2,67;2,78
09/17/10;2,76;2,81;2,69;2,73
09/20/10;2,74;2,76;2,71;2,73
09/21/10;2,71;2,71;2,65;2,66
09/22/10;2,57;2,57;2,51;2,52
09/23/10;2,57;2,58;2,48;2,53
09/24/10;2,54;2,62;2,53;2,60
09/27/10;2,60;2,61;2,52;2,53
09/28/10;2,53;2,55;2,46;2,48
09/29/10;2,47;2,49;2,45;2,49
09/30/10;2,49;2,58;2,46;2,53
10/01/10;2,50;2,57;2,49;2,52
10/04/10;2,50;2,51;2,46;2,49
10/05/10;2,47;2,49;2,43;2,49
10/06/10;2,47;2,48;2,37;2,37
10/07/10;2,40;2,42;2,37;2,40
10/08/10;2,39;2,44;2,33;2,35
10/11/10;2,39;2,44;2,33;2,40
10/12/10;2,36;2,38;2,34;2,37
10/13/10;2,43;2,48;2,42;2,47
10/14/10;2,43;2,46;2,42;2,45
10/15/10;2,50;2,57;2,45;2,56
10/18/10;2,56;2,56;2,49;2,50
10/19/10;2,51;2,56;2,49;2,52
10/20/10;2,48;2,52;2,45;2,47
10/21/10;2,47;2,53;2,46;2,52
10/22/10;2,54;2,59;2,52;2,57
10/25/10;2,54;2,55;2,49;2,51
10/26/10;2,56;2,63;2,55;2,62
10/27/10;2,64;2,71;2,63;2,67
10/28/10;2,71;2,72;2,66;2,68
10/29/10;2,67;2,67;2,61;2,62
11/01/10;2,60;2,60;2,60;2,60
11/02/10;2,62;2,64;2,58;2,59
11/03/10;2,59;2,60;2,53;2,55
11/04/10;2,57;2,58;2,45;2,47
11/05/10;2,49;2,59;2,47;2,53
11/08/10;2,53;2,55;2,51;2,52
11/09/10;2,54;2,58;2,52;2,57
11/10/10;2,68;2,75;2,65;2,72
11/11/10;2,68;2,79;2,59;2,64
11/12/10;2,66;2,72;2,60;2,69
11/15/10;2,77;2,91;2,76;2,85
11/16/10;2,94;2,95;2,87;2,92
11/17/10;2,87;2,88;2,80;2,81
11/18/10;2,88;2,96;2,87;2,95
11/19/10;2,90;2,91;2,86;2,90
11/22/10;2,89;2,90;2,80;2,81
11/23/10;2,78;2,80;2,72;2,75
11/24/10;2,77;2,89;2,74;2,87
11/25/10;2,77;2,81;2,77;2,79
11/26/10;2,89;2,91;2,84;2,87
11/29/10;2,89;2,90;2,81;2,84
11/30/10;2,82;2,82;2,75;2,78
12/01/10;2,81;2,96;2,79;2,92
12/02/10;2,95;3,03;2,94;2,98
12/03/10;2,98;3,05;2,89;2,97
12/06/10;2,97;2,98;2,93;2,95
12/07/10;2,95;3,09;2,94;3,08
12/08/10;3,13;3,30;3,13;3,28
12/09/10;3,26;3,27;3,19;3,23
12/10/10;3,21;3,29;3,18;3,26
12/13/10;3,32;3,40;3,30;3,36
12/14/10;3,29;3,39;3,27;3,38
12/15/10;3,48;3,51;3,38;3,42
12/16/10;3,51;3,57;3,46;3,54
12/17/10;3,44;3,44;3,36;3,41
12/20/10;3,44;3,44;3,25;3,33
12/21/10;3,34;3,36;3,29;3,33
12/22/10;3,32;3,35;3,29;3,33
12/23/10;3,35;3,40;3,34;3,38
12/24/10;3,35;3,41;3,34;3,40
12/27/10;3,40;3,44;3,38;3,43
12/28/10;3,34;3,41;3,31;3,39
12/29/10;3,46;3,50;3,42;3,48
12/30/10;3,35;3,42;3,33;3,39
12/31/10;3,37;3,38;3,31;3,32
01/03/11;3,35;3,43;3,32;3,38
01/04/11;3,34;3,38;3,31;3,33
01/05/11;3,34;3,44;3,28;3,43
01/06/11;3,46;3,48;3,41;3,44
01/07/11;3,40;3,45;3,36;3,37
01/10/11;3,33;3,34;3,27;3,30
01/11/11;3,29;3,36;3,27;3,35
01/12/11;3,34;3,42;3,32;3,41
01/13/11;3,37;3,39;3,33;3,37
01/14/11;3,31;3,34;3,25;3,28
01/17/11;3,30;3,37;3,25;3,32
01/18/11;3,30;3,42;3,27;3,39
01/19/11;3,37;3,40;3,33;3,36
01/20/11;3,34;3,43;3,31;3,41
01/21/11;3,44;3,47;3,41;3,44
01/24/11;3,42;3,45;3,39;3,39
01/25/11;3,40;3,42;3,35;3,41
01/26/11;3,35;3,40;3,34;3,39
01/27/11;3,42;3,48;3,39;3,44
01/28/11;3,40;3,47;3,37;3,37
01/31/11;3,32;3,37;3,31;3,35
02/01/11;3,32;3,41;3,31;3,38
02/02/11;3,45;3,45;3,39;3,45
02/03/11;3,48;3,56;3,47;3,52
02/04/11;3,55;3,65;3,52;3,64
02/07/11;3,64;3,70;3,63;3,67
02/08/11;3,64;3,68;3,63;3,66
02/09/11;3,64;3,86;3,63;3,74
02/10/11;3,64;3,70;3,63;3,69
02/11/11;3,69;3,69;3,61;3,62
02/14/11;3,63;3,68;3,61;3,62
02/15/11;3,63;3,67;3,60;3,62
02/16/11;3,62;3,66;3,59;3,64
02/17/11;3,63;3,63;3,55;3,56
02/18/11;3,58;3,64;3,58;3,62
02/21/11;3,58;3,64;3,57;3,59
02/22/11;3,54;3,55;3,48;3,51
02/23/11;3,47;3,50;3,43;3,45
02/24/11;3,49;3,49;3,42;3,44
02/25/11;3,47;3,48;3,43;3,44
02/28/11;3,41;3,43;3,39;3,42
03/01/11;3,44;3,50;3,44;3,47
03/02/11;3,40;3,45;3,39;3,43
03/03/11;3,48;3,56;3,46;3,54
03/04/11;3,57;3,60;3,51;3,53
03/07/11;3,51;3,56;3,48;3,51
03/08/11;3,52;3,54;3,49;3,53
03/09/11;3,55;3,56;3,52;3,53
03/10/11;3,47;3,48;3,42;3,45
03/11/11;3,37;3,41;3,33;3,39
03/14/11;3,40;3,43;3,33;3,35
03/15/11;3,35;3,35;3,14;3,29
03/16/11;3,29;3,34;3,15;3,22
03/17/11;3,18;3,30;3,17;3,26
03/18/11;3,24;3,32;3,23;3,28
03/21/11;3,37;3,37;3,30;3,34
03/22/11;3,33;3,37;3,31;3,35
03/23/11;3,33;3,35;3,28;3,34
03/24/11;3,34;3,40;3,32;3,39
03/25/11;3,41;3,42;3,38;3,41
03/28/11;3,47;3,49;3,43;3,44
03/29/11;3,43;3,47;3,42;3,47
03/30/11;3,49;3,51;3,46;3,47
03/31/11;3,44;3,48;3,40;3,44
04/01/11;3,48;3,53;3,46;3,47
04/04/11;3,46;3,47;3,40;3,42
04/05/11;3,45;3,49;3,40;3,48
04/06/11;3,48;3,54;3,47;3,52
04/07/11;3,56;3,58;3,52;3,55
04/08/11;3,56;3,62;3,55;3,59
04/11/11;3,61;3,61;3,58;3,58
04/12/11;3,58;3,58;3,48;3,50
04/13/11;3,50;3,55;3,49;3,49
04/14/11;3,47;3,49;3,42;3,48
04/15/11;3,50;3,50;3,41;3,43
04/18/11;3,41;3,47;3,36;3,41
04/19/11;3,39;3,42;3,35;3,36
04/20/11;3,37;3,41;3,37;3,40
04/21/11;3,41;3,42;3,37;3,39
04/22/11;3,41;3,42;3,37;3,40
04/25/11;3,41;3,42;3,36;3,37
04/26/11;3,36;3,38;3,34;3,35
04/27/11;3,37;3,39;3,32;3,36
04/28/11;3,36;3,36;3,30;3,32
04/29/11;3,32;3,34;3,29;3,30
05/02/11;3,30;3,33;3,27;3,29
05/03/11;3,28;3,29;3,25;3,28
05/04/11;3,25;3,28;3,21;3,23
05/05/11;3,22;3,23;3,16;3,19
05/06/11;3,16;3,24;3,15;3,19
05/09/11;3,15;3,20;3,14;3,16
05/10/11;3,16;3,19;3,15;3,17
05/11/11;3,22;3,24;3,20;3,21
05/12/11;3,19;3,21;3,16;3,20
05/13/11;3,22;3,24;3,15;3,16
05/16/11;3,16;3,21;3,15;3,18
05/17/11;3,15;3,18;3,09;3,11
05/18/11;3,12;3,16;3,09;3,15
05/19/11;3,18;3,24;3,17;3,20
05/20/11;3,17;3,19;3,14;3,16
05/23/11;3,14;3,14;3,08;3,12
05/24/11;3,12;3,17;3,11;3,16
05/25/11;3,12;3,14;3,09;3,14
05/26/11;3,13;3,16;3,07;3,09
05/27/11;3,06;3,11;3,05;3,06
05/30/11;3,06;3,11;3,05;3,08
05/31/11;3,07;3,11;3,05;3,06
06/01/11;3,07;3,09;2,96;2,98
06/02/11;2,96;3,01;2,94;2,98
06/03/11;3,02;3,03;2,95;3,00
06/06/11;2,99;3,04;2,98;3,04
06/07/11;3,00;3,06;3,04;3,04
06/08/11;3,01;3,02;2,95;2,97
06/09/11;2,95;2,98;2,92;2,98
06/10/11;2,99;3,00;2,93;2,95
06/13/11;2,97;3,02;2,97;2,97
06/14/11;2,99;3,10;2,98;3,08
06/15/11;3,09;3,10;2,97;2,99
06/16/11;2,97;2,99;2,88;2,94
06/17/11;2,94;2,98;2,91;2,95
06/20/11;2,95;2,97;2,89;2,97
06/21/11;2,97;3,01;2,95;2,98
06/22/11;2,99;3,00;2,94;2,96
06/23/11;2,97;2,98;2,89;2,91
06/24/11;2,93;2,94;2,87;2,89
06/27/11;2,86;2,89;2,84;2,89
06/28/11;2,93;2,99;2,90;2,98
06/29/11;3,03;3,10;3,01;3,09
06/30/11;3,10;3,21;3,08;3,18
07/01/11;3,17;3,22;3,14;3,21
07/04/11;3,17;3,22;3,14;3,19
07/05/11;3,17;3,19;3,12;3,14
07/06/11;3,17;3,17;3,07;3,11
07/07/11;3,17;3,19;3,10;3,16
07/08/11;3,17;3,19;3,00;3,02
07/11/11;3,17;3,17;2,92;2,95
07/12/11;3,17;3,17;2,81;2,93
07/13/11;3,17;3,17;2,95;2,95
07/14/11;3,17;3,17;2,88;2,92
07/15/11;3,17;3,17;2,91;2,93
07/18/11;2,91;2,92;2,87;2,91
07/19/11;2,93;2,97;2,91;2,93
07/20/11;2,89;2,94;2,89;2,92
07/21/11;2,95;3,01;2,92;3,00
07/22/11;3,01;3,02;2,96;2,99
07/25/11;2,99;3,03;2,94;2,99
07/26/11;3,00;3,04;2,95;2,96
07/27/11;2,96;3,00;2,93;2,97
07/28/11;2,96;2,99;2,93;2,95
07/29/11;2,95;2,96;2,84;2,86
08/01/11;2,80;2,86;2,72;2,73
08/02/11;2,76;2,76;2,67;2,68
08/03/11;2,61;2,64;2,55;2,59
08/04/11;2,62;2,65;2,46;2,49
08/05/11;2,42;2,54;2,34;2,44
08/08/11;2,57;2,59;2,35;2,37
08/09/11;2,29;2,43;2,24;2,39
08/10/11;2,25;2,33;2,11;2,14
08/11/11;2,17;2,25;2,13;2,25
08/12/11;2,33;2,33;2,22;2,28
08/15/11;2,26;2,29;2,23;2,25
08/16/11;2,31;2,32;2,25;2,28
08/17/11;2,22;2,27;2,19;2,19
08/18/11;2,17;2,18;1,99;2,07
08/19/11;2,05;2,12;2,01;2,09
08/22/11;2,05;2,14;2,05;2,09
08/23/11;2,09;2,17;2,09;2,13
08/24/11;2,17;2,21;2,11;2,20
08/25/11;2,30;2,30;2,21;2,24
08/26/11;2,23;2,25;2,12;2,20
08/29/11;2,20;2,30;2,19;2,27
08/30/11;2,25;2,25;2,16;2,20
08/31/11;2,17;2,22;2,14;2,18
09/01/11;2,22;2,28;2,16;2,18
09/02/11;2,14;2,15;2,02;2,04
09/05/11;2,14;2,15;1,98;1,99
09/06/11;1,92;2,00;1,90;1,98
09/07/11;2,00;2,06;1,98;2,02
09/08/11;2,04;2,04;1,98;2,01
09/09/11;1,99;2,02;1,92;1,94
09/12/11;1,92;1,95;1,87;1,92
09/13/11;1,95;2,00;1,92;2,00
09/14/11;2,00;2,03;1,96;2,01
09/15/11;1,99;2,13;2,08;2,08
09/16/11;2,07;2,12;2,06;2,08
09/19/11;2,01;2,03;1,95;1,96
09/20/11;1,94;1,99;1,93;1,95
09/21/11;1,95;1,97;1,89;1,90
09/22/11;1,86;1,86;1,74;1,77
09/23/11;1,76;1,81;1,67;1,78
09/26/11;1,84;1,90;1,79;1,90
09/27/11;1,89;2,00;1,88;1,98
09/28/11;1,98;2,06;1,94;2,06
09/29/11;1,97;2,03;1,96;2,00
09/30/11;1,99;2,00;1,89;1,95
10/03/11;1,93;1,93;1,83;1,86
10/04/11;1,77;1,83;1,72;1,81
10/05/11;1,83;1,90;1,81;1,90
10/06/11;1,89;1,98;1,87;1,97
10/07/11;1,98;2,12;1,97;2,11
10/10/11;1,98;2,12;1,97;2,08
10/11/11;2,17;2,19;2,11;2,16
10/12/11;2,15;2,23;2,12;2,22
10/13/11;2,22;2,22;2,12;2,16
10/14/11;2,16;2,27;2,15;2,24
10/17/11;2,25;2,30;2,17;2,20
10/18/11;2,16;2,18;2,08;2,13
10/19/11;2,17;2,24;2,15;2,16
10/20/11;2,17;2,21;2,11;2,12
10/21/11;2,19;2,26;2,16;2,21
10/24/11;2,22;2,24;2,17;2,23
10/25/11;2,23;2,27;2,15;2,18
10/26/11;2,11;2,18;2,11;2,16
10/27/11;2,20;2,33;2,18;2,31
10/28/11;2,40;2,41;2,29;2,30
10/31/11;2,30;2,31;2,18;2,21
11/01/11;2,13;2,15;1,95;1,98
11/02/11;1,98;2,07;1,98;2,02
11/03/11;1,94;2,09;1,93;2,05
11/04/11;1,98;2,14;1,98;2,05
11/07/11;2,08;2,08;1,99;2,02
11/08/11;2,02;2,06;2,00;2,02
11/09/11;2,09;2,09;1,93;1,98
11/10/11;2,00;2,06;1,97;2,04
11/11/11;2,07;2,07;2,06;2,06
11/14/11;2,13;2,14;2,05;2,08
11/15/11;2,05;2,07;1,99;2,02
11/16/11;2,04;2,06;2,01;2,03
11/17/11;1,99;2,04;1,96;2,02
11/18/11;1,96;2,05;1,94;2,03
11/21/11;1,99;2,00;1,94;1,96
11/22/11;1,96;2,00;1,94;1,97
11/23/11;1,93;1,96;1,88;1,94
11/24/11;1,89;1,89;1,88;1,89
11/25/11;1,93;1,97;1,91;1,96
11/28/11;1,96;2,08;1,96;2,04
11/29/11;1,96;2,05;2,04;2,04
11/30/11;2,00;2,11;1,98;2,10
12/01/11;2,07;2,14;2,05;2,11
12/02/11;2,09;2,16;2,08;2,11
12/05/11;2,06;2,11;2,05;2,10
12/06/11;2,06;2,09;2,04;2,07
12/07/11;2,09;2,13;2,04;2,06
12/08/11;2,09;2,10;2,00;2,01
12/09/11;2,00;2,03;1,96;2,00
12/12/11;2,07;2,07;2,00;2,02
12/13/11;2,02;2,07;2,02;2,05
12/14/11;1,97;1,99;1,93;1,94
12/15/11;1,91;1,95;1,86;1,91
12/16/11;1,97;2,18;1,87;1,88
12/19/11;1,86;1,89;1,83;1,84
12/20/11;1,82;1,90;1,82;1,90
12/21/11;1,93;1,96;1,90;1,94
12/22/11;1,97;1,98;1,92;1,93
12/23/11;1,95;2,03;1,94;2,03
12/26/11;1,95;2,04;1,94;2,03
12/27/11;2,03;2,04;2,00;2,02
12/28/11;2,01;2,02;1,94;1,95
12/29/11;1,92;1,95;1,90;1,93
12/30/11;1,91;1,92;1,85;1,88
01/02/12;1,91;1,92;1,85;1,88
01/03/12;1,88;2,02;1,87;1,96
01/04/12;1,96;1,98;1,93;1,97
01/05/12;1,98;2,03;1,94;1,97
01/06/12;2,00;2,04;1,95;1,97
01/09/12;1,97;1,99;1,93;1,94
01/10/12;1,97;2,01;1,96;1,98
01/11/12;1,97;1,98;1,92;1,94
01/12/12;1,91;1,94;1,89;1,93
01/13/12;1,93;1,94;1,85;1,86
01/16/12;1,93;1,94;1,83;1,87
01/17/12;1,86;1,91;1,85;1,86
01/18/12;1,86;1,87;1,83;1,87
01/19/12;1,90;1,98;1,88;1,97
01/20/12;1,97;2,03;1,96;2,01
01/23/12;2,00;2,10;2,00;2,07
01/24/12;2,03;2,08;2,07;2,07
01/25/12;2,07;2,08;2,03;2,06
01/26/12;1,99;1,99;1,94;1,95
01/27/12;1,95;1,97;1,92;1,93
01/30/12;1,88;1,89;1,83;1,85
01/31/12;1,85;1,88;1,83;1,84
02/01/12;1,80;1,86;1,80;1,84
02/02/12;1,84;1,85;1,81;1,84
02/03/12;1,82;1,95;1,81;1,93
02/06/12;1,93;1,95;1,89;1,93
02/07/12;1,92;1,97;1,90;1,97
02/08/12;1,97;2,01;1,96;1,99
02/09/12;2,01;2,06;1,99;2,05
02/10/12;2,03;2,03;1,96;1,99
02/13/12;2,00;2,03;1,96;1,96
02/14/12;1,97;1,99;1,93;1,94
02/15/12;1,94;1,96;1,92;1,93
02/16/12;1,92;1,97;1,91;1,97
02/17/12;1,99;2,04;1,98;2,02
02/20/12;1,99;2,04;1,98;2,00
02/21/12;2,03;2,05;2,01;2,05
02/22/12;2,06;2,07;2,03;2,03
02/23/12;2,01;2,05;2,01;2,03
02/24/12;2,01;2,01;1,98;1,98
02/27/12;1,97;1,98;1,92;1,93
02/28/12;1,93;1,94;1,89;1,91
02/29/12;1,95;2,02;1,92;1,96
03/01/12;1,98;2,05;1,97;2,04
03/02/12;2,03;2,04;1,98;1,99
03/05/12;1,98;2,00;1,96;2,00
03/06/12;2,02;2,02;1,94;1,95
03/07/12;1,95;1,98;1,94;1,96
03/08/12;1,97;2,01;1,97;2,00
03/09/12;2,02;2,06;2,00;2,05
03/12/12;2,02;2,03;1,99;2,01
03/13/12;2,03;2,09;2,03;2,08
03/14/12;2,14;2,26;2,12;2,24
03/15/12;2,27;2,34;2,25;2,27
03/16/12;2,28;2,36;2,27;2,32
03/19/12;2,30;2,35;2,26;2,31
03/20/12;2,36;2,38;2,33;2,36
03/21/12;2,35;2,38;2,30;2,31
03/22/12;2,30;2,32;2,25;2,27
03/23/12;2,29;2,30;2,21;2,25
03/26/12;2,25;2,29;2,24;2,28
03/27/12;2,26;2,26;2,20;2,22
03/28/12;2,19;2,22;2,16;2,18
03/29/12;2,21;2,21;2,15;2,17
03/30/12;2,16;2,18;2,15;2,15
04/02/12;2,23;2,25;2,16;2,18
04/03/12;2,19;2,20;2,15;2,16
04/04/12;2,30;2,31;2,23;2,25
04/05/12;2,23;2,24;2,14;2,19
04/06/12;2,20;2,21;2,04;2,06
04/09/12;2,06;2,07;2,02;2,02
04/10/12;2,05;2,07;1,98;1,99
04/11/12;1,99;2,05;1,98;2,03
04/12/12;2,03;2,06;2,01;2,06
04/13/12;2,05;2,05;1,98;1,99
04/16/12;1,99;2,00;1,95;1,96
04/17/12;1,98;2,02;1,96;2,00
04/18/12;2,00;2,02;1,97;1,98
04/19/12;1,98;2,00;1,95;1,97
04/20/12;1,97;2,00;1,96;1,99
04/23/12;1,96;1,97;1,91;1,93
04/24/12;1,94;1,97;1,91;1,96
04/25/12;1,98;2,01;1,96;1,99
04/26/12;1,98;2,00;1,93;1,95
04/27/12;1,92;1,96;1,89;1,95
04/30/12;1,94;1,95;1,91;1,92
05/01/12;1,92;1,96;1,90;1,96
05/02/12;1,95;1,97;1,90;1,92
05/03/12;1,93;1,96;1,92;1,93
05/04/12;1,93;1,96;1,88;1,89
05/07/12;1,84;1,88;1,83;1,88
05/08/12;1,87;1,89;1,82;1,84
05/09/12;1,85;1,85;1,80;1,82
05/10/12;1,86;1,91;1,85;1,90
05/11/12;1,86;1,87;1,84;1,86
05/14/12;1,83;1,84;1,77;1,78
05/15/12;1,77;1,81;1,76;1,78
05/16/12;1,77;1,82;1,75;1,79
05/17/12;1,77;1,80;1,72;1,73
05/18/12;1,70;1,75;1,69;1,71
05/21/12;1,72;1,77;1,72;1,73
05/22/12;1,75;1,81;1,74;1,80
05/23/12;1,77;1,78;1,71;1,72
05/24/12;1,74;1,78;1,71;1,77
05/25/12;1,77;1,79;1,74;1,75
05/28/12;1,77;1,79;1,74;1,74
05/29/12;1,75;1,76;1,71;1,71
05/30/12;1,74;1,74;1,63;1,63
05/31/12;1,62;1,65;1,54;1,55
06/01/12;1,56;1,58;1,44;1,48
06/04/12;1,45;1,53;1,44;1,51
06/05/12;1,52;1,58;1,51;1,54
06/06/12;1,58;1,64;1,56;1,63
06/07/12;1,66;1,68;1,62;1,64
06/08/12;1,64;1,64;1,55;1,60
06/11/12;1,71;1,73;1,59;1,61
06/12/12;1,58;1,65;1,58;1,63
06/13/12;1,67;1,70;1,59;1,60
06/14/12;1,60;1,65;1,59;1,63
06/15/12;1,65;1,65;1,57;1,58
06/18/12;1,58;1,65;1,55;1,58
06/19/12;1,57;1,64;1,56;1,62
06/20/12;1,63;1,68;1,60;1,65
06/21/12;1,65;1,66;1,60;1,62
06/22/12;1,61;1,68;1,61;1,68
06/25/12;1,68;1,68;1,60;1,61
06/26/12;1,61;1,65;1,61;1,63
06/27/12;1,63;1,65;1,62;1,62
06/28/12;1,63;1,64;1,57;1,59
06/29/12;1,59;1,68;1,57;1,66
07/02/12;1,65;1,66;1,56;1,60
07/03/12;1,57;1,63;1,57;1,63
07/04/12;1,63;1,63;1,62;1,62
07/05/12;1,62;1,62;1,58;1,60
07/06/12;1,60;1,60;1,54;1,55
07/09/12;1,56;1,64;1,48;1,51
07/10/12;1,52;1,54;1,50;1,51
07/11/12;1,51;1,53;1,46;1,52
07/12/12;1,52;1,52;1,48;1,48
07/13/12;1,48;1,51;1,46;1,49
07/16/12;1,49;1,50;1,44;1,46
07/17/12;1,49;1,51;1,47;1,51
07/18/12;1,51;1,51;1,47;1,49
07/19/12;1,50;1,53;1,48;1,51
07/20/12;1,51;1,51;1,45;1,46
07/23/12;1,46;1,46;1,40;1,44
07/24/12;1,44;1,46;1,39;1,41
07/25/12;1,41;1,44;1,38;1,40
07/26/12;1,41;1,45;1,39;1,44
07/27/12;1,45;1,57;1,43;1,54
07/30/12;1,55;1,57;1,50;1,50
07/31/12;1,50;1,56;1,46;1,48
08/01/12;1,49;1,54;1,47;1,53
08/02/12;1,53;1,57;1,45;1,48
08/03/12;1,48;1,59;1,47;1,57
08/06/12;1,57;1,58;1,53;1,57
08/07/12;1,57;1,65;1,56;1,63
08/08/12;1,63;1,66;1,60;1,65
08/09/12;1,65;1,73;1,65;1,69
08/10/12;1,69;1,69;1,64;1,66
08/13/12;1,66;1,67;1,63;1,67
08/14/12;1,67;1,74;1,66;1,74
08/15/12;1,74;1,82;1,72;1,82
08/16/12;1,82;1,86;1,79;1,84
08/17/12;1,85;1,85;1,80;1,82
08/20/12;1,82;1,86;1,80;1,81
08/21/12;1,81;1,86;1,79;1,80
08/22/12;1,80;1,80;1,69;1,69
08/23/12;1,69;1,71;1,66;1,68
08/24/12;1,68;1,69;1,64;1,69
08/27/12;1,69;1,69;1,64;1,66
08/28/12;1,66;1,66;1,62;1,64
08/29/12;1,64;1,68;1,63;1,65
08/30/12;1,65;1,66;1,61;1,63
08/31/12;1,63;1,66;1,54;1,55
09/04/12;1,55;1,60;1,54;1,58
09/05/12;1,58;1,60;1,55;1,60
09/06/12;1,60;1,68;1,59;1,68
09/07/12;1,68;1,74;1,60;1,67
09/10/12;1,66;1,69;1,64;1,66
09/11/12;1,66;1,71;1,65;1,71
09/12/12;1,71;1,77;1,69;1,76
09/13/12;1,76;1,84;1,71;1,73
09/14/12;1,73;1,89;1,73;1,87
09/17/12;1,87;1,89;1,82;1,85
09/18/12;1,85;1,85;1,78;1,81
09/19/12;1,81;1,83;1,76;1,78
09/20/12;1,78;1,78;1,72;1,77
09/21/12;1,77;1,80;1,75;1,76
09/24/12;1,76;1,76;1,71;1,71
09/25/12;1,71;1,73;1,67;1,67
09/26/12;1,67;1,68;1,61;1,61
09/27/12;1,63;1,66;1,62;1,66
09/28/12;1,66;1,66;1,60;1,64
10/01/12;1,64;1,65;1,61;1,63
10/02/12;1,63;1,66;1,61;1,62
10/03/12;1,62;1,64;1,60;1,62
10/04/12;1,62;1,68;1,61;1,68
10/05/12;1,68;1,75;1,66;1,75
10/09/12;1,70;1,73;1,69;1,72
10/10/12;1,71;1,75;1,68;1,68
10/11/12;1,68;1,74;1,67;1,68
10/12/12;1,68;1,70;1,64;1,66
10/15/12;1,66;1,69;1,65;1,66
10/16/12;1,66;1,73;1,66;1,72
10/17/12;1,72;1,83;1,72;1,82
10/18/12;1,82;1,84;1,79;1,84
10/19/12;1,84;1,84;1,76;1,77
10/22/12;1,77;1,82;1,76;1,82
10/23/12;1,82;1,82;1,75;1,76
10/24/12;1,76;1,80;1,76;1,79
10/25/12;1,79;1,86;1,79;1,83
10/26/12;1,82;1,84;1,74;1,74
10/29/12;1,74;1,75;1,71;1,72
11/02/12;1,73;1,78;1,71;1,72
11/05/12;1,72;1,73;1,68;1,69
11/06/12;1,69;1,76;1,69;1,75
11/07/12;1,75;1,75;1,62;1,65
11/08/12;1,68;1,69;1,62;1,62
11/09/12;1,62;1,64;1,58;1,61
11/13/12;1,62;1,62;1,58;1,60
11/14/12;1,59;1,64;1,58;1,60
11/15/12;1,59;1,62;1,58;1,59
11/16/12;1,59;1,60;1,56;1,58
11/19/12;1,58;1,63;1,58;1,62
11/20/12;1,60;1,67;1,60;1,67
11/21/12;1,66;1,70;1,64;1,69
11/23/12;1,69;1,70;1,67;1,69
11/26/12;1,69;1,69;1,64;1,67
11/27/12;1,66;1,68;1,64;1,64
11/28/12;1,64;1,64;1,60;1,63
11/29/12;1,63;1,65;1,61;1,62
11/30/12;1,62;1,63;1,60;1,62
12/03/12;1,62;1,66;1,61;1,63
12/04/12;1,63;1,64;1,60;1,61
12/05/12;1,61;1,62;1,58;1,59
12/06/12;1,59;1,60;1,56;1,59
12/07/12;1,59;1,64;1,57;1,63
12/10/12;1,63;1,63;1,60;1,62
12/11/12;1,61;1,66;1,61;1,66
12/12/12;1,62;1,71;1,62;1,70
12/13/12;1,69;1,74;1,69;1,74
12/14/12;1,73;1,75;1,70;1,71
12/17/12;1,71;1,78;1,71;1,78
12/18/12;1,77;1,85;1,76;1,82
12/19/12;1,81;1,83;1,78;1,81
12/20/12;1,79;1,81;1,77;1,80
12/21/12;1,80;1,80;1,74;1,77
12/24/12;1,77;1,78;1,76;1,78
12/26/12;1,78;1,79;1,75;1,76
12/27/12;1,76;1,79;1,71;1,74
12/28/12;1,74;1,74;1,69;1,70
12/31/12;1,70;1,76;1,69;1,76
01/02/13;1,76;1,87;1,76;1,84
01/03/13;1,84;1,92;1,82;1,92
01/04/13;1,92;1,97;1,90;1,90
01/07/13;1,90;1,92;1,88;1,90
01/08/13;1,90;1,91;1,86;1,87
01/09/13;1,87;1,89;1,85;1,86
01/10/13;1,87;1,91;1,86;1,90
01/11/13;1,92;1,93;1,86;1,87
01/14/13;1,87;1,88;1,84;1,85
01/15/13;1,84;1,85;1,81;1,84
01/16/13;1,83;1,84;1,80;1,82
01/17/13;1,82;1,89;1,80;1,88
01/18/13;1,88;1,90;1,84;1,85
01/22/13;1,87;1,88;1,83;1,85
01/23/13;1,85;1,85;1,82;1,83
01/24/13;1,82;1,88;1,81;1,86
01/25/13;1,86;1,96;1,85;1,96
01/28/13;1,96;2,01;1,93;1,96
01/29/13;1,96;2,01;1,96;2,00
01/30/13;2,00;2,04;1,98;1,99
01/31/13;2,00;2,01;1,97;1,99
02/01/13;2,00;2,04;1,92;2,02
02/04/13;2,02;2,06;1,95;1,96
02/05/13;1,96;2,02;1,95;2,00
02/06/13;2,00;2,02;1,96;1,96
02/07/13;1,97;2,00;1,93;1,96
02/08/13;1,96;2,00;1,93;1,95
02/11/13;1,95;1,98;1,94;1,97
02/12/13;1,97;1,99;1,95;1,98
02/13/13;1,96;2,03;1,96;2,02
02/14/13;2,00;2,00;2,00;2,00
02/15/13;2,01;2,04;1,98;2,01
02/19/13;2,00;2,04;1,99;2,03
02/20/13;2,03;2,06;2,01;2,01
02/21/13;2,01;2,03;1,96;1,98
02/22/13;1,99;2,00;1,96;1,97
02/25/13;1,97;2,00;1,86;1,87
02/26/13;1,89;1,90;1,84;1,89
02/27/13;1,88;1,91;1,84;1,90
02/28/13;1,90;1,90;1,87;1,88
03/01/13;1,88;1,88;1,84;1,85
03/04/13;1,85;1,88;1,83;1,88
03/05/13;1,87;1,91;1,87;1,90
03/06/13;1,90;1,95;1,89;1,94
03/07/13;1,94;2,00;1,92;2,00
03/08/13;2,00;2,09;1,99;2,05
03/11/13;2,05;2,07;2,04;2,06
03/12/13;2,06;2,07;2,01;2,02
03/13/13;2,02;2,06;2,00;2,02
03/14/13;2,02;2,07;2,02;2,03
03/15/13;2,03;2,05;1,99;2,00
03/18/13;2,00;2,00;1,90;1,96
03/19/13;1,96;1,97;1,89;1,91
03/20/13;1,91;1,96;1,90;1,96
03/21/13;1,96;1,97;1,91;1,92
03/22/13;1,91;1,95;1,90;1,93
03/25/13;1,93;1,98;1,90;1,92
03/26/13;1,92;1,95;1,90;1,91
03/27/13;1,91;1,92;1,83;1,85
03/28/13;1,85;1,87;1,83;1,85
04/01/13;1,85;1,89;1,83;1,83
04/02/13;1,83;1,87;1,82;1,86
04/03/13;1,86;1,87;1,80;1,81
04/04/13;1,81;1,83;1,76;1,77
04/05/13;1,77;1,78;1,68;1,71
04/08/13;1,71;1,75;1,70;1,75
04/09/13;1,75;1,76;1,72;1,76
04/10/13;1,76;1,81;1,74;1,81
04/11/13;1,81;1,82;1,78;1,79
04/12/13;1,79;1,80;1,72;1,73
04/15/13;1,73;1,74;1,68;1,69
04/16/13;1,69;1,74;1,68;1,73
04/17/13;1,73;1,74;1,68;1,70
04/18/13;1,70;1,72;1,68;1,69
04/19/13;1,69;1,72;1,69;1,71
04/22/13;1,71;1,74;1,68;1,70
04/23/13;1,70;1,72;1,65;1,71
04/24/13;1,71;1,73;1,69;1,71
04/25/13;1,71;1,73;1,70;1,71
04/26/13;1,71;1,71;1,66;1,67
04/29/13;1,67;1,68;1,65;1,67
04/30/13;1,67;1,68;1,64;1,67
05/01/13;1,67;1,68;1,61;1,63
05/02/13;1,63;1,66;1,62;1,63
05/03/13;1,63;1,75;1,62;1,74
05/06/13;1,74;1,78;1,74;1,77
05/07/13;1,77;1,79;1,75;1,78
05/08/13;1,78;1,82;1,75;1,82
05/09/13;1,82;1,82;1,78;1,81
05/10/13;1,81;1,92;1,79;1,90
05/13/13;1,90;1,95;1,89;1,92
05/14/13;1,91;1,98;1,90;1,98
05/15/13;1,98;1,99;1,92;1,94
05/16/13;1,94;1,96;1,86;1,88
05/17/13;1,88;1,96;1,86;1,95
05/20/13;1,95;1,98;1,92;1,97
05/21/13;1,96;2,00;1,93;1,93
05/22/13;1,92;2,04;1,89;2,04
05/23/13;2,05;2,07;1,97;2,02
05/24/13;2,03;2,04;1,99;2,01
05/28/13;2,03;2,18;2,03;2,17
05/29/13;2,17;2,23;2,12;2,12
05/30/13;2,12;2,16;2,10;2,11
05/31/13;2,11;2,21;2,07;2,13
06/03/13;2,16;2,19;2,08;2,12
06/04/13;2,12;2,17;2,11;2,15
06/05/13;2,15;2,16;2,09;2,09
06/06/13;2,09;2,13;2,03;2,08
06/07/13;2,07;2,18;2,05;2,18
06/10/13;2,16;2,23;2,15;2,22
06/11/13;2,22;2,29;2,17;2,19
06/12/13;2,19;2,24;2,17;2,23
06/13/13;2,23;2,23;2,13;2,15
06/14/13;2,16;2,16;2,10;2,14
06/17/13;2,13;2,19;2,11;2,18
06/18/13;2,18;2,22;2,17;2,19
06/19/13;2,18;2,36;2,17;2,36
06/20/13;2,37;2,46;2,35;2,42
06/21/13;2,40;2,55;2,39;2,54
06/24/13;2,54;2,67;2,52;2,54
06/25/13;2,53;2,62;2,48;2,61
06/26/13;2,63;2,63;2,51;2,54
06/27/13;2,54;2,55;2,47;2,47
06/28/13;2,48;2,55;2,45;2,49
07/01/13;2,50;2,56;2,48;2,48
07/02/13;2,49;2,50;2,45;2,48
07/03/13;2,48;2,51;2,42;2,51
07/05/13;2,52;2,74;2,47;2,74
07/08/13;2,75;2,76;2,64;2,64
07/09/13;2,65;2,67;2,62;2,64
07/10/13;2,64;2,69;2,62;2,63
07/11/13;2,57;2,62;2,56;2,58
07/12/13;2,57;2,61;2,52;2,59
07/15/13;2,59;2,64;2,54;2,54
07/16/13;2,55;2,56;2,52;2,54
07/17/13;2,54;2,56;2,46;2,49
07/18/13;2,49;2,55;2,47;2,53
07/19/13;2,53;2,55;2,48;2,49
07/22/13;2,48;2,50;2,46;2,48
07/23/13;2,49;2,53;2,48;2,51
07/24/13;2,51;2,63;2,51;2,59
07/25/13;2,59;2,63;2,57;2,57
07/26/13;2,58;2,59;2,55;2,57
07/29/13;2,56;2,61;2,55;2,61
07/30/13;2,60;2,62;2,57;2,61
07/31/13;2,59;2,70;2,57;2,58
08/01/13;2,59;2,72;2,58;2,71
08/02/13;2,71;2,75;2,60;2,60
08/05/13;2,60;2,66;2,60;2,64
08/06/13;2,64;2,67;2,63;2,65
08/07/13;2,64;2,65;2,59;2,61
08/08/13;2,61;2,62;2,58;2,59
08/09/13;2,60;2,61;2,58;2,58
08/12/13;2,58;2,63;2,56;2,62
08/13/13;2,62;2,73;2,62;2,73
08/14/13;2,72;2,73;2,70;2,72
08/15/13;2,70;2,81;2,68;2,77
08/16/13;2,76;2,87;2,76;2,83
08/19/13;2,84;2,90;2,84;2,88
08/20/13;2,87;2,88;2,81;2,82
08/21/13;2,82;2,90;2,81;2,90
08/22/13;2,90;2,94;2,88;2,89
08/23/13;2,90;2,93;2,81;2,81
08/26/13;2,82;2,83;2,79;2,79
08/27/13;2,79;2,81;2,71;2,71
08/28/13;2,72;2,80;2,70;2,77
08/29/13;2,78;2,83;2,75;2,76
08/30/13;2,77;2,79;2,75;2,79
09/03/13;2,84;2,91;2,82;2,85
09/04/13;2,86;2,91;2,85;2,90
09/05/13;2,89;3,01;2,89;3,00
09/06/13;2,99;3,01;2,84;2,94
09/09/13;2,94;2,95;2,88;2,92
09/10/13;2,92;2,97;2,91;2,97
09/11/13;2,97;2,98;2,91;2,91
09/12/13;2,92;2,92;2,87;2,91
09/13/13;2,91;2,96;2,88;2,89
09/16/13;2,88;2,88;2,78;2,87
09/17/13;2,87;2,88;2,83;2,85
09/18/13;2,84;2,90;2,67;2,69
09/19/13;2,70;2,86;2,67;2,76
09/20/13;2,75;2,78;2,72;2,74
09/23/13;2,73;2,76;2,70;2,70
09/24/13;2,70;2,71;2,64;2,66
09/25/13;2,66;2,67;2,61;2,63
09/26/13;2,64;2,66;2,62;2,65
09/27/13;2,65;2,67;2,60;2,63
09/30/13;2,59;2,65;2,59;2,61
10/01/13;2,62;2,66;2,61;2,65
10/02/13;2,66;2,66;2,59;2,62
10/03/13;2,62;2,65;2,58;2,61
10/04/13;2,61;2,66;2,61;2,65
10/07/13;2,63;2,64;2,61;2,63
10/08/13;2,62;2,66;2,61;2,64
10/09/13;2,62;2,67;2,62;2,66
10/10/13;2,67;2,73;2,66;2,68
10/11/13;2,68;2,70;2,65;2,69
10/15/13;2,74;2,74;2,69;2,73
10/16/13;2,73;2,76;2,67;2,67
10/17/13;2,66;2,67;2,58;2,59
10/18/13;2,60;2,61;2,54;2,58
10/21/13;2,59;2,62;2,58;2,61
10/22/13;2,60;2,61;2,51;2,51
10/23/13;2,51;2,51;2,47;2,50
10/24/13;2,50;2,53;2,48;2,53
10/25/13;2,52;2,53;2,50;2,52
10/28/13;2,51;2,53;2,50;2,53
10/29/13;2,52;2,54;2,50;2,51
10/30/13;2,51;2,55;2,47;2,54
10/31/13;2,54;2,57;2,50;2,56
11/01/13;2,56;2,63;2,50;2,62
11/04/13;2,62;2,62;2,59;2,61
11/05/13;2,60;2,68;2,59;2,68
11/06/13;2,66;2,67;2,63;2,65
11/07/13;2,64;2,65;2,60;2,60
11/08/13;2,60;2,76;2,59;2,75
11/11/13;2,75;2,75;2,75;2,75
11/12/13;2,76;2,80;2,75;2,78
11/13/13;2,77;2,77;2,69;2,72
11/14/13;2,70;2,95;2,69;2,69
11/15/13;2,70;2,74;2,70;2,71
11/18/13;2,71;2,73;2,66;2,67
11/19/13;2,67;2,72;2,66;2,71
11/20/13;2,72;2,81;2,69;2,81
11/21/13;2,82;2,84;2,78;2,79
11/22/13;2,79;2,80;2,75;2,75
11/25/13;2,76;2,77;2,73;2,73
11/26/13;2,72;2,74;2,70;2,71
11/27/13;2,71;2,77;2,71;2,74
11/29/13;2,74;2,77;2,73;2,75
12/02/13;2,75;2,81;2,75;2,80
12/03/13;2,80;2,81;2,76;2,79
12/04/13;2,79;2,85;2,78;2,84
12/05/13;2,84;2,88;2,82;2,88
12/06/13;2,88;2,93;2,84;2,86
12/09/13;2,86;2,87;2,84;2,84
12/10/13;2,85;2,85;2,79;2,81
12/11/13;2,82;2,86;2,80;2,86
12/12/13;2,86;2,89;2,84;2,88
12/13/13;2,87;2,89;2,85;2,87
12/16/13;2,86;2,89;2,84;2,88
12/17/13;2,87;2,89;2,84;2,84
12/18/13;2,84;2,92;2,83;2,90
12/19/13;2,88;2,95;2,88;2,93
12/20/13;2,93;2,96;2,88;2,89
12/23/13;2,89;2,94;2,88;2,93
12/24/13;2,93;2,99;2,92;2,98
12/26/13;2,98;3,00;2,95;2,99
12/27/13;2,99;3,02;2,97;3,01
12/30/13;3,00;3,02;2,97;2,97
12/31/13;2,97;3,04;2,97;3,04
01/02/14;3,03;3,04;2,98;2,99
01/03/14;2,99;3,01;2,98;3,00
01/06/14;3,01;3,02;2,95;2,96
01/07/14;2,96;2,97;2,94;2,94
01/08/14;2,95;3,01;2,94;2,99
01/09/14;2,98;3,01;2,96;2,97
01/10/14;2,97;2,98;2,86;2,86
01/13/14;2,86;2,87;2,82;2,83
01/14/14;2,83;2,88;2,83;2,87
01/15/14;2,87;2,92;2,86;2,90
01/16/14;2,89;2,90;2,84;2,85
01/17/14;2,85;2,87;2,82;2,82
01/21/14;2,82;2,87;2,81;2,84
01/22/14;2,84;2,87;2,83;2,87
01/23/14;2,87;2,87;2,76;2,78
01/24/14;2,78;2,79;2,71;2,72
01/27/14;2,72;2,77;2,71;2,75
01/28/14;2,76;2,79;2,75;2,76
01/29/14;2,78;2,80;2,67;2,68
01/30/14;2,69;2,73;2,68;2,70
01/31/14;2,70;2,71;2,64;2,65
02/03/14;2,67;2,68;2,57;2,58
02/04/14;2,59;2,64;2,58;2,63
02/05/14;2,62;2,68;2,60;2,67
02/06/14;2,67;2,71;2,58;2,70
02/07/14;2,70;2,74;2,63;2,68
02/10/14;2,68;2,70;2,67;2,67
02/11/14;2,68;2,73;2,68;2,73
02/12/14;2,72;2,79;2,72;2,79
02/13/14;2,79;2,79;2,73;2,73
02/14/14;2,75;2,76;2,71;2,75
02/18/14;2,75;2,76;2,70;2,71
02/19/14;2,71;2,74;2,67;2,74
02/20/14;2,74;2,77;2,70;2,75
02/21/14;2,76;2,78;2,73;2,73
02/24/14;2,74;2,76;2,72;2,74
02/25/14;2,74;2,75;2,70;2,71
02/26/14;2,71;2,72;2,66;2,66
02/27/14;2,67;2,68;2,63;2,64
02/28/14;2,65;2,70;2,63;2,65
03/03/14;2,60;2,64;2,59;2,60
03/04/14;2,61;2,70;2,60;2,70
03/05/14;2,69;2,72;2,68;2,71
03/06/14;2,70;2,75;2,70;2,74
03/07/14;2,73;2,82;2,72;2,79
03/10/14;2,79;2,81;2,76;2,78
03/11/14;2,78;2,80;2,76;2,77
03/12/14;2,77;2,78;2,72;2,73
03/13/14;2,73;2,76;2,64;2,65
03/14/14;2,65;2,67;2,61;2,65
03/17/14;2,64;2,70;2,64;2,69
03/18/14;2,69;2,70;2,67;2,67
03/19/14;2,68;2,79;2,66;2,77
03/20/14;2,77;2,79;2,74;2,77
03/21/14;2,78;2,78;2,74;2,75
03/24/14;2,75;2,78;2,72;2,73
03/25/14;2,73;2,76;2,72;2,75
03/26/14;2,75;2,76;2,69;2,69
03/27/14;2,69;2,71;2,66;2,68
03/28/14;2,68;2,73;2,67;2,72
03/31/14;2,72;2,76;2,69;2,72
04/01/14;2,73;2,77;2,73;2,76
04/02/14;2,76;2,81;2,75;2,80
04/03/14;2,81;2,81;2,78;2,80
04/04/14;2,80;2,81;2,72;2,72
04/07/14;2,72;2,74;2,68;2,70
04/08/14;2,71;2,72;2,67;2,68
04/09/14;2,68;2,72;2,68;2,69
04/10/14;2,70;2,70;2,62;2,65
04/11/14;2,64;2,66;2,61;2,63
04/14/14;2,61;2,66;2,60;2,65
04/15/14;2,65;2,67;2,60;2,63
04/16/14;2,62;2,66;2,62;2,63
04/17/14;2,64;2,73;2,62;2,72
04/21/14;2,72;2,73;2,69;2,72
04/22/14;2,72;2,75;2,70;2,71
04/23/14;2,71;2,73;2,68;2,71
04/24/14;2,70;2,73;2,68;2,68
04/25/14;2,69;2,69;2,64;2,67
04/28/14;2,67;2,71;2,66;2,70
04/29/14;2,71;2,73;2,61;2,69
04/30/14;2,69;2,72;2,64;2,65
05/01/14;2,66;2,67;2,60;2,62
05/02/14;2,61;2,70;2,57;2,58
05/05/14;2,58;2,61;2,57;2,61
05/06/14;2,61;2,63;2,59;2,59
05/07/14;2,60;2,62;2,58;2,62
05/08/14;2,62;2,64;2,58;2,62
05/09/14;2,61;2,63;2,59;2,63
05/12/14;2,63;2,66;2,63;2,66
05/13/14;2,66;2,66;2,61;2,61
05/14/14;2,61;2,62;2,53;2,54
05/15/14;2,54;2,57;2,48;2,49
05/16/14;2,49;2,53;2,49;2,52
05/19/14;2,52;2,55;2,49;2,54
05/20/14;2,54;2,55;2,50;2,51
05/21/14;2,51;2,56;2,50;2,54
05/22/14;2,53;2,57;2,53;2,55
05/23/14;2,56;2,56;2,52;2,54
05/27/14;2,54;2,55;2,51;2,52
05/28/14;2,52;2,52;2,43;2,44
05/29/14;2,45;2,47;2,40;2,47
05/30/14;2,47;2,49;2,44;2,48
06/02/14;2,48;2,54;2,48;2,53
06/03/14;2,53;2,60;2,52;2,60
06/04/14;2,60;2,62;2,57;2,60
06/05/14;2,60;2,64;2,57;2,58
06/06/14;2,59;2,60;2,53;2,59
06/09/14;2,59;2,63;2,59;2,60
06/10/14;2,60;2,65;2,59;2,64
06/11/14;2,65;2,67;2,61;2,64
06/12/14;2,64;2,66;2,57;2,60
06/13/14;2,60;2,64;2,59;2,61
06/16/14;2,60;2,61;2,58;2,60
06/17/14;2,60;2,66;2,59;2,65
06/18/14;2,66;2,70;2,58;2,59
06/19/14;2,59;2,65;2,57;2,62
06/20/14;2,63;2,66;2,61;2,61
06/23/14;2,61;2,63;2,59;2,63
06/24/14;2,63;2,63;2,57;2,58
06/25/14;2,58;2,59;2,53;2,56
06/26/14;2,56;2,57;2,51;2,53
06/27/14;2,53;2,54;2,51;2,54
06/30/14;2,53;2,55;2,51;2,53
07/01/14;2,53;2,57;2,52;2,57
07/02/14;2,57;2,63;2,55;2,63
07/03/14;2,63;2,69;2,61;2,64
07/07/14;2,66;2,66;2,61;2,61
07/08/14;2,61;2,62;2,56;2,56
07/09/14;2,56;2,61;2,54;2,55
07/10/14;2,56;2,56;2,49;2,54
07/11/14;2,54;2,55;2,50;2,52
07/14/14;2,52;2,55;2,52;2,55
07/15/14;2,55;2,57;2,52;2,55
07/16/14;2,55;2,57;2,53;2,53
07/17/14;2,53;2,53;2,44;2,45
07/18/14;2,45;2,50;2,45;2,48
07/21/14;2,47;2,49;2,45;2,47
07/22/14;2,47;2,50;2,46;2,46
07/23/14;2,47;2,48;2,45;2,47
07/24/14;2,47;2,52;2,46;2,51
07/25/14;2,51;2,53;2,46;2,47
07/28/14;2,47;2,50;2,46;2,49
07/29/14;2,49;2,50;2,45;2,46
07/30/14;2,46;2,57;2,46;2,56
07/31/14;2,56;2,61;2,54;2,56
08/01/14;2,56;2,59;2,48;2,49
08/04/14;2,50;2,51;2,47;2,48
08/05/14;2,49;2,53;2,47;2,49
08/06/14;2,49;2,49;2,44;2,47
08/07/14;2,47;2,48;2,41;2,41
08/08/14;2,42;2,43;2,35;2,43
08/11/14;2,43;2,44;2,41;2,43
08/12/14;2,43;2,45;2,42;2,45
08/13/14;2,46;2,47;2,41;2,42
08/14/14;2,43;2,44;2,38;2,40
08/15/14;2,41;2,41;2,30;2,34
08/18/14;2,36;2,40;2,35;2,39
08/19/14;2,40;2,41;2,36;2,40
08/20/14;2,40;2,45;2,40;2,43
08/21/14;2,44;2,45;2,40;2,41
08/22/14;2,41;2,44;2,38;2,41
08/25/14;2,41;2,41;2,38;2,39
08/26/14;2,38;2,40;2,37;2,40
08/27/14;2,40;2,40;2,35;2,36
08/28/14;2,36;2,36;2,32;2,34
08/29/14;2,34;2,35;2,33;2,34
09/02/14;2,36;2,42;2,35;2,42
09/03/14;2,42;2,46;2,39;2,40
09/04/14;2,40;2,46;2,38;2,45
09/05/14;2,47;2,47;2,39;2,46
09/08/14;2,46;2,48;2,42;2,47
09/09/14;2,47;2,51;2,47;2,51
09/10/14;2,50;2,54;2,49;2,54
09/11/14;2,54;2,56;2,51;2,55
09/12/14;2,55;2,61;2,54;2,61
09/15/14;2,61;2,62;2,58;2,59
09/16/14;2,59;2,60;2,55;2,59
09/17/14;2,59;2,63;2,56;2,62
09/18/14;2,63;2,64;2,60;2,62
09/19/14;2,63;2,66;2,58;2,58
09/22/14;2,57;2,58;2,55;2,57
09/23/14;2,57;2,57;2,52;2,53
09/24/14;2,53;2,57;2,53;2,57
09/25/14;2,57;2,57;2,50;2,50
09/26/14;2,51;2,55;2,49;2,53
09/29/14;2,52;2,54;2,48;2,48
09/30/14;2,48;2,52;2,48;2,49
10/01/14;2,50;2,51;2,39;2,39
10/02/14;2,38;2,44;2,38;2,43
10/03/14;2,43;2,48;2,43;2,44
10/06/14;2,44;2,45;2,41;2,42
10/07/14;2,42;2,43;2,34;2,34
10/08/14;2,35;2,38;2,31;2,32
10/09/14;2,33;2,34;2,28;2,31
10/10/14;2,31;2,35;2,28;2,28
10/14/14;2,24;2,26;2,18;2,20
10/15/14;2,21;2,23;1,91;2,14
10/16/14;2,14;2,18;1,98;2,16
10/17/14;2,16;2,25;2,12;2,20
10/20/14;2,22;2,23;2,16;2,19
10/21/14;2,19;2,23;2,13;2,22
10/22/14;2,21;2,25;2,18;2,22
10/23/14;2,22;2,30;2,20;2,27
10/24/14;2,28;2,28;2,23;2,27
10/27/14;2,28;2,30;2,24;2,26
10/28/14;2,26;2,30;2,25;2,30
10/29/14;2,30;2,36;2,28;2,32
10/30/14;2,31;2,33;2,28;2,31
10/31/14;2,31;2,36;2,29;2,34
11/03/14;2,31;2,38;2,30;2,34
11/04/14;2,34;2,35;2,31;2,34
11/05/14;2,33;2,37;2,33;2,34
11/06/14;2,34;2,39;2,33;2,39
11/07/14;2,39;2,40;2,30;2,30
11/10/14;2,31;2,37;2,27;2,36
11/12/14;2,38;2,38;2,32;2,37
11/13/14;2,38;2,39;2,34;2,34
11/14/14;2,34;2,38;2,31;2,32
11/17/14;2,30;2,35;2,28;2,34
11/18/14;2,33;2,34;2,31;2,32
11/19/14;2,31;2,36;2,31;2,36
11/20/14;2,36;2,36;2,30;2,34
11/21/14;2,34;2,36;2,31;2,31
11/24/14;2,31;2,34;2,30;2,31
11/25/14;2,30;2,31;2,26;2,26
11/26/14;2,30;2,30;2,23;2,25
11/28/14;2,25;2,25;2,17;2,17
12/01/14;2,18;2,24;2,15;2,24
12/02/14;2,23;2,30;2,23;2,29
12/03/14;2,29;2,31;2,28;2,28
12/04/14;2,28;2,29;2,24;2,24
12/05/14;2,24;2,33;2,24;2,31
12/08/14;2,32;2,35;2,24;2,26
12/09/14;2,26;2,27;2,19;2,21
12/10/14;2,22;2,23;2,16;2,16
12/11/14;2,17;2,21;2,14;2,16
12/12/14;2,17;2,17;2,08;2,08
12/15/14;2,08;2,14;2,08;2,12
12/16/14;2,12;2,12;2,01;2,06
12/17/14;2,06;2,15;2,05;2,14
12/18/14;2,14;2,22;2,11;2,21
12/19/14;2,21;2,23;2,16;2,16
12/22/14;2,16;2,19;2,15;2,16
12/23/14;2,16;2,27;2,15;2,26
12/24/14;2,26;2,30;2,24;2,27
12/26/14;2,27;2,27;2,24;2,25
12/29/14;2,25;2,25;2,20;2,20
12/30/14;2,20;2,21;2,17;2,19
12/31/14;2,19;2,19;2,16;2,17
01/02/15;2,21;2,21;2,10;2,11
01/05/15;2,10;2,14;2,03;2,03
01/06/15;2,03;2,04;1,89;1,94
01/07/15;1,95;2,01;1,93;1,97
01/08/15;1,98;2,03;1,97;2,02
01/09/15;2,02;2,02;1,95;1,95
01/12/15;1,95;1,98;1,90;1,91
01/13/15;1,90;1,94;1,86;1,90
01/14/15;1,90;1,90;1,79;1,86
01/15/15;1,86;1,90;1,71;1,72
01/16/15;1,72;1,84;1,70;1,84
01/20/15;1,84;1,84;1,76;1,79
01/21/15;1,80;1,88;1,78;1,87
01/22/15;1,87;1,94;1,82;1,87
01/23/15;1,87;1,87;1,78;1,79
01/26/15;1,77;1,84;1,75;1,83
01/27/15;1,83;1,83;1,75;1,83
01/28/15;1,82;1,83;1,71;1,72
01/29/15;1,73;1,78;1,71;1,75
01/30/15;1,75;1,76;1,64;1,64
02/02/15;1,65;1,71;1,65;1,67
02/03/15;1,67;1,80;1,66;1,79
02/04/15;1,79;1,84;1,74;1,75
02/05/15;1,74;1,83;1,72;1,82
02/06/15;1,82;1,97;1,80;1,96
02/09/15;1,93;1,98;1,89;1,98
02/10/15;1,97;2,01;1,96;2,00
02/11/15;1,98;2,03;1,97;2,02
02/12/15;1,99;2,05;1,96;1,99
02/13/15;1,99;2,06;1,97;2,05
02/17/15;2,05;2,15;2,00;2,14
02/18/15;2,13;2,16;2,05;2,08
02/19/15;2,08;2,12;2,05;2,12
02/20/15;2,12;2,14;2,05;2,12
02/23/15;2,10;2,14;2,05;2,06
02/24/15;2,07;2,11;1,97;1,98
02/25/15;1,99;2,00;1,96;1,97
02/26/15;1,97;2,04;1,93;2,03
02/27/15;2,03;2,05;1,99;1,99
03/02/15;2,00;2,10;1,99;2,09
03/03/15;2,08;2,13;2,07;2,12
03/04/15;2,12;2,14;2,09;2,12
03/05/15;2,11;2,14;2,10;2,12
03/06/15;2,12;2,26;2,09;2,25
03/09/15;2,24;2,24;2,19;2,19
03/10/15;2,20;2,21;2,12;2,13
03/11/15;2,13;2,16;2,10;2,11
03/12/15;2,11;2,12;2,04;2,12
03/13/15;2,12;2,15;2,09;2,12
03/16/15;2,11;2,11;2,07;2,07
03/17/15;2,08;2,08;2,04;2,05
03/18/15;2,06;2,06;1,91;1,93
03/19/15;1,92;1,99;1,90;1,97
03/20/15;1,97;1,97;1,92;1,93
03/23/15;1,93;1,94;1,90;1,91
03/24/15;1,91;1,93;1,87;1,87
03/25/15;1,88;1,93;1,86;1,93
03/26/15;1,93;2,01;1,90;1,99
03/27/15;2,00;2,00;1,95;1,96
03/30/15;1,96;1,98;1,94;1,95
03/31/15;1,95;1,97;1,92;1,93
04/01/15;1,93;1,95;1,85;1,86
04/02/15;1,86;1,92;1,83;1,91
04/03/15;1,91;1,91;1,80;1,84
04/06/15;1,83;1,91;1,83;1,90
04/07/15;1,90;1,92;1,88;1,89
04/08/15;1,89;1,93;1,87;1,91
04/09/15;1,90;1,97;1,88;1,96
04/10/15;1,97;1,97;1,92;1,95
04/13/15;1,95;1,98;1,92;1,93
04/14/15;1,93;1,93;1,85;1,90
04/15/15;1,90;1,92;1,87;1,89
04/16/15;1,89;1,92;1,87;1,89
04/17/15;1,89;1,91;1,85;1,86
04/20/15;1,87;1,90;1,85;1,89
04/21/15;1,89;1,92;1,86;1,91
04/22/15;1,91;1,99;1,89;1,98
04/23/15;1,98;1,99;1,94;1,96
04/24/15;1,96;1,97;1,91;1,91
04/27/15;1,91;1,95;1,89;1,92
04/28/15;1,92;2,01;1,91;2,00
04/29/15;2,01;2,07;1,98;2,04
04/30/15;2,05;2,11;2,02;2,03
05/01/15;2,05;2,12;2,05;2,12
05/04/15;2,13;2,15;2,09;2,15
05/05/15;2,14;2,20;2,12;2,19
05/06/15;2,19;2,25;2,18;2,24
05/07/15;2,24;2,31;2,17;2,18
05/08/15;2,18;2,20;2,11;2,13
05/11/15;2,14;2,29;2,13;2,28
05/12/15;2,28;2,36;2,23;2,25
05/13/15;2,26;2,30;2,19;2,29
05/14/15;2,28;2,29;2,22;2,23
05/15/15;2,22;2,23;2,13;2,15
05/18/15;2,15;2,24;2,14;2,24
05/19/15;2,23;2,30;2,18;2,29
05/20/15;2,28;2,28;2,23;2,25
05/21/15;2,25;2,25;2,18;2,19
05/22/15;2,19;2,24;2,17;2,21
05/26/15;2,20;2,21;2,13;2,14
05/27/15;2,15;2,18;2,13;2,13
05/28/15;2,14;2,15;2,12;2,14
05/29/15;2,14;2,14;2,09;2,13
06/01/15;2,12;2,20;2,11;2,18
06/02/15;2,18;2,28;2,18;2,26
06/03/15;2,26;2,38;2,25;2,37
06/04/15;2,36;2,42;2,29;2,31
06/05/15;2,31;2,44;2,31;2,41
06/08/15;2,41;2,41;2,37;2,38
06/09/15;2,39;2,45;2,36;2,44
06/10/15;2,44;2,49;2,43;2,48
06/11/15;2,47;2,50;2,38;2,38
06/12/15;2,38;2,41;2,34;2,40
06/15/15;2,35;2,37;2,31;2,36
06/16/15;2,36;2,36;2,31;2,31
06/17/15;2,31;2,39;2,30;2,32
06/18/15;2,30;2,38;2,26;2,34
06/19/15;2,33;2,33;2,26;2,26
06/22/15;2,28;2,38;2,28;2,38
06/23/15;2,37;2,43;2,36;2,41
06/24/15;2,40;2,41;2,36;2,37
06/25/15;2,37;2,42;2,36;2,41
06/26/15;2,41;2,49;2,39;2,47
06/29/15;2,31;2,41;2,29;2,33
06/30/15;2,33;2,38;2,31;2,36
07/01/15;2,37;2,44;2,35;2,42
07/02/15;2,43;2,46;2,36;2,38
07/06/15;2,28;2,35;2,27;2,29
07/07/15;2,29;2,31;2,19;2,26
07/08/15;2,26;2,26;2,18;2,20
07/09/15;2,20;2,33;2,18;2,32
07/10/15;2,35;2,42;2,34;2,40
07/13/15;2,39;2,47;2,38;2,45
07/14/15;2,45;2,45;2,39;2,40
07/15/15;2,39;2,43;2,34;2,35
07/16/15;2,36;2,40;2,34;2,35
07/17/15;2,36;2,38;2,34;2,35
07/20/15;2,34;2,39;2,34;2,38
07/21/15;2,37;2,40;2,33;2,33
07/22/15;2,33;2,34;2,30;2,32
07/23/15;2,33;2,34;2,27;2,27
07/24/15;2,27;2,28;2,25;2,26
07/27/15;2,26;2,27;2,21;2,22
07/28/15;2,22;2,27;2,22;2,25
07/29/15;2,26;2,30;2,25;2,29
07/30/15;2,29;2,32;2,25;2,26
07/31/15;2,27;2,29;2,18;2,18
08/03/15;2,19;2,21;2,14;2,15
08/04/15;2,15;2,23;2,14;2,23
08/05/15;2,23;2,29;2,22;2,27
08/06/15;2,27;2,28;2,22;2,22
08/07/15;2,23;2,25;2,16;2,17
08/10/15;2,17;2,24;2,17;2,23
08/11/15;2,23;2,23;2,11;2,14
08/12/15;2,15;2,16;2,05;2,15
08/13/15;2,14;2,20;2,12;2,19
08/14/15;2,18;2,22;2,17;2,20
08/17/15;2,19;2,20;2,14;2,17
08/18/15;2,17;2,20;2,14;2,19
08/19/15;2,19;2,23;2,11;2,13
08/20/15;2,13;2,14;2,07;2,07
08/21/15;2,07;2,09;2,03;2,04
08/24/15;2,03;2,04;1,98;2,01
08/25/15;2,01;2,14;2,01;2,07
08/26/15;2,06;2,19;2,06;2,18
08/27/15;2,17;2,21;2,14;2,19
08/28/15;2,15;2,20;2,13;2,18
08/31/15;2,19;2,22;2,13;2,22
09/01/15;2,22;2,22;2,15;2,16
09/02/15;2,16;2,20;2,14;2,19
09/03/15;2,18;2,20;2,15;2,16
09/04/15;2,17;2,17;2,11;2,13
09/08/15;2,15;2,20;2,13;2,18
09/09/15;2,19;2,25;2,17;2,20
09/10/15;2,18;2,24;2,18;2,22
09/11/15;2,22;2,23;2,17;2,19
09/14/15;2,20;2,20;2,16;2,19
09/15/15;2,18;2,29;2,16;2,29
09/16/15;2,28;2,31;2,26;2,30
09/17/15;2,29;2,30;2,19;2,19
09/18/15;2,19;2,20;2,12;2,13
09/21/15;2,13;2,22;2,13;2,20
09/22/15;2,21;2,21;2,12;2,14
09/23/15;2,14;2,17;2,12;2,15
09/24/15;2,15;2,16;2,08;2,13
09/25/15;2,13;2,20;2,13;2,16
09/28/15;2,16;2,17;2,09;2,09
09/29/15;2,09;2,12;2,04;2,05
09/30/15;2,06;2,11;2,04;2,04
10/01/15;2,04;2,07;2,01;2,04
10/02/15;2,05;2,07;1,91;1,99
10/05/15;1,99;2,06;1,98;2,06
10/06/15;2,05;2,08;2,03;2,03
10/07/15;2,04;2,09;2,03;2,06
10/08/15;2,07;2,12;2,04;2,11
10/09/15;2,10;2,14;2,08;2,09
10/13/15;2,07;2,08;2,04;2,04
10/14/15;2,05;2,05;1,97;1,97
10/15/15;1,98;2,03;1,97;2,02
10/16/15;2,03;2,04;2,00;2,03
10/19/15;2,02;2,06;2,01;2,02
10/20/15;2,02;2,08;2,01;2,07
10/21/15;2,06;2,07;2,02;2,03
10/22/15;2,02;2,05;2,00;2,03
10/23/15;2,04;2,10;2,02;2,09
10/26/15;2,08;2,09;2,05;2,06
10/27/15;2,05;2,06;2,01;2,04
10/28/15;2,04;2,11;2,03;2,10
10/29/15;2,10;2,18;2,08;2,17
10/30/15;2,17;2,18;2,14;2,15
11/02/15;2,14;2,19;2,13;2,17
11/03/15;2,18;2,23;2,17;2,21
11/04/15;2,20;2,24;2,20;2,23
11/05/15;2,23;2,26;2,22;2,23
11/06/15;2,24;2,35;2,22;2,32
11/09/15;2,33;2,38;2,32;2,35
11/10/15;2,34;2,35;2,31;2,34
11/12/15;2,32;2,34;2,30;2,31
11/13/15;2,32;2,32;2,27;2,27
11/16/15;2,24;2,28;2,24;2,27
11/17/15;2,27;2,31;2,25;2,26
11/18/15;2,28;2,30;2,26;2,27
11/19/15;2,27;2,28;2,23;2,25
11/20/15;2,25;2,27;2,23;2,26
11/23/15;2,28;2,30;2,24;2,24
11/24/15;2,24;2,25;2,21;2,24
11/25/15;2,24;2,25;2,22;2,24
11/27/15;2,23;2,23;2,20;2,22
11/30/15;2,22;2,25;2,20;2,21
12/01/15;2,22;2,24;2,14;2,14
12/02/15;2,16;2,20;2,15;2,18
12/03/15;2,18;2,35;2,18;2,32
12/04/15;2,30;2,35;2,26;2,27
12/07/15;2,28;2,29;2,21;2,23
12/08/15;2,23;2,24;2,20;2,22
12/09/15;2,23;2,27;2,20;2,21
12/10/15;2,23;2,24;2,21;2,23
12/11/15;2,24;2,24;2,12;2,12
12/14/15;2,15;2,23;2,14;2,22
12/15/15;2,21;2,29;2,20;2,27
12/16/15;2,26;2,33;2,25;2,30
12/17/15;2,28;2,28;2,22;2,22
12/18/15;2,23;2,23;2,18;2,21
12/21/15;2,21;2,23;2,17;2,19
12/22/15;2,19;2,24;2,18;2,24
12/23/15;2,23;2,28;2,23;2,26
12/24/15;2,26;2,26;2,24;2,24
12/28/15;2,26;2,26;2,21;2,24
12/29/15;2,23;2,32;2,22;2,31
12/30/15;2,30;2,32;2,28;2,30
12/31/15;2,29;2,31;2,27;2,27
01/04/16;2,29;2,30;2,20;2,25
01/05/16;2,24;2,26;2,22;2,24
01/06/16;2,24;2,24;2,17;2,17
01/07/16;2,18;2,20;2,12;2,15
01/08/16;2,16;2,20;2,11;2,12
01/11/16;2,12;2,18;2,12;2,18
01/12/16;2,17;2,20;2,08;2,10
01/13/16;2,12;2,15;2,04;2,10
01/14/16;2,07;2,12;2,05;2,09
01/15/16;2,10;2,10;1,99;2,04
01/19/16;2,05;2,09;2,02;2,06
01/20/16;2,05;2,05;1,94;1,98
01/21/16;2,00;2,04;1,96;2,03
01/22/16;2,03;2,09;2,01;2,06
01/25/16;2,05;2,07;2,00;2,00
01/26/16;2,00;2,03;1,96;2,00
01/27/16;1,99;2,05;1,98;2,00
01/28/16;2,00;2,03;1,98;1,98
01/29/16;1,98;1,99;1,91;1,92
02/01/16;1,92;1,97;1,91;1,95
02/02/16;1,95;1,95;1,85;1,85
02/03/16;1,85;1,89;1,80;1,89
02/04/16;1,88;1,91;1,84;1,84
02/05/16;1,84;1,90;1,83;1,83
02/08/16;1,86;1,87;1,73;1,75
02/09/16;1,74;1,77;1,68;1,73
02/10/16;1,73;1,77;1,67;1,67
02/11/16;1,63;1,67;1,53;1,66
02/12/16;1,67;1,76;1,66;1,75
02/16/16;1,78;1,80;1,75;1,78
02/17/16;1,78;1,85;1,74;1,82
02/18/16;1,81;1,83;1,73;1,74
02/19/16;1,74;1,78;1,72;1,75
02/22/16;1,76;1,79;1,75;1,76
02/23/16;1,75;1,81;1,71;1,72
02/24/16;1,72;1,76;1,65;1,75
02/25/16;1,75;1,75;1,68;1,72
02/26/16;1,73;1,78;1,72;1,76
02/29/16;1,76;1,77;1,73;1,74
03/01/16;1,74;1,84;1,70;1,83
03/02/16;1,82;1,87;1,82;1,84
03/03/16;1,84;1,87;1,82;1,84
03/04/16;1,83;1,90;1,82;1,88
03/07/16;1,88;1,92;1,88;1,91
03/08/16;1,91;1,91;1,80;1,83
03/09/16;1,83;1,90;1,82;1,88
03/10/16;1,88;1,95;1,86;1,93
03/11/16;1,93;1,98;1,92;1,98
03/14/16;1,98;1,99;1,94;1,96
03/15/16;1,96;1,97;1,92;1,97
03/16/16;1,97;2,00;1,91;1,91
03/17/16;1,91;1,92;1,86;1,90
03/18/16;1,90;1,90;1,87;1,88
03/21/16;1,88;1,93;1,87;1,92
03/22/16;1,92;1,95;1,88;1,94
03/23/16;1,94;1,95;1,87;1,88
03/24/16;1,88;1,90;1,85;1,90
03/28/16;1,90;1,92;1,86;1,89
03/29/16;1,88;1,90;1,80;1,81
03/30/16;1,81;1,86;1,80;1,83
03/31/16;1,82;1,83;1,77;1,77
04/01/16;1,78;1,81;1,76;1,77
04/04/16;1,77;1,79;1,75;1,76
04/05/16;1,76;1,76;1,71;1,72
04/06/16;1,73;1,77;1,73;1,76
04/07/16;1,76;1,77;1,68;1,69
04/08/16;1,70;1,73;1,70;1,72
04/11/16;1,73;1,76;1,70;1,73
04/12/16;1,73;1,78;1,72;1,78
04/13/16;1,78;1,80;1,76;1,76
04/14/16;1,78;1,80;1,75;1,79
04/15/16;1,79;1,80;1,74;1,75
04/18/16;1,72;1,79;1,72;1,77
04/19/16;1,78;1,80;1,77;1,79
04/20/16;1,78;1,86;1,75;1,85
04/21/16;1,84;1,89;1,83;1,86
04/22/16;1,86;1,90;1,85;1,89
04/25/16;1,89;1,92;1,86;1,92
04/26/16;1,91;1,94;1,89;1,93
04/27/16;1,93;1,93;1,85;1,85
04/28/16;1,85;1,87;1,82;1,82
04/29/16;1,83;1,87;1,82;1,83
05/02/16;1,83;1,88;1,81;1,87
05/03/16;1,88;1,88;1,78;1,80
05/04/16;1,80;1,82;1,77;1,78
05/05/16;1,78;1,81;1,74;1,74
05/06/16;1,75;1,79;1,71;1,78
05/09/16;1,79;1,79;1,74;1,74
05/10/16;1,75;1,78;1,74;1,76
05/11/16;1,77;1,77;1,72;1,73
05/12/16;1,72;1,76;1,72;1,75
05/13/16;1,75;1,75;1,70;1,70
05/16/16;1,69;1,76;1,69;1,76
05/17/16;1,75;1,77;1,74;1,77
05/18/16;1,77;1,88;1,76;1,85
05/19/16;1,85;1,88;1,83;1,85
05/20/16;1,85;1,87;1,84;1,84
05/23/16;1,84;1,86;1,82;1,84
05/24/16;1,84;1,88;1,82;1,86
05/25/16;1,86;1,88;1,85;1,87
05/26/16;1,86;1,87;1,82;1,83
05/27/16;1,84;1,85;1,82;1,85
05/31/16;1,86;1,89;1,83;1,85
06/01/16;1,85;1,86;1,81;1,84
06/02/16;1,84;1,84;1,79;1,80
06/03/16;1,81;1,81;1,70;1,70
06/06/16;1,70;1,74;1,70;1,74
06/07/16;1,73;1,75;1,70;1,72
06/08/16;1,72;1,72;1,70;1,70
06/09/16;1,71;1,71;1,66;1,69
06/10/16;1,68;1,69;1,62;1,64
06/13/16;1,63;1,64;1,60;1,61
06/14/16;1,61;1,63;1,57;1,61
06/15/16;1,62;1,64;1,57;1,57
06/16/16;1,57;1,58;1,52;1,58
06/17/16;1,58;1,62;1,58;1,61
06/20/16;1,66;1,69;1,64;1,69
06/21/16;1,68;1,71;1,66;1,71
06/22/16;1,70;1,71;1,68;1,69
06/23/16;1,70;1,75;1,69;1,75
06/24/16;1,68;1,70;1,42;1,56
06/27/16;1,51;1,53;1,43;1,43
06/28/16;1,44;1,48;1,43;1,47
06/29/16;1,46;1,52;1,45;1,52
06/30/16;1,51;1,55;1,45;1,47
07/01/16;1,47;1,47;1,39;1,44
07/05/16;1,44;1,44;1,36;1,38
07/06/16;1,37;1,39;1,32;1,37
07/07/16;1,37;1,42;1,36;1,39
07/08/16;1,39;1,43;1,35;1,36
07/11/16;1,36;1,44;1,36;1,43
07/12/16;1,43;1,53;1,42;1,51
07/13/16;1,51;1,51;1,46;1,47
07/14/16;1,47;1,55;1,46;1,54
07/15/16;1,52;1,60;1,52;1,55
07/18/16;1,58;1,60;1,56;1,59
07/19/16;1,57;1,57;1,54;1,55
07/20/16;1,56;1,60;1,55;1,58
07/21/16;1,58;1,62;1,55;1,56
07/22/16;1,55;1,60;1,54;1,57
07/25/16;1,57;1,59;1,55;1,58
07/26/16;1,57;1,59;1,54;1,57
07/27/16;1,56;1,59;1,50;1,50
07/28/16;1,50;1,54;1,49;1,51
07/29/16;1,50;1,56;1,45;1,45
08/01/16;1,46;1,53;1,46;1,53
08/02/16;1,52;1,57;1,51;1,56
08/03/16;1,56;1,57;1,53;1,55
08/04/16;1,54;1,56;1,48;1,50
08/05/16;1,50;1,59;1,49;1,59
08/08/16;1,60;1,61;1,57;1,59
08/09/16;1,59;1,60;1,54;1,55
08/10/16;1,54;1,55;1,50;1,51
08/11/16;1,50;1,58;1,50;1,56
08/12/16;1,56;1,57;1,48;1,51
08/15/16;1,51;1,56;1,50;1,56
08/16/16;1,56;1,59;1,51;1,57
08/17/16;1,57;1,59;1,53;1,55
08/18/16;1,54;1,56;1,52;1,54
08/19/16;1,55;1,59;1,54;1,58
08/22/16;1,60;1,60;1,54;1,54
08/23/16;1,55;1,57;1,53;1,55
08/24/16;1,56;1,57;1,54;1,56
08/25/16;1,57;1,58;1,55;1,58
08/26/16;1,57;1,64;1,53;1,63
08/29/16;1,63;1,63;1,56;1,56
08/30/16;1,57;1,60;1,56;1,57
08/31/16;1,57;1,59;1,55;1,58
09/01/16;1,58;1,62;1,56;1,57
09/02/16;1,57;1,62;1,55;1,61
09/06/16;1,61;1,62;1,53;1,54
09/07/16;1,54;1,55;1,52;1,54
09/08/16;1,54;1,62;1,53;1,60
09/09/16;1,61;1,68;1,59;1,67
09/12/16;1,67;1,70;1,66;1,66
09/13/16;1,66;1,75;1,64;1,73
09/14/16;1,72;1,74;1,67;1,70
09/15/16;1,70;1,73;1,66;1,69
09/16/16;1,69;1,70;1,66;1,69
09/19/16;1,69;1,72;1,68;1,71
09/20/16;1,71;1,71;1,67;1,69
09/21/16;1,69;1,73;1,65;1,65
09/22/16;1,65;1,66;1,61;1,62
09/23/16;1,62;1,63;1,60;1,62
09/26/16;1,61;1,62;1,57;1,58
09/27/16;1,59;1,61;1,55;1,56
09/28/16;1,56;1,58;1,54;1,57
09/29/16;1,59;1,60;1,54;1,56
09/30/16;1,56;1,61;1,53;1,60
10/03/16;1,60;1,63;1,59;1,63
10/04/16;1,63;1,69;1,61;1,69
10/05/16;1,69;1,73;1,67;1,70
10/06/16;1,71;1,75;1,69;1,74
10/07/16;1,73;1,77;1,72;1,72
10/11/16;1,77;1,78;1,75;1,77
10/12/16;1,77;1,80;1,76;1,77
10/13/16;1,77;1,77;1,72;1,74
10/14/16;1,75;1,80;1,75;1,80
10/17/16;1,79;1,81;1,75;1,77
10/18/16;1,78;1,79;1,74;1,74
10/19/16;1,74;1,77;1,73;1,75
10/20/16;1,75;1,76;1,72;1,76
10/21/16;1,76;1,76;1,73;1,74
10/24/16;1,74;1,77;1,72;1,77
10/25/16;1,77;1,79;1,74;1,76
10/26/16;1,76;1,80;1,74;1,79
10/27/16;1,80;1,87;1,79;1,85
10/28/16;1,86;1,88;1,83;1,85
10/31/16;1,84;1,85;1,82;1,83
11/01/16;1,83;1,88;1,82;1,83
11/02/16;1,83;1,83;1,78;1,80
11/03/16;1,81;1,83;1,78;1,81
11/04/16;1,80;1,82;1,77;1,78
11/07/16;1,82;1,84;1,81;1,83
11/08/16;1,82;1,88;1,81;1,86
11/09/16;1,86;2,08;1,72;2,06
11/10/16;2,02;2,15;1,99;2,15
11/14/16;2,20;2,31;2,18;2,26
11/15/16;2,23;2,24;2,18;2,22
11/16/16;2,22;2,30;2,20;2,22
11/17/16;2,21;2,31;2,19;2,30
11/18/16;2,30;2,37;2,27;2,36
11/21/16;2,35;2,36;2,30;2,32
11/22/16;2,30;2,34;2,28;2,31
11/23/16;2,32;2,42;2,30;2,35
11/25/16;2,38;2,41;2,35;2,36
11/28/16;2,34;2,35;2,31;2,31
11/29/16;2,31;2,35;2,29;2,29
11/30/16;2,29;2,40;2,29;2,39
12/01/16;2,38;2,49;2,38;2,45
12/02/16;2,44;2,45;2,37;2,39
12/05/16;2,36;2,45;2,34;2,40
12/06/16;2,40;2,40;2,37;2,39
12/07/16;2,39;2,40;2,34;2,34
12/08/16;2,35;2,42;2,34;2,41
12/09/16;2,41;2,48;2,40;2,47
12/12/16;2,49;2,53;2,47;2,47
12/13/16;2,46;2,50;2,44;2,47
12/14/16;2,47;2,58;2,42;2,57
12/15/16;2,57;2,64;2,56;2,60
12/16/16;2,60;2,62;2,55;2,59
12/19/16;2,58;2,59;2,53;2,54
12/20/16;2,54;2,59;2,54;2,56
12/21/16;2,57;2,58;2,53;2,54
12/22/16;2,54;2,58;2,53;2,55
12/23/16;2,55;2,56;2,53;2,54
12/27/16;2,55;2,58;2,55;2,56
12/28/16;2,56;2,56;2,50;2,51
12/29/16;2,51;2,51;2,46;2,48
12/30/16;2,48;2,49;2,43;2,45
01/03/17;2,45;2,52;2,44;2,45
01/04/17;2,45;2,48;2,43;2,44
01/05/17;2,44;2,45;2,34;2,35
01/06/17;2,36;2,43;2,33;2,42
01/09/17;2,42;2,43;2,37;2,37
01/10/17;2,37;2,39;2,36;2,38
01/11/17;2,38;2,40;2,33;2,38
01/12/17;2,36;2,36;2,31;2,36
01/13/17;2,37;2,43;2,33;2,40
01/17/17;2,37;2,37;2,31;2,32
01/18/17;2,34;2,43;2,33;2,43
01/19/17;2,42;2,49;2,41;2,47
01/20/17;2,47;2,51;2,45;2,47
01/23/17;2,44;2,47;2,38;2,40
01/24/17;2,41;2,47;2,38;2,46
01/25/17;2,46;2,53;2,44;2,51
01/26/17;2,51;2,56;2,50;2,50
01/27/17;2,51;2,53;2,48;2,48
01/30/17;2,48;2,50;2,46;2,49
01/31/17;2,48;2,50;2,43;2,46
02/01/17;2,46;2,51;2,46;2,47
02/02/17;2,48;2,48;2,43;2,47
02/03/17;2,48;2,50;2,43;2,47
02/06/17;2,47;2,47;2,41;2,41
02/07/17;2,41;2,44;2,37;2,40
02/08/17;2,40;2,40;2,33;2,34
02/09/17;2,33;2,40;2,33;2,39
02/10/17;2,40;2,43;2,40;2,41
02/13/17;2,43;2,45;2,42;2,43
02/14/17;2,44;2,50;2,43;2,47
02/15/17;2,48;2,52;2,47;2,49
02/16/17;2,49;2,49;2,44;2,45
02/17/17;2,45;2,46;2,40;2,42
02/21/17;2,44;2,46;2,41;2,43
02/22/17;2,44;2,45;2,39;2,42
02/23/17;2,42;2,42;2,37;2,38
02/24/17;2,38;2,38;2,31;2,31
02/27/17;2,32;2,37;2,32;2,37
02/28/17;2,36;2,40;2,33;2,39
03/01/17;2,42;2,47;2,40;2,46
03/02/17;2,47;2,50;2,45;2,48
03/03/17;2,48;2,52;2,47;2,48
03/06/17;2,48;2,51;2,46;2,50
03/07/17;2,49;2,52;2,49;2,52
03/08/17;2,52;2,58;2,51;2,56
03/09/17;2,57;2,61;2,56;2,61
03/10/17;2,61;2,62;2,57;2,58
03/13/17;2,59;2,63;2,56;2,63
03/14/17;2,62;2,63;2,59;2,60
03/15/17;2,60;2,60;2,49;2,50
03/16/17;2,50;2,54;2,49;2,54
03/17/17;2,54;2,55;2,49;2,50
03/20/17;2,50;2,52;2,46;2,46
03/21/17;2,46;2,50;2,41;2,42
03/22/17;2,42;2,43;2,37;2,41
03/23/17;2,41;2,44;2,39;2,42
03/24/17;2,42;2,44;2,39;2,41
03/27/17;2,38;2,38;2,35;2,38
03/28/17;2,38;2,42;2,36;2,42
03/29/17;2,42;2,43;2,38;2,38
03/30/17;2,39;2,42;2,37;2,42
03/31/17;2,42;2,44;2,38;2,39
04/03/17;2,40;2,41;2,32;2,32
04/04/17;2,33;2,36;2,31;2,36
04/05/17;2,36;2,38;2,33;2,34
04/06/17;2,34;2,37;2,33;2,34
04/07/17;2,35;2,39;2,27;2,38
04/10/17;2,39;2,40;2,35;2,37
04/11/17;2,35;2,36;2,29;2,30
04/12/17;2,30;2,31;2,24;2,24
04/13/17;2,24;2,27;2,22;2,23
04/17/17;2,21;2,26;2,20;2,25
04/18/17;2,25;2,26;2,17;2,17
04/19/17;2,18;2,23;2,18;2,22
04/20/17;2,21;2,25;2,20;2,23
04/21/17;2,24;2,25;2,21;2,25
04/24/17;2,31;2,32;2,26;2,28
04/25/17;2,27;2,34;2,27;2,34
04/26/17;2,33;2,35;2,30;2,31
04/27/17;2,31;2,32;2,28;2,30
04/28/17;2,30;2,33;2,28;2,28
05/01/17;2,28;2,34;2,28;2,32
05/02/17;2,32;2,34;2,28;2,28
05/03/17;2,29;2,33;2,28;2,32
05/04/17;2,32;2,37;2,32;2,36
05/05/17;2,36;2,38;2,34;2,35
05/08/17;2,36;2,39;2,33;2,39
05/09/17;2,39;2,41;2,38;2,40
05/10/17;2,39;2,42;2,37;2,42
05/11/17;2,41;2,42;2,38;2,39
05/12/17;2,39;2,39;2,32;2,33
05/15/17;2,32;2,35;2,32;2,35
05/16/17;2,34;2,36;2,31;2,33
05/17/17;2,30;2,31;2,21;2,23
05/18/17;2,23;2,25;2,18;2,23
05/19/17;2,23;2,26;2,23;2,24
05/22/17;2,24;2,26;2,23;2,26
05/23/17;2,23;2,29;2,23;2,28
05/24/17;2,28;2,30;2,24;2,25
05/25/17;2,26;2,27;2,24;2,26
05/26/17;2,26;2,26;2,23;2,25
05/30/17;2,25;2,25;2,21;2,21
05/31/17;2,22;2,23;2,19;2,21
06/01/17;2,21;2,24;2,21;2,21
06/02/17;2,21;2,23;2,14;2,16
06/05/17;2,16;2,19;2,16;2,18
06/06/17;2,18;2,18;2,13;2,15
06/07/17;2,15;2,18;2,15;2,18
06/08/17;2,19;2,21;2,18;2,19
06/09/17;2,18;2,23;2,17;2,20
06/12/17;2,21;2,23;2,19;2,21
06/13/17;2,22;2,23;2,20;2,21
06/14/17;2,21;2,21;2,10;2,13
06/15/17;2,12;2,17;2,12;2,17
06/16/17;2,17;2,18;2,14;2,15
06/19/17;2,16;2,19;2,14;2,19
06/20/17;2,20;2,20;2,15;2,16
06/21/17;2,17;2,18;2,14;2,16
06/22/17;2,16;2,17;2,14;2,15
06/23/17;2,15;2,17;2,14;2,14
06/26/17;2,15;2,16;2,12;2,14
06/27/17;2,14;2,21;2,12;2,21
06/28/17;2,20;2,26;2,19;2,23
06/29/17;2,23;2,30;2,22;2,27
06/30/17;2,26;2,31;2,26;2,30
07/03/17;2,32;2,36;2,29;2,35
07/05/17;2,34;2,36;2,32;2,32
07/06/17;2,33;2,39;2,32;2,37
07/07/17;2,37;2,40;2,36;2,38
07/10/17;2,39;2,39;2,36;2,38
07/11/17;2,37;2,40;2,35;2,36
07/12/17;2,36;2,36;2,30;2,32
07/13/17;2,32;2,37;2,31;2,35
07/14/17;2,35;2,36;2,28;2,33
07/17/17;2,34;2,34;2,30;2,32
07/18/17;2,31;2,32;2,26;2,26
07/19/17;2,27;2,28;2,26;2,27
07/20/17;2,27;2,28;2,24;2,26
07/21/17;2,27;2,27;2,23;2,24
07/24/17;2,24;2,26;2,23;2,26
07/25/17;2,26;2,34;2,25;2,34
07/26/17;2,33;2,34;2,28;2,29
07/27/17;2,29;2,33;2,28;2,31
07/28/17;2,31;2,33;2,29;2,29
07/31/17;2,28;2,31;2,28;2,30
08/01/17;2,30;2,32;2,25;2,26
08/02/17;2,26;2,28;2,24;2,27
08/03/17;2,27;2,27;2,22;2,22
08/04/17;2,22;2,29;2,22;2,27
08/07/17;2,27;2,29;2,25;2,26
08/08/17;2,26;2,29;2,25;2,26
08/09/17;2,26;2,26;2,21;2,25
08/10/17;2,25;2,26;2,20;2,20
08/11/17;2,20;2,22;2,18;2,19
08/14/17;2,20;2,23;2,20;2,22
08/15/17;2,22;2,28;2,22;2,27
08/16/17;2,28;2,29;2,22;2,23
08/17/17;2,23;2,25;2,18;2,19
08/18/17;2,19;2,21;2,16;2,20
08/21/17;2,21;2,21;2,17;2,18
08/22/17;2,18;2,22;2,18;2,21
08/23/17;2,22;2,22;2,17;2,17
08/24/17;2,17;2,20;2,17;2,20
08/25/17;2,20;2,20;2,16;2,17
08/28/17;2,17;2,18;2,16;2,16
08/29/17;2,12;2,14;2,09;2,13
08/30/17;2,14;2,15;2,13;2,13
08/31/17;2,14;2,16;2,12;2,12
09/01/17;2,13;2,17;2,10;2,17
09/05/17;2,15;2,15;2,06;2,06
09/06/17;2,06;2,11;2,06;2,11
09/07/17;2,11;2,11;2,03;2,04
09/08/17;2,04;2,07;2,02;2,05
09/11/17;2,09;2,14;2,09;2,13
09/12/17;2,13;2,18;2,12;2,17
09/13/17;2,17;2,20;2,15;2,19
09/14/17;2,19;2,23;2,18;2,19
09/15/17;2,18;2,21;2,18;2,20
09/18/17;2,21;2,24;2,21;2,23
09/19/17;2,23;2,25;2,21;2,25
09/20/17;2,24;2,29;2,23;2,27
09/21/17;2,27;2,28;2,25;2,28
09/22/17;2,27;2,28;2,24;2,25
09/25/17;2,26;2,26;2,21;2,22
09/26/17;2,22;2,25;2,21;2,24
09/27/17;2,23;2,32;2,23;2,31
09/28/17;2,31;2,36;2,30;2,31
09/29/17;2,31;2,34;2,29;2,33
10/02/17;2,34;2,37;2,32;2,34
10/03/17;2,34;2,37;2,32;2,32
10/04/17;2,33;2,35;2,30;2,32
10/05/17;2,33;2,36;2,32;2,35
10/06/17;2,35;2,40;2,35;2,36
10/10/17;2,36;2,37;2,32;2,36
10/11/17;2,36;2,37;2,33;2,35
10/12/17;2,35;2,35;2,31;2,32
10/13/17;2,32;2,34;2,27;2,28
10/16/17;2,29;2,31;2,28;2,30
10/17/17;2,30;2,33;2,30;2,30
10/18/17;2,30;2,35;2,30;2,34
10/19/17;2,35;2,35;2,30;2,32
10/20/17;2,32;2,39;2,32;2,38
10/23/17;2,39;2,40;2,36;2,37
10/24/17;2,37;2,43;2,36;2,42
10/25/17;2,42;2,47;2,41;2,43
10/26/17;2,43;2,46;2,41;2,46
10/27/17;2,46;2,48;2,41;2,41
10/30/17;2,40;2,42;2,36;2,37
10/31/17;2,37;2,39;2,36;2,38
11/01/17;2,38;2,40;2,35;2,37
11/02/17;2,37;2,38;2,34;2,35
11/03/17;2,35;2,36;2,32;2,33
11/06/17;2,34;2,36;2,31;2,32
11/07/17;2,32;2,34;2,30;2,32
11/08/17;2,31;2,33;2,30;2,33
11/09/17;2,33;2,33;2,31;2,40
11/13/17;2,40;2,41;2,37;2,41
11/14/17;2,40;2,42;2,37;2,37
11/15/17;2,37;2,37;2,32;2,33
11/16/17;2,32;2,38;2,32;2,38
11/17/17;2,37;2,37;2,34;2,34
11/20/17;2,34;2,37;2,32;2,37
11/21/17;2,36;2,38;2,33;2,36
11/22/17;2,36;2,37;2,32;2,32
11/24/17;2,33;2,35;2,33;2,34
11/27/17;2,34;2,36;2,32;2,33
11/28/17;2,32;2,34;2,31;2,33
11/29/17;2,33;2,39;2,32;2,39
11/30/17;2,39;2,43;2,38;2,41
12/01/17;2,41;2,42;2,32;2,36
12/04/17;2,41;2,41;2,37;2,37
12/05/17;2,38;2,40;2,35;2,35
12/06/17;2,36;2,36;2,31;2,34
12/07/17;2,34;2,37;2,32;2,36
12/08/17;2,37;2,39;2,36;2,38
12/11/17;2,38;2,39;2,36;2,39
12/12/17;2,39;2,42;2,38;2,41
12/13/17;2,40;2,42;2,34;2,34
12/14/17;2,36;2,39;2,34;2,35
12/15/17;2,35;2,38;2,35;2,35
12/18/17;2,37;2,40;2,36;2,39
12/19/17;2,40;2,47;2,39;2,47
12/20/17;2,45;2,50;2,45;2,50
12/21/17;2,49;2,50;2,48;2,48
12/22/17;2,48;2,49;2,48;2,48
12/26/17;2,49;2,50;2,46;2,48
12/27/17;2,48;2,48;2,41;2,41
12/28/17;2,42;2,44;2,42;2,43
12/29/17;2,44;2,44;2,41;2,41
01/02/18;2,41;2,48;2,41;2,46
01/03/18;2,47;2,47;2,44;2,45
01/04/18;2,46;2,49;2,45;2,45
01/05/18;2,46;2,48;2,43;2,48
01/08/18;2,48;2,49;2,46;2,48
01/09/18;2,49;2,56;2,48;2,56
01/10/18;2,55;2,60;2,54;2,56
01/11/18;2,55;2,57;2,52;2,54
01/12/18;2,55;2,59;2,54;2,55
01/16/18;2,55;2,56;2,52;2,54
01/17/18;2,54;2,59;2,53;2,59
01/18/18;2,59;2,63;2,59;2,63
01/19/18;2,63;2,66;2,61;2,66
01/22/18;2,66;2,67;2,63;2,65
01/23/18;2,66;2,66;2,61;2,62
01/24/18;2,61;2,66;2,61;2,65
01/25/18;2,65;2,68;2,61;2,63
01/26/18;2,63;2,67;2,62;2,66
01/29/18;2,66;2,73;2,66;2,69
01/30/18;2,70;2,74;2,68;2,72
01/31/18;2,72;2,75;2,70;2,71
02/01/18;2,73;2,79;2,72;2,79
02/02/18;2,80;2,85;2,78;2,84
02/05/18;2,86;2,88;2,70;2,71
02/06/18;2,74;2,81;2,65;2,80
02/07/18;2,81;2,86;2,76;2,84
02/08/18;2,82;2,88;2,81;2,83
02/09/18;2,82;2,86;2,79;2,85
02/12/18;2,85;2,90;2,83;2,86
02/13/18;2,86;2,86;2,82;2,83
02/14/18;2,84;2,92;2,81;2,91
02/15/18;2,91;2,94;2,88;2,91
02/16/18;2,91;2,91;2,85;2,87
02/20/18;2,89;2,93;2,88;2,89
02/21/18;2,89;2,96;2,88;2,95
02/22/18;2,94;2,95;2,90;2,92
02/23/18;2,93;2,94;2,86;2,87
02/26/18;2,87;2,87;2,83;2,86
02/27/18;2,86;2,92;2,85;2,90
02/28/18;2,90;2,91;2,86;2,86
03/01/18;2,87;2,88;2,80;2,81
03/02/18;2,82;2,87;2,80;2,86
03/05/18;2,85;2,89;2,81;2,88
03/06/18;2,88;2,91;2,86;2,89
03/07/18;2,85;2,89;2,84;2,88
03/08/18;2,88;2,89;2,85;2,86
03/09/18;2,87;2,91;2,87;2,89
03/12/18;2,90;2,91;2,86;2,87
03/13/18;2,87;2,89;2,83;2,84
03/14/18;2,84;2,86;2,80;2,82
03/15/18;2,82;2,83;2,80;2,83
03/16/18;2,83;2,86;2,81;2,85
03/19/18;2,85;2,88;2,83;2,86
03/20/18;2,85;2,90;2,85;2,90
03/21/18;2,90;2,94;2,87;2,88
03/22/18;2,89;2,89;2,80;2,82
03/23/18;2,81;2,85;2,79;2,82
03/26/18;2,82;2,86;2,82;2,86
03/27/18;2,85;2,86;2,77;2,78
03/28/18;2,78;2,79;2,74;2,78
03/29/18;2,79;2,79;2,74;2,74
04/02/18;2,76;2,77;2,72;2,73
04/03/18;2,74;2,79;2,73;2,78
04/04/18;2,78;2,81;2,75;2,81
04/05/18;2,81;2,84;2,81;2,83
04/06/18;2,81;2,83;2,77;2,78
04/09/18;2,78;2,81;2,78;2,78
04/10/18;2,78;2,81;2,78;2,80
04/11/18;2,81;2,81;2,75;2,78
04/12/18;2,78;2,84;2,77;2,84
04/13/18;2,83;2,85;2,82;2,83
04/16/18;2,84;2,87;2,83;2,83
04/17/18;2,83;2,85;2,81;2,83
04/18/18;2,83;2,88;2,83;2,87
04/19/18;2,87;2,93;2,86;2,91
04/20/18;2,92;2,96;2,91;2,96
04/23/18;2,97;3,00;2,96;2,98
04/24/18;2,98;3,00;2,96;3,00
04/25/18;3,00;3,04;2,99;3,03
04/26/18;3,02;3,03;2,98;2,98
04/27/18;2,99;2,99;2,95;2,96
04/30/18;2,96;2,98;2,93;2,95
05/01/18;2,96;2,98;2,95;2,97
05/02/18;2,97;3,00;2,96;2,97
05/03/18;2,97;2,98;2,93;2,95
05/04/18;2,95;2,96;2,91;2,95
05/07/18;2,96;2,97;2,93;2,95
05/08/18;2,95;2,99;2,95;2,98
05/09/18;2,98;3,02;2,97;3,01
05/10/18;3,00;3,00;2,95;2,96
05/11/18;2,97;2,98;2,95;2,97
05/14/18;2,98;3,00;2,96;3,00
05/15/18;3,00;3,09;3,00;3,08
05/16/18;3,07;3,10;3,06;3,10
05/17/18;3,10;3,12;3,09;3,11
05/18/18;3,12;3,13;3,06;3,06
05/21/18;3,08;3,08;3,05;3,06
05/22/18;3,06;3,08;3,05;3,06
05/23/18;3,06;3,07;2,99;2,99
05/24/18;3,00;3,01;2,95;2,98
05/25/18;2,98;3,00;2,91;2,93
05/29/18;2,90;2,91;2,75;2,78
05/30/18;2,76;2,89;2,76;2,86
05/31/18;2,85;2,89;2,82;2,86
06/01/18;2,86;2,92;2,86;2,90
06/04/18;2,90;2,95;2,90;2,95
06/05/18;2,94;2,94;2,90;2,92
06/06/18;2,93;2,98;2,93;2,97
06/07/18;2,97;3,00;2,89;2,92
06/08/18;2,93;2,95;2,90;2,95
06/11/18;2,95;2,97;2,95;2,95
06/12/18;2,96;2,98;2,95;2,96
06/13/18;2,96;3,01;2,95;2,97
06/14/18;2,97;2,98;2,93;2,94
06/15/18;2,94;2,94;2,89;2,92
06/18/18;2,92;2,93;2,90;2,92
06/19/18;2,90;2,91;2,85;2,90
06/20/18;2,90;2,94;2,88;2,94
06/21/18;2,94;2,95;2,89;2,90
06/22/18;2,90;2,93;2,89;2,90
06/25/18;2,89;2,90;2,86;2,88
06/26/18;2,89;2,90;2,87;2,88
06/27/18;2,88;2,89;2,82;2,83
06/28/18;2,83;2,86;2,82;2,84
06/29/18;2,84;2,87;2,83;2,86
07/02/18;2,86;2,87;2,83;2,87
07/03/18;2,87;2,89;2,83;2,83
07/05/18;2,84;2,87;2,82;2,83
07/06/18;2,84;2,85;2,81;2,82
07/09/18;2,83;2,86;2,83;2,86
07/10/18;2,86;2,88;2,85;2,86
07/11/18;2,84;2,86;2,83;2,85
07/12/18;2,85;2,87;2,84;2,85
07/13/18;2,85;2,86;2,82;2,83
07/16/18;2,83;2,88;2,83;2,86
07/17/18;2,86;2,87;2,85;2,86
07/18/18;2,86;2,88;2,85;2,87
07/19/18;2,88;2,90;2,83;2,84
07/20/18;2,85;2,90;2,84;2,90
07/23/18;2,90;2,97;2,89;2,96
07/24/18;2,96;2,98;2,94;2,95
07/25/18;2,95;2,98;2,93;2,98
07/26/18;2,97;2,98;2,94;2,98
07/27/18;2,98;2,99;2,95;2,96
07/30/18;2,96;2,99;2,96;2,98
07/31/18;2,97;2,98;2,94;2,96
08/01/18;2,95;3,01;2,95;3,01
08/02/18;3,01;3,01;2,98;2,99
08/03/18;2,99;3,00;2,94;2,95
08/06/18;2,96;2,97;2,92;2,94
08/07/18;2,94;2,98;2,94;2,98
08/08/18;2,98;2,99;2,96;2,96
08/09/18;2,96;2,97;2,92;2,93
08/10/18;2,93;2,93;2,85;2,87
08/13/18;2,87;2,89;2,85;2,88
08/14/18;2,88;2,90;2,87;2,90
08/15/18;2,90;2,90;2,83;2,86
08/16/18;2,86;2,89;2,85;2,87
08/17/18;2,87;2,88;2,84;2,86
08/20/18;2,87;2,87;2,81;2,82
08/21/18;2,82;2,85;2,82;2,83
08/22/18;2,82;2,84;2,81;2,82
08/23/18;2,82;2,83;2,81;2,83
08/24/18;2,83;2,85;2,81;2,82
08/27/18;2,84;2,84;2,84;2,84
08/28/18;2,85;2,89;2,84;2,88
08/29/18;2,88;2,90;2,87;2,89
08/30/18;2,88;2,89;2,85;2,86
08/31/18;2,86;2,86;2,83;2,86
09/04/18;2,86;2,91;2,85;2,90
09/05/18;2,90;2,92;2,88;2,90
09/06/18;2,90;2,91;2,87;2,88
09/07/18;2,88;2,95;2,87;2,94
09/10/18;2,94;2,95;2,93;2,94
09/11/18;2,93;2,98;2,93;2,98
09/12/18;2,98;2,98;2,95;2,97
09/13/18;2,96;2,99;2,94;2,97
09/14/18;2,97;3,00;2,97;3,00
09/17/18;3,00;3,02;2,99;2,99
09/18/18;2,98;3,06;2,98;3,06
09/19/18;3,06;3,09;3,04;3,07
09/20/18;3,06;3,10;3,06;3,06
09/21/18;3,07;3,08;3,06;3,07
09/24/18;3,07;3,09;3,06;3,09
09/25/18;3,09;3,12;3,08;3,10
09/26/18;3,10;3,10;3,04;3,05
09/27/18;3,05;3,07;3,03;3,05
09/28/18;3,05;3,06;3,02;3,06
10/01/18;3,07;3,10;3,06;3,08
10/02/18;3,08;3,09;3,05;3,07
10/03/18;3,06;3,19;3,05;3,19
10/04/18;3,20;3,23;3,18;3,19
10/05/18;3,19;3,24;3,19;3,23
10/09/18;3,24;3,26;3,20;3,21
10/10/18;3,21;3,24;3,17;3,17
10/11/18;3,17;3,19;3,13;3,15
10/12/18;3,16;3,18;3,13;3,16
10/15/18;3,16;3,16;3,14;3,16
10/16/18;3,16;3,18;3,15;3,17
10/17/18;3,16;3,20;3,14;3,20
10/18/18;3,21;3,22;3,16;3,18
10/19/18;3,18;3,21;3,17;3,20
10/22/18;3,19;3,21;3,18;3,20
10/23/18;3,20;3,20;3,11;3,17
10/24/18;3,17;3,17;3,10;3,10
10/25/18;3,10;3,14;3,10;3,12
10/26/18;3,11;3,12;3,06;3,08
10/29/18;3,08;3,12;3,06;3,09
10/30/18;3,08;3,13;3,08;3,12
10/31/18;3,13;3,16;3,12;3,14
11/01/18;3,15;3,17;3,13;3,13
11/02/18;3,14;3,22;3,13;3,21
11/05/18;3,21;3,21;3,19;3,20
11/06/18;3,21;3,23;3,19;3,23
11/07/18;3,20;3,25;3,18;3,24
11/08/18;3,23;3,25;3,20;3,24
11/09/18;3,24;3,24;3,18;3,18
11/13/18;3,15;3,18;3,14;3,14
11/14/18;3,15;3,16;3,09;3,13
11/15/18;3,13;3,14;3,08;3,11
11/16/18;3,12;3,12;3,06;3,07
11/19/18;3,06;3,09;3,05;3,07
11/20/18;3,06;3,07;3,04;3,06
11/21/18;3,07;3,09;3,06;3,06
11/23/18;3,06;3,08;3,03;3,04
11/26/18;3,05;3,08;3,05;3,06
11/27/18;3,06;3,07;3,04;3,06
11/28/18;3,06;3,07;3,04;3,06
11/29/18;3,05;3,05;3,00;3,03
11/30/18;3,03;3,03;2,99;2,99
12/03/18;3,04;3,05;2,97;2,97
12/04/18;2,98;2,98;2,88;2,91
12/06/18;2,97;2,97;2,83;2,89
12/07/18;2,90;2,91;2,85;2,85
12/10/18;2,84;2,87;2,82;2,86
12/11/18;2,85;2,90;2,85;2,88
12/12/18;2,88;2,92;2,88;2,91
12/13/18;2,91;2,92;2,89;2,91
12/14/18;2,91;2,91;2,87;2,89
12/17/18;2,90;2,90;2,85;2,86
12/18/18;2,85;2,86;2,81;2,82
12/19/18;2,82;2,84;2,75;2,78
12/20/18;2,77;2,81;2,75;2,81
12/21/18;2,80;2,81;2,78;2,78
12/24/18;2,80;2,81;2,73;2,74
12/26/18;2,80;2,80;2,73;2,81
12/27/18;2,80;2,80;2,73;2,77
12/28/18;2,77;2,78;2,71;2,72
12/31/18;2,73;2,74;2,68;2,68
01/02/19;2,69;2,70;2,62;2,62
01/03/19;2,63;2,66;2,55;2,56
01/04/19;2,56;2,67;2,55;2,67
01/07/19;2,67;2,70;2,63;2,70
01/08/19;2,70;2,73;2,69;2,73
01/09/19;2,73;2,75;2,71;2,71
01/10/19;2,71;2,75;2,68;2,75
01/11/19;2,73;2,74;2,68;2,70
01/14/19;2,71;2,71;2,66;2,70
01/15/19;2,71;2,72;2,68;2,72
01/16/19;2,71;2,75;2,70;2,72
01/17/19;2,72;2,76;2,70;2,75
01/18/19;2,75;2,80;2,74;2,79
01/22/19;2,77;2,78;2,73;2,74
01/23/19;2,74;2,78;2,74;2,74
01/24/19;2,74;2,76;2,70;2,71
01/25/19;2,72;2,76;2,72;2,76
01/28/19;2,75;2,77;2,73;2,74
01/29/19;2,74;2,75;2,71;2,71
01/30/19;2,71;2,73;2,67;2,68
01/31/19;2,69;2,69;2,61;2,63
02/01/19;2,65;2,70;2,62;2,69
02/04/19;2,69;2,73;2,68;2,72
02/05/19;2,72;2,74;2,69;2,70
02/06/19;2,70;2,71;2,67;2,70
02/07/19;2,69;2,69;2,65;2,66
02/08/19;2,66;2,66;2,62;2,63
02/11/19;2,64;2,67;2,64;2,66
02/12/19;2,65;2,69;2,65;2,69
02/13/19;2,70;2,72;2,68;2,70
02/14/19;2,70;2,71;2,64;2,66
02/15/19;2,65;2,69;2,64;2,67
02/19/19;2,67;2,68;2,63;2,64
02/20/19;2,65;2,66;2,63;2,65
02/21/19;2,64;2,70;2,64;2,70
02/22/19;2,69;2,69;2,63;2,65
02/25/19;2,67;2,69;2,66;2,67
02/26/19;2,66;2,67;2,63;2,64
02/27/19;2,64;2,70;2,63;2,68
02/28/19;2,68;2,73;2,66;2,72
03/01/19;2,72;2,76;2,71;2,75
03/04/19;2,76;2,77;2,72;2,72
03/05/19;2,73;2,75;2,72;2,72
03/06/19;2,72;2,72;2,68;2,69
03/07/19;2,69;2,69;2,63;2,64
03/08/19;2,64;2,65;2,61;2,63
03/11/19;2,63;2,66;2,62;2,64
03/12/19;2,66;2,67;2,60;2,61
03/13/19;2,61;2,63;2,60;2,62
03/14/19;2,62;2,64;2,61;2,63
03/15/19;2,63;2,64;2,58;2,59
03/18/19;2,59;2,61;2,58;2,61
03/19/19;2,60;2,63;2,59;2,62
03/20/19;2,61;2,62;2,52;2,53
03/21/19;2,53;2,54;2,50;2,53
03/22/19;2,54;2,54;2,42;2,44
03/25/19;2,45;2,47;2,38;2,40
03/26/19;2,41;2,45;2,40;2,42
03/27/19;2,42;2,43;2,35;2,37
03/28/19;2,36;2,41;2,34;2,39
03/29/19;2,39;2,43;2,39;2,41
04/01/19;2,43;2,50;2,43;2,50
04/02/19;2,49;2,50;2,47;2,47
04/03/19;2,48;2,53;2,47;2,52
04/04/19;2,52;2,52;2,50;2,51
04/05/19;2,52;2,54;2,49;2,49
04/08/19;2,50;2,53;2,49;2,53
04/09/19;2,52;2,53;2,48;2,50
04/10/19;2,50;2,51;2,46;2,47
04/11/19;2,47;2,51;2,47;2,50
04/12/19;2,50;2,57;2,49;2,57
04/15/19;2,56;2,58;2,55;2,55
04/16/19;2,55;2,60;2,55;2,59
04/17/19;2,58;2,62;2,58;2,60
04/18/19;2,59;2,59;2,55;2,56
04/22/19;2,59;2,59;2,59;2,59
04/23/19;2,59;2,59;2,56;2,57
04/24/19;2,57;2,57;2,51;2,52
04/25/19;2,53;2,54;2,52;2,54
04/26/19;2,53;2,54;2,49;2,50
04/29/19;2,50;2,55;2,50;2,53
04/30/19;2,51;2,55;2,50;2,50
05/01/19;2,50;2,52;2,45;2,50
05/02/19;2,52;2,56;2,50;2,54
05/03/19;2,54;2,58;2,51;2,52
05/06/19;2,52;2,52;2,47;2,48
05/07/19;2,48;2,50;2,44;2,46
05/08/19;2,46;2,49;2,43;2,48
05/09/19;2,48;2,49;2,42;2,44
05/10/19;2,44;2,48;2,43;2,47
05/13/19;2,47;2,47;2,39;2,41
05/14/19;2,41;2,43;2,39;2,41
05/15/19;2,41;2,42;2,36;2,38
05/16/19;2,38;2,42;2,36;2,39
05/17/19;2,39;2,41;2,36;2,39
05/20/19;2,39;2,42;2,38;2,42
05/21/19;2,42;2,44;2,41;2,43
05/22/19;2,43;2,44;2,38;2,39
05/23/19;2,39;2,39;2,30;2,32
05/24/19;2,32;2,34;2,31;2,33
05/28/19;2,33;2,33;2,26;2,26
05/29/19;2,26;2,27;2,21;2,26
05/30/19;2,26;2,28;2,21;2,22
05/31/19;2,22;2,22;2,12;2,13
06/03/19;2,13;2,14;2,06;2,07
06/04/19;2,07;2,15;2,07;2,13
06/05/19;2,13;2,14;2,07;2,13
06/06/19;2,13;2,13;2,09;2,12
06/07/19;2,12;2,13;2,05;2,08
06/10/19;2,08;2,15;2,08;2,15
06/11/19;2,15;2,18;2,14;2,14
06/12/19;2,14;2,15;2,11;2,12
06/13/19;2,12;2,13;2,08;2,10
06/14/19;2,10;2,11;2,06;2,08
06/17/19;2,08;2,12;2,08;2,09
06/18/19;2,09;2,10;2,02;2,06
06/19/19;2,06;2,10;2,02;2,02
06/20/19;2,02;2,04;1,97;2,03
06/21/19;2,03;2,07;2,00;2,06
06/24/19;2,06;2,07;2,01;2,02
06/25/19;2,02;2,02;1,98;1,99
06/26/19;1,99;2,05;1,99;2,05
06/27/19;2,05;2,07;2,00;2,01
06/28/19;2,01;2,03;1,99;2,01
07/01/19;2,01;2,05;2,00;2,03
07/02/19;2,03;2,03;1,97;1,98
07/03/19;1,98;1,98;1,94;1,95
07/05/19;1,95;2,07;1,94;2,04
07/08/19;2,04;2,05;2,01;2,05
07/09/19;2,05;2,07;2,03;2,07
07/10/19;2,07;2,11;2,04;2,06
07/11/19;2,06;2,15;2,04;2,14
07/12/19;2,14;2,15;2,11;2,12
07/15/19;2,12;2,14;2,09;2,09
07/16/19;2,09;2,14;2,08;2,10
07/17/19;2,10;2,11;2,04;2,05
07/18/19;2,05;2,07;2,02;2,02
07/19/19;2,02;2,07;2,02;2,06
07/22/19;2,06;2,07;2,02;2,05
07/23/19;2,05;2,08;2,04;2,08
07/24/19;2,08;2,09;2,03;2,05
07/25/19;2,05;2,10;2,01;2,08
07/26/19;2,08;2,10;2,06;2,07
07/29/19;2,07;2,07;2,05;2,07
07/30/19;2,07;2,08;2,04;2,06
07/31/19;2,06;2,07;2,01;2,01
08/01/19;2,01;2,06;1,87;1,90
08/02/19;1,90;1,91;1,83;1,85
08/05/19;1,85;1,86;1,71;1,71
08/06/19;1,71;1,77;1,67;1,71
08/07/19;1,71;1,73;1,60;1,73
08/08/19;1,73;1,79;1,71;1,72
08/09/19;1,72;1,75;1,68;1,75
08/12/19;1,75;1,75;1,63;1,65
08/13/19;1,65;1,72;1,62;1,70
08/14/19;1,70;1,70;1,58;1,58
08/15/19;1,58;1,59;1,48;1,53
08/16/19;1,53;1,59;1,51;1,56
08/19/19;1,56;1,63;1,56;1,61
08/20/19;1,61;1,61;1,54;1,55
08/21/19;1,55;1,61;1,55;1,59
08/22/19;1,59;1,63;1,56;1,62
08/23/19;1,62;1,66;1,51;1,54
08/26/19;1,54;1,55;1,45;1,54
08/27/19;1,54;1,54;1,47;1,47
08/28/19;1,47;1,49;1,45;1,48
08/29/19;1,48;1,53;1,45;1,50
08/30/19;1,50;1,54;1,49;1,50
09/03/19;1,50;1,54;1,43;1,46
09/04/19;1,46;1,50;1,45;1,47
09/05/19;1,47;1,59;1,47;1,57
09/06/19;1,57;1,61;1,54;1,56
09/09/19;1,56;1,65;1,55;1,65
09/10/19;1,65;1,75;1,62;1,73
09/11/19;1,73;1,75;1,71;1,74
09/12/19;1,74;1,80;1,68;1,77
09/13/19;1,77;1,91;1,77;1,90
09/16/19;1,90;1,91;1,82;1,85
09/17/19;1,85;1,85;1,80;1,80
09/18/19;1,80;1,82;1,74;1,80
09/19/19;1,80;1,82;1,75;1,78
09/20/19;1,78;1,79;1,72;1,72
09/23/19;1,72;1,76;1,67;1,73
09/24/19;1,73;1,73;1,63;1,65
09/25/19;1,65;1,74;1,63;1,74
09/26/19;1,74;1,74;1,67;1,70
09/27/19;1,70;1,73;1,67;1,68
09/30/19;1,68;1,71;1,66;1,67
10/01/19;1,67;1,75;1,61;1,64
10/02/19;1,64;1,67;1,58;1,60
10/03/19;1,60;1,60;1,51;1,54
10/04/19;1,54;1,56;1,51;1,53
10/07/19;1,53;1,57;1,51;1,56
10/08/19;1,56;1,59;1,51;1,53
10/09/19;1,53;1,59;1,53;1,59
10/10/19;1,59;1,67;1,55;1,67
10/11/19;1,67;1,77;1,64;1,73
10/15/19;1,73;1,78;1,67;1,77
10/16/19;1,77;1,77;1,72;1,74
10/17/19;1,74;1,80;1,72;1,75
10/18/19;1,75;1,78;1,73;1,75
10/21/19;1,75;1,81;1,74;1,80
10/22/19;1,80;1,80;1,76;1,77
10/23/19;1,77;1,77;1,73;1,77
10/24/19;1,77;1,78;1,74;1,77
10/25/19;1,77;1,81;1,75;1,80
10/28/19;1,80;1,86;1,80;1,85
10/29/19;1,85;1,86;1,82;1,84
10/30/19;1,84;1,85;1,77;1,78
10/31/19;1,78;1,79;1,68;1,69
11/01/19;1,69;1,74;1,68;1,72
11/04/19;1,72;1,79;1,71;1,78
11/05/19;1,78;1,88;1,78;1,86
11/06/19;1,86;1,86;1,80;1,83
11/07/19;1,83;1,97;1,81;1,92
11/08/19;1,92;1,96;1,90;1,94
11/12/19;1,94;1,96;1,91;1,92
11/13/19;1,92;1,93;1,87;1,89
11/14/19;1,89;1,89;1,80;1,82
11/15/19;1,82;1,86;1,82;1,83
11/18/19;1,83;1,86;1,79;1,82
11/19/19;1,82;1,83;1,78;1,79
11/20/19;1,79;1,79;1,73;1,75
11/21/19;1,75;1,79;1,71;1,78
11/22/19;1,78;1,79;1,75;1,77
11/25/19;1,77;1,80;1,75;1,76
11/26/19;1,76;1,78;1,73;1,74
11/27/19;1,74;1,78;1,74;1,77
11/29/19;1,77;1,80;1,76;1,78
12/02/19;1,78;1,86;1,78;1,82
12/03/19;1,82;1,85;1,69;1,72
12/04/19;1,72;1,79;1,70;1,78
12/05/19;1,78;1,83;1,76;1,81
12/06/19;1,81;1,87;1,78;1,84
12/09/19;1,84;1,85;1,81;1,82
12/10/19;1,82;1,85;1,80;1,84
12/11/19;1,84;1,84;1,78;1,80
12/12/19;1,80;1,92;1,78;1,89
12/13/19;1,89;1,95;1,82;1,83
12/16/19;1,83;1,90;1,83;1,88
12/17/19;1,88;1,90;1,85;1,88
12/18/19;1,88;1,94;1,86;1,92
12/19/19;1,92;1,95;1,90;1,92
12/20/19;1,92;1,95;1,91;1,92
12/23/19;1,92;1,94;1,90;1,93
12/24/19;1,93;1,95;1,90;1,90
12/26/19;1,90;1,92;1,89;1,90
12/27/19;1,90;1,91;1,87;1,88
12/30/19;1,88;1,94;1,87;1,88
12/31/19;1,88;1,92;1,88;1,92
01/02/20;1,92;1,95;1,85;1,88
01/03/20;1,88;1,88;1,79;1,79
01/06/20;1,79;1,82;1,76;1,81
01/07/20;1,81;1,83;1,80;1,82
01/08/20;1,82;1,88;1,71;1,87
01/09/20;1,87;1,90;1,85;1,86
01/10/20;1,86;1,87;1,81;1,82
01/13/20;1,82;1,86;1,82;1,85
01/14/20;1,85;1,86;1,81;1,81
01/15/20;1,81;1,82;1,78;1,79
01/16/20;1,79;1,82;1,78;1,81
01/17/20;1,81;1,85;1,81;1,82
01/20/20;1,82;1,82;1,82;1,82
01/21/20;1,82;1,83;1,76;1,77
01/22/20;1,77;1,80;1,76;1,77
01/23/20;1,77;1,77;1,72;1,73
01/24/20;1,73;1,77;1,67;1,69
01/27/20;1,69;1,69;1,60;1,61
01/28/20;1,61;1,66;1,57;1,66
01/29/20;1,66;1,67;1,58;1,58
01/30/20;1,58;1,60;1,54;1,59
01/31/20;1,59;1,60;1,50;1,51
02/03/20;1,51;1,57;1,51;1,53
02/04/20;1,53;1,62;1,52;1,60
02/05/20;1,60;1,66;1,58;1,65
02/06/20;1,65;1,68;1,63;1,64
02/07/20;1,64;1,65;1,57;1,58
02/10/20;1,58;1,60;1,54;1,57
02/11/20;1,57;1,61;1,57;1,61
02/12/20;1,61;1,64;1,60;1,64
02/13/20;1,64;1,64;1,57;1,62
02/14/20;1,62;1,62;1,57;1,59
02/18/20;1,59;1,59;1,54;1,56
02/19/20;1,56;1,58;1,55;1,57
02/20/20;1,57;1,58;1,51;1,52
02/21/20;1,52;1,53;1,44;1,47
02/24/20;1,47;1,48;1,35;1,37
02/25/20;1,37;1,42;1,31;1,35
02/26/20;1,35;1,38;1,30;1,33
02/27/20;1,33;1,33;1,24;1,26
02/28/20;1,26;1,28;1,10;1,16
03/02/20;1,16;1,17;1,03;1,17
03/03/20;1,17;1,17;0,92;1,00
03/04/20;1,00;1,06;0,93;1,06
03/05/20;1,06;1,06;0,90;0,92
03/06/20;0,92;0,92;0,66;0,77
03/09/20;0,77;0,77;0,38;0,57
03/10/20;0,57;0,81;0,57;0,81
03/11/20;0,81;0,89;0,65;0,87
03/12/20;0,87;0,91;0,65;0,79
03/13/20;0,79;1,02;0,72;0,98
03/16/20;0,98;0,98;0,63;0,73
03/17/20;0,73;1,10;0,73;1,08
03/18/20;1,08;1,27;0,99;1,19
03/19/20;1,19;1,27;1,05;1,16
03/20/20;1,16;1,16;0,85;0,85
03/23/20;0,85;0,85;0,69;0,79
03/24/20;0,79;0,89;0,77;0,85
03/25/20;0,85;0,88;0,78;0,86
03/26/20;0,86;0,86;0,76;0,85
03/27/20;0,85;0,86;0,67;0,68
03/30/20;0,68;0,73;0,60;0,72
03/31/20;0,72;0,72;0,65;0,68
04/01/20;0,68;0,68;0,57;0,58
04/02/20;0,58;0,64;0,57;0,59
04/03/20;0,59;0,62;0,57;0,60
04/06/20;0,60;0,69;0,60;0,68
04/07/20;0,68;0,79;0,67;0,72
04/08/20;0,72;0,79;0,70;0,77
04/09/20;0,77;0,79;0,71;0,73
04/13/20;0,73;0,77;0,72;0,77
04/14/20;0,77;0,78;0,73;0,75
04/15/20;0,75;0,76;0,62;0,64
04/16/20;0,64;0,66;0,59;0,62
04/17/20;0,62;0,69;0,59;0,64
04/20/20;0,64;0,65;0,60;0,61
04/21/20;0,61;0,62;0,54;0,57
04/22/20;0,57;0,64;0,55;0,63
04/23/20;0,63;0,64;0,59;0,61
04/24/20;0,61;0,62;0,58;0,61
04/27/20;0,61;0,67;0,60;0,66
04/28/20;0,66;0,67;0,60;0,62
04/29/20;0,62;0,65;0,58;0,63
04/30/20;0,63;0,65;0,58;0,64
05/01/20;0,64;0,65;0,59;0,62
05/04/20;0,62;0,65;0,60;0,64
05/05/20;0,64;0,68;0,64;0,66
05/06/20;0,66;0,75;0,66;0,71
05/07/20;0,71;0,71;0,62;0,64
05/08/20;0,64;0,69;0,61;0,69
05/11/20;0,69;0,73;0,67;0,71
05/12/20;0,71;0,73;0,66;0,67
05/13/20;0,67;0,67;0,63;0,65
05/14/20;0,65;0,65;0,60;0,62
05/15/20;0,62;0,65;0,59;0,65
05/16/20;0,64;0,65;0,64;0,64
05/18/20;0,65;0,74;0,64;0,73
05/19/20;0,73;0,74;0,68;0,70
05/20/20;0,70;0,72;0,67;0,68
05/21/20;0,68;0,69;0,66;0,67
05/22/20;0,67;0,68;0,63;0,66
05/26/20;0,66;0,72;0,65;0,70
05/27/20;0,70;0,73;0,66;0,69
05/28/20;0,69;0,72;0,67;0,69
05/29/20;0,69;0,69;0,64;0,66
05/30/20;0,64;0,66;0,64;0,65
06/01/20;0,65;0,69;0,64;0,66
06/02/20;0,66;0,69;0,65;0,69
06/03/20;0,68;0,77;0,68;0,76
06/04/20;0,75;0,83;0,74;0,83
06/05/20;0,83;0,95;0,80;0,90
06/06/20;0,91;0,91;0,88;0,89
06/08/20;0,90;0,93;0,86;0,88
06/09/20;0,88;0,88;0,81;0,83
06/10/20;0,83;0,83;0,74;0,75
06/11/20;0,75;0,75;0,65;0,65
06/12/20;0,67;0,72;0,67;0,70
06/13/20;0,70;0,71;0,70;0,71
06/15/20;0,70;0,73;0,65;0,73
06/16/20;0,73;0,78;0,72;0,76
06/17/20;0,75;0,80;0,73;0,73
06/18/20;0,73;0,74;0,69;0,71
06/19/20;0,70;0,75;0,69;0,70
06/20/20;0,70;0,70;0,69;0,69
06/22/20;0,70;0,71;0,67;0,71
06/23/20;0,71;0,73;0,68;0,72
06/24/20;0,71;0,73;0,68;0,68
06/25/20;0,68;0,69;0,66;0,67
06/26/20;0,67;0,69;0,63;0,64
06/27/20;0,64;0,65;0,64;0,64
06/29/20;0,65;0,66;0,63;0,63
06/30/20;0,63;0,67;0,62;0,65
07/01/20;0,65;0,70;0,65;0,68
07/02/20;0,68;0,72;0,66;0,67
07/03/20;0,67;0,67;0,67;0,67
07/06/20;0,67;0,71;0,67;0,68
07/07/20;0,68;0,69;0,64;0,65
07/08/20;0,65;0,68;0,64;0,67
07/09/20;0,66;0,67;0,60;0,61
07/10/20;0,61;0,64;0,57;0,63
07/11/20;0,63;0,65;0,63;0,64
07/13/20;0,64;0,66;0,63;0,64
07/14/20;0,62;0,63;0,60;0,63
07/15/20;0,63;0,66;0,61;0,63
07/16/20;0,63;0,63;0,60;0,62
07/17/20;0,62;0,64;0,60;0,63
07/18/20;0,63;0,63;0,62;0,62
07/20/20;0,63;0,63;0,60;0,62
07/21/20;0,62;0,63;0,59;0,60
07/22/20;0,61;0,61;0,58;0,60
07/23/20;0,60;0,60;0,57;0,58
07/24/20;0,58;0,60;0,56;0,59
07/25/20;0,59;0,59;0,58;0,59
07/27/20;0,59;0,61;0,57;0,61
07/28/20;0,61;0,63;0,58;0,58
07/29/20;0,58;0,60;0,56;0,58
07/30/20;0,58;0,58;0,54;0,56
07/31/20;0,56;0,56;0,52;0,53
08/03/20;0,53;0,57;0,53;0,56
08/04/20;0,56;0,56;0,50;0,51
08/05/20;0,51;0,56;0,51;0,56
08/06/20;0,56;0,56;0,51;0,54
08/07/20;0,54;0,58;0,52;0,57
08/08/20;0,56;0,57;0,56;0,57
08/10/20;0,57;0,59;0,54;0,58
08/11/20;0,58;0,66;0,57;0,64
08/12/20;0,64;0,69;0,63;0,68
08/13/20;0,68;0,73;0,65;0,72
08/14/20;0,72;0,73;0,69;0,71
08/15/20;0,71;0,71;0,71;0,71
08/17/20;0,71;0,71;0,67;0,68
08/18/20;0,69;0,69;0,65;0,66
08/19/20;0,66;0,69;0,64;0,68
08/20/20;0,68;0,68;0,64;0,65
08/21/20;0,65;0,66;0,62;0,64
08/22/20;0,64;0,64;0,63;0,64
08/24/20;0,64;0,65;0,62;0,65
08/25/20;0,66;0,71;0,66;0,69
08/26/20;0,69;0,72;0,69;0,70
08/27/20;0,70;0,76;0,66;0,75
08/28/20;0,75;0,79;0,71;0,72
08/29/20;0,73;0,74;0,72;0,72
08/31/20;0,72;0,75;0,69;0,69
09/01/20;0,69;0,73;0,67;0,67
09/02/20;0,67;0,69;0,64;0,65
09/03/20;0,65;0,67;0,60;0,62
09/04/20;0,62;0,72;0,62;0,72
09/05/20;0,72;0,73;0,71;0,72
09/08/20;0,72;0,73;0,66;0,68
09/09/20;0,68;0,71;0,66;0,70
09/10/20;0,71;0,72;0,68;0,68
09/11/20;0,68;0,70;0,66;0,67
09/12/20;0,67;0,67;0,67;0,67
09/14/20;0,67;0,68;0,65;0,67
09/15/20;0,68;0,69;0,67;0,68
09/16/20;0,68;0,70;0,66;0,70
09/17/20;0,70;0,70;0,65;0,69
09/18/20;0,69;0,70;0,67;0,70
09/19/20;0,69;0,70;0,69;0,70
09/21/20;0,70;0,70;0,65;0,67
09/22/20;0,67;0,68;0,66;0,68
09/23/20;0,68;0,69;0,66;0,68
09/24/20;0,68;0,68;0,66;0,67
09/25/20;0,67;0,68;0,65;0,66
09/26/20;0,66;0,66;0,65;0,66
09/28/20;0,66;0,67;0,66;0,66
09/29/20;0,66;0,66;0,64;0,65
09/30/20;0,65;0,70;0,64;0,68
10/01/20;0,68;0,72;0,66;0,68
10/02/20;0,68;0,72;0,65;0,70
10/03/20;0,70;0,71;0,69;0,70
10/05/20;0,70;0,76;0,70;0,76
10/06/20;0,79;0,79;0,73;0,74
10/07/20;0,74;0,80;0,74;0,80
10/08/20;0,80;0,80;0,76;0,78
10/09/20;0,78;0,80;0,76;0,78
10/10/20;0,78;0,78;0,77;0,78
10/13/20;0,78;0,78;0,72;0,73
10/14/20;0,73;0,74;0,71;0,73
10/15/20;0,73;0,74;0,69;0,74
10/16/20;0,73;0,76;0,72;0,74
10/17/20;0,74;0,75;0,74;0,75
10/19/20;0,75;0,78;0,75;0,76
10/20/20;0,77;0,80;0,76;0,79
10/21/20;0,79;0,83;0,79;0,82
10/22/20;0,82;0,88;0,81;0,87
10/23/20;0,87;0,87;0,83;0,84
10/24/20;0,84;0,85;0,84;0,84
10/26/20;0,84;0,84;0,79;0,80
10/27/20;0,80;0,81;0,77;0,78
10/28/20;0,78;0,79;0,75;0,77
10/29/20;0,77;0,84;0,77;0,83
10/30/20;0,83;0,88;0,81;0,88
10/31/20;0,86;0,88;0,86;0,87
11/02/20;0,86;0,87;0,83;0,85
11/03/20;0,86;0,90;0,84;0,90
11/04/20;0,90;0,94;0,71;0,77
11/05/20;0,77;0,79;0,72;0,78
11/06/20;0,77;0,84;0,76;0,82
11/07/20;0,82;0,83;0,82;0,82
11/09/20;0,83;0,98;0,80;0,96
11/10/20;0,93;0,97;0,91;0,96
11/11/20;0,97;0,97;0,95;0,96
11/12/20;0,98;0,98;0,88;0,88
11/13/20;0,88;0,90;0,87;0,89
11/14/20;0,90;0,90;0,89;0,90
11/16/20;0,89;0,93;0,87;0,90
11/17/20;0,90;0,92;0,86;0,86
11/18/20;0,86;0,89;0,84;0,87
11/19/20;0,87;0,87;0,83;0,84
11/20/20;0,85;0,86;0,82;0,83
11/21/20;0,83;0,83;0,82;0,82
11/23/20;0,83;0,87;0,83;0,85
11/24/20;0,85;0,89;0,85;0,88
11/25/20;0,88;0,90;0,86;0,89
11/26/20;0,88;0,89;0,88;0,88
11/27/20;0,89;0,89;0,84;0,85
11/30/20;0,85;0,86;0,83;0,84
12/01/20;0,84;0,95;0,84;0,93
12/02/20;0,93;0,96;0,91;0,94
12/03/20;0,94;0,95;0,90;0,91
12/04/20;0,91;0,99;0,91;0,97
12/05/20;0,97;0,98;0,97;0,97
12/07/20;0,97;0,98;0,92;0,93
12/08/20;0,93;0,94;0,90;0,92
12/09/20;0,92;0,96;0,92;0,94
12/10/20;0,94;0,94;0,90;0,91
12/11/20;0,91;0,92;0,88;0,90
12/12/20;0,89;0,90;0,89;0,90
12/14/20;0,91;0,94;0,89;0,89
12/15/20;0,90;0,92;0,89;0,91
12/16/20;0,91;0,95;0,90;0,92
12/17/20;0,92;0,94;0,89;0,94
12/18/20;0,94;0,96;0,91;0,95
12/19/20;0,95;0,96;0,94;0,95
12/21/20;0,95;0,95;0,89;0,94
12/22/20;0,94;0,94;0,92;0,92
12/23/20;0,92;0,97;0,91;0,95
12/24/20;0,95;0,96;0,93;0,93
12/25/20;0,93;0,93;0,93;0,93
12/28/20;0,93;0,96;0,92;0,93
12/29/20;0,93;0,95;0,93;0,94
12/30/20;0,94;0,96;0,92;0,93
12/31/20;0,93;0,93;0,91;0,92
01/01/21;0,92;0,92;0,92;0,92
01/04/21;0,92;0,96;0,90;0,92
01/05/21;0,92;0,97;0,92;0,96
01/06/21;0,96;1,06;0,94;1,04
01/07/21;1,04;1,09;1,03;1,08
01/08/21;1,08;1,13;1,08;1,12
01/09/21;1,11;1,12;1,11;1,12
01/11/21;1,12;1,14;1,10;1,13
01/12/21;1,15;1,19;1,13;1,13
01/13/21;1,13;1,13;1,07;1,09
01/14/21;1,09;1,13;1,08;1,13
01/15/21;1,13;1,13;1,09;1,09
01/16/21;1,10;1,10;1,08;1,09
01/18/21;1,09;1,09;1,09;1,09
01/19/21;1,09;1,12;1,08;1,09
01/20/21;1,09;1,11;1,08;1,08
01/21/21;1,08;1,12;1,08;1,11
01/22/21;1,11;1,12;1,08;1,09
01/23/21;1,09;1,09;1,09;1,09
01/25/21;1,09;1,10;1,04;1,04
01/26/21;1,03;1,05;1,03;1,04
01/27/21;1,04;1,05;1,01;1,02
01/28/21;1,02;1,06;1,00;1,05
01/29/21;1,05;1,10;1,04;1,06
01/30/21;1,09;1,10;1,07;1,07
02/01/21;1,07;1,09;1,06;1,08
02/02/21;1,08;1,12;1,07;1,10
02/03/21;1,10;1,15;1,10;1,14
02/04/21;1,14;1,16;1,13;1,15
02/05/21;1,14;1,19;1,13;1,17
02/06/21;1,17;1,18;1,16;1,17
02/08/21;1,17;1,20;1,15;1,16
02/09/21;1,17;1,17;1,14;1,16
02/10/21;1,16;1,18;1,13;1,13
02/11/21;1,13;1,17;1,13;1,17
02/12/21;1,17;1,21;1,15;1,21
02/13/21;1,20;1,22;1,20;1,21
02/15/21;1,21;1,21;1,21;1,21
02/16/21;1,21;1,32;1,21;1,32
02/17/21;1,32;1,33;1,27;1,27
02/18/21;1,27;1,32;1,26;1,30
02/19/21;1,30;1,36;1,28;1,34
02/20/21;1,35;1,35;1,34;1,34
02/22/21;1,34;1,39;1,33;1,37
02/23/21;1,36;1,38;1,35;1,35
02/24/21;1,35;1,43;1,33;1,38
02/25/21;1,38;1,56;1,37;1,53
02/26/21;1,53;1,55;1,41;1,42
02/27/21;1,45;1,46;1,38;1,41
03/01/21;1,41;1,46;1,38;1,45
03/02/21;1,43;1,46;1,39;1,41
03/03/21;1,41;1,50;1,40;1,49
03/04/21;1,49;1,57;1,45;1,56
03/05/21;1,56;1,61;1,54;1,57
03/06/21;1,56;1,58;1,55;1,58
03/08/21;1,58;1,61;1,56;1,59
03/09/21;1,60;1,60;1,53;1,60
03/10/21;1,53;1,57;1,51;1,52
03/11/21;1,52;1,55;1,48;1,54
03/12/21;1,54;1,64;1,54;1,63
03/13/21;1,64;1,64;1,62;1,63
03/15/21;1,63;1,67;1,60;1,61
03/16/21;1,61;1,62;1,59;1,62
03/17/21;1,62;1,68;1,61;1,65
03/18/21;1,65;1,76;1,64;1,71
03/19/21;1,71;1,74;1,67;1,73
03/20/21;1,73;1,74;1,72;1,73
03/22/21;1,73;1,73;1,66;1,68
03/23/21;1,70;1,70;1,63;1,63
03/24/21;1,63;1,64;1,59;1,62
03/25/21;1,62;1,64;1,59;1,63
03/26/21;1,64;1,68;1,62;1,68
03/27/21;1,66;1,68;1,66;1,67
03/29/21;1,68;1,72;1,64;1,72
03/30/21;1,72;1,78;1,71;1,72
03/31/21;1,72;1,75;1,71;1,75
04/01/21;1,75;1,75;1,67;1,68
04/02/21;1,68;1,72;1,67;1,72
04/05/21;1,67;1,75;1,67;1,72
04/06/21;1,70;1,72;1,65;1,66
04/07/21;1,66;1,67;1,64;1,67
04/08/21;1,67;1,68;1,63;1,63
04/09/21;1,63;1,69;1,62;1,66
04/10/21;1,67;1,67;1,65;1,66
04/12/21;1,66;1,69;1,64;1,68
04/13/21;1,67;1,70;1,62;1,62
04/14/21;1,62;1,65;1,61;1,63
04/15/21;1,63;1,65;1,54;1,58
04/16/21;1,58;1,59;1,55;1,58
04/17/21;1,57;1,60;1,57;1,59
04/19/21;1,59;1,62;1,55;1,60
04/20/21;1,60;1,63;1,56;1,56
04/21/21;1,56;1,59;1,56;1,56
04/22/21;1,56;1,59;1,53;1,55
04/23/21;1,55;1,58;1,54;1,56
04/24/21;1,57;1,57;1,55;1,56
04/26/21;1,56;1,60;1,56;1,57
04/27/21;1,57;1,63;1,57;1,62
04/28/21;1,62;1,66;1,61;1,61
04/29/21;1,61;1,68;1,61;1,64
04/30/21;1,64;1,66;1,63;1,63
05/01/21;1,63;1,64;1,62;1,63
05/03/21;1,63;1,65;1,60;1,61
05/04/21;1,61;1,63;1,56;1,59
05/05/21;1,59;1,62;1,57;1,58
05/06/21;1,58;1,59;1,56;1,57
05/07/21;1,57;1,58;1,49;1,58
05/08/21;1,58;1,59;1,57;1,58
05/10/21;1,58;1,61;1,56;1,60
05/11/21;1,60;1,63;1,59;1,62
05/12/21;1,62;1,70;1,61;1,70
05/13/21;1,70;1,71;1,65;1,66
05/14/21;1,66;1,67;1,62;1,63
05/15/21;1,64;1,64;1,63;1,64
05/17/21;1,63;1,65;1,61;1,64
05/18/21;1,65;1,66;1,62;1,64
05/19/21;1,64;1,70;1,62;1,68
05/20/21;1,68;1,68;1,62;1,62
05/21/21;1,62;1,64;1,61;1,62
05/22/21;1,63;1,63;1,62;1,62
05/24/21;1,62;1,63;1,59;1,60
05/25/21;1,60;1,61;1,55;1,56
05/26/21;1,56;1,58;1,55;1,58
05/27/21;1,58;1,63;1,57;1,60
05/28/21;1,61;1,63;1,58;1,58
06/01/21;1,58;1,65;1,58;1,61
06/02/21;1,61;1,62;1,59;1,59
06/03/21;1,59;1,63;1,58;1,63
06/04/21;1,63;1,64;1,55;1,55
06/05/21;1,56;1,56;1,56;1,56
06/07/21;1,56;1,58;1,56;1,57
06/08/21;1,57;1,57;1,52;1,54
06/09/21;1,54;1,54;1,47;1,49
06/10/21;1,49;1,53;1,44;1,44
06/11/21;1,44;1,47;1,43;1,45
06/12/21;1,46;1,46;1,45;1,45
06/14/21;1,45;1,50;1,45;1,50
06/15/21;1,50;1,52;1,48;1,50
06/16/21;1,50;1,58;1,48;1,58
06/17/21;1,58;1,60;1,45;1,51
06/18/21;1,51;1,53;1,43;1,44
06/19/21;1,45;1,46;1,44;1,44
06/21/21;1,44;1,49;1,35;1,48
06/22/21;1,50;1,52;1,46;1,47
06/23/21;1,47;1,50;1,46;1,49
06/24/21;1,49;1,51;1,47;1,49
06/25/21;1,49;1,56;1,48;1,53
06/26/21;1,53;1,53;1,52;1,52
06/28/21;1,53;1,54;1,47;1,48
06/29/21;1,48;1,51;1,47;1,47
06/30/21;1,47;1,48;1,44;1,47
07/01/21;1,47;1,48;1,45;1,46
07/02/21;1,46;1,47;1,43;1,44
07/06/21;1,44;1,45;1,35;1,35
07/07/21;1,35;1,37;1,29;1,32
07/08/21;1,32;1,32;1,25;1,30
07/09/21;1,30;1,36;1,30;1,36
07/10/21;1,36;1,37;1,36;1,36
07/12/21;1,36;1,38;1,33;1,36
07/13/21;1,37;1,44;1,33;1,42
07/14/21;1,42;1,42;1,34;1,35
07/15/21;1,35;1,35;1,29;1,30
07/16/21;1,30;1,34;1,29;1,29
07/17/21;1,30;1,31;1,29;1,30
07/19/21;1,29;1,30;1,18;1,19
07/20/21;1,19;1,23;1,13;1,22
07/21/21;1,22;1,30;1,19;1,29
