1/3/11;17,94;17,95;16,91;17,61
1/4/11;17,34;18,24;17,33;17,38
1/5/11;17,81;17,95;16,86;17,02
1/6/11;16,80;17,56;16,79;17,40
1/7/11;17,31;18,07;16,57;17,14
1/10/11;18,35;18,63;17,54;17,54
1/11/11;16,61;17,35;16,60;16,89
1/12/11;16,26;16,50;16,17;16,24
1/13/11;16,51;16,78;16,14;16,39
1/14/11;16,67;16,71;15,37;15,46
1/17/11;15,46;15,46;15,46;15,46
1/18/11;16,19;16,20;15,71;15,87
1/19/11;15,89;17,67;15,86;17,31
1/20/11;17,81;18,85;17,65;17,99
1/21/11;17,03;18,61;16,60;18,47
1/24/11;18,78;18,93;17,56;17,65
1/25/11;18,22;18,55;17,59;17,59
1/26/11;17,00;17,42;16,59;16,64
1/27/11;16,84;16,89;15,81;16,15
1/28/11;15,94;20,08;15,92;20,04
1/31/11;19,61;19,96;17,10;19,53
2/1/11;18,59;18,63;17,40;17,63
2/2/11;17,82;17,84;17,28;17,30
2/3/11;17,53;17,80;16,61;16,69
2/4/11;16,64;16,74;15,89;15,93
2/7/11;16,14;16,54;15,84;16,28
2/8/11;16,29;16,60;14,86;15,81
2/9/11;16,27;16,52;15,86;15,87
2/10/11;16,74;17,07;16,00;16,09
2/11/11;16,53;16,53;15,55;15,69
2/14/11;16,07;16,26;15,22;15,95
2/15/11;16,30;16,75;16,27;16,37
2/16/11;16,31;16,74;15,84;16,72
2/17/11;17,01;17,30;15,88;16,59
2/18/11;16,59;16,91;15,54;16,43
2/21/11;16,43;16,43;16,43;16,43
2/22/11;18,68;21,45;18,66;20,80
2/23/11;20,84;23,22;20,30;22,13
2/24/11;22,28;22,71;20,81;21,32
2/25/11;20,41;20,44;18,88;19,22
2/28/11;19,12;19,27;18,14;18,35
3/1/11;17,63;21,01;17,63;21,01
3/2/11;20,73;21,14;19,62;20,70
3/3/11;19,27;19,27;18,25;18,60
3/4/11;18,56;20,33;18,31;19,06
3/7/11;19,37;21,77;18,95;20,66
3/8/11;20,58;21,06;19,15;19,82
3/9/11;20,05;20,96;19,41;20,22
3/10/11;21,37;22,25;20,34;21,88
3/11/11;21,72;21,75;19,97;20,08
3/14/11;21,79;22,74;20,92;21,13
3/15/11;25,66;25,72;23,31;24,32
3/16/11;24,65;31,28;24,04;29,40
3/17/11;26,94;27,54;25,44;26,37
3/18/11;23,90;24,85;23,09;24,44
3/21/11;22,10;22,16;20,22;20,61
3/22/11;20,53;20,59;19,97;20,21
3/23/11;20,59;21,05;18,19;19,17
3/24/11;18,45;18,99;17,87;18,00
3/25/11;17,87;18,08;17,07;17,91
3/28/11;18,31;19,44;17,96;19,44
3/29/11;19,17;19,78;18,00;18,16
3/30/11;17,82;17,89;17,37;17,71
3/31/11;17,90;17,95;17,41;17,74
4/1/11;16,68;17,62;16,44;17,40
4/4/11;17,63;17,85;17,39;17,50
4/5/11;17,87;17,87;16,50;17,25
4/6/11;16,75;17,15;16,50;16,90
4/7/11;16,92;17,77;16,49;17,11
4/8/11;16,51;18,33;16,51;17,87
4/11/11;16,74;17,05;16,22;16,59
4/12/11;17,58;18,46;16,88;17,09
4/13/11;16,33;17,38;16,20;16,92
4/14/11;17,77;18,08;16,08;16,27
4/15/11;15,97;15,98;14,92;15,32
4/18/11;18,30;19,07;16,81;16,96
4/19/11;16,62;16,72;15,69;15,83
4/20/11;14,31;15,39;14,30;15,07
4/21/11;14,71;15,23;14,40;14,69
4/22/11;14,69;14,69;14,69;14,69
4/25/11;15,64;16,06;15,50;15,77
4/26/11;15,36;15,66;15,07;15,62
4/27/11;15,37;16,42;15,13;15,35
4/28/11;15,54;15,54;14,27;14,62
4/29/11;14,56;14,99;14,49;14,75
5/2/11;15,07;16,13;15,07;15,99
5/3/11;16,35;17,29;16,14;16,70
5/4/11;16,84;17,71;16,83;17,08
5/5/11;17,68;19,11;16,74;18,20
5/6/11;17,17;19,29;16,12;18,40
5/9/11;18,59;18,59;17,04;17,16
5/10/11;16,84;16,90;15,79;15,91
5/11/11;16,27;17,49;16,23;16,95
5/12/11;17,27;17,89;16,03;16,03
5/13/11;16,02;17,56;15,98;17,07
5/16/11;17,86;18,25;16,61;18,24
5/17/11;18,54;19,09;17,47;17,55
5/18/11;17,56;17,68;16,03;16,23
5/19/11;15,90;16,56;15,50;15,52
5/20/11;15,88;17,43;15,70;17,43
5/23/11;20,03;20,03;17,47;18,27
5/24/11;18,07;18,19;17,00;17,82
5/25/11;18,26;18,26;16,70;17,07
5/26/11;17,17;17,46;15,90;16,09
5/27/11;16,11;16,27;15,36;15,98
5/30/11;15,98;15,98;15,98;15,98
5/31/11;15,85;16,50;15,15;15,45
6/1/11;15,95;18,48;15,95;18,30
6/2/11;17,92;18,72;17,39;18,09
6/3/11;18,23;19,87;17,12;17,95
6/6/11;18,42;18,65;17,65;18,49
6/7/11;18,13;18,48;17,39;18,07
6/8/11;18,15;18,83;17,72;18,79
6/9/11;18,20;18,31;17,26;17,77
6/10/11;17,93;19,16;17,93;18,86
6/13/11;19,10;20,02;18,41;19,61
6/14/11;18,56;18,56;17,80;18,26
6/15/11;19,31;21,66;19,03;21,32
6/16/11;21,37;24,65;20,81;22,73
6/17/11;21,56;22,39;20,35;21,85
6/20/11;22,99;23,08;19,99;19,99
6/21/11;19,46;19,46;17,72;18,86
6/22/11;18,86;18,90;17,72;18,52
6/23/11;20,23;21,50;19,22;19,29
6/24/11;19,20;21,28;19,10;21,10
6/27/11;21,60;21,82;20,27;20,56
6/28/11;20,30;20,45;19,17;19,17
6/29/11;18,62;18,83;16,32;17,27
6/30/11;16,67;16,77;15,88;16,52
7/1/11;16,06;16,29;15,12;15,87
7/4/11;15,87;15,87;15,87;15,87
7/5/11;16,32;16,50;15,89;16,06
7/6/11;16,46;17,08;16,32;16,34
7/7/11;15,30;16,13;15,30;15,95
7/8/11;17,14;17,14;15,95;15,95
7/11/11;17,44;19,06;17,16;18,39
7/12/11;19,55;20,13;18,25;19,87
7/13/11;19,08;20,16;18,09;19,91
7/14/11;20,08;21,58;19,35;20,80
7/15/11;20,25;21,68;19,52;19,53
7/18/11;21,25;21,93;20,90;20,95
7/19/11;20,14;20,43;19,12;19,21
7/20/11;18,81;19,65;18,61;19,09
7/21/11;18,61;18,63;17,15;17,56
7/22/11;17,22;17,95;17,14;17,52
7/25/11;19,26;19,50;18,73;19,35
7/26/11;19,75;20,50;19,56;20,23
7/27/11;20,87;23,20;20,87;22,98
7/28/11;22,83;23,99;21,20;23,74
7/29/11;25,28;25,94;23,65;25,25
8/1/11;22,63;25,63;22,46;23,66
8/2/11;24,22;24,79;22,65;24,79
8/3/11;23,58;25,23;22,76;23,38
8/4/11;24,57;32,07;24,31;31,66
8/5/11;28,48;39,22;27,54;32,00
8/8/11;36,90;48,00;35,29;48,00
8/9/11;42,12;47,56;34,28;35,06
8/10/11;39,33;44,41;37,34;42,99
8/11/11;41,94;42,88;37,50;39,00
8/12/11;37,08;37,85;34,01;36,36
8/15/11;34,73;34,83;31,47;31,87
8/16/11;33,36;34,49;31,68;32,85
8/17/11;32,09;33,32;30,81;31,58
8/18/11;36,77;45,28;36,69;42,67
8/19/11;45,34;45,40;39,99;43,05
8/22/11;38,80;43,58;38,78;42,44
8/23/11;41,89;42,54;35,83;36,27
8/24/11;37,12;37,38;34,55;35,90
8/25/11;34,43;40,14;34,05;39,76
8/26/11;41,18;43,84;34,33;35,59
8/29/11;33,81;33,81;32,21;32,28
8/30/11;32,97;33,55;31,55;32,89
8/31/11;31,20;32,53;30,16;31,62
9/1/11;31,91;32,34;30,76;31,82
9/2/11;34,29;34,74;32,70;33,92
9/5/11;33,92;33,92;33,92;33,92
9/6/11;39,84;39,86;37,00;37,00
9/7/11;34,24;34,70;33,38;33,38
9/8/11;34,41;34,71;32,79;34,32
9/9/11;35,53;40,74;35,53;38,52
9/12/11;42,56;43,18;38,58;38,59
9/13/11;38,68;39,43;36,69;36,91
9/14/11;36,59;37,76;33,40;34,60
9/15/11;33,43;33,89;31,75;31,97
9/16/11;31,81;32,48;30,43;30,98
9/19/11;34,80;35,33;32,35;32,73
9/20/11;32,42;33,14;31,45;32,86
9/21/11;33,00;37,32;32,45;37,32
9/22/11;41,00;43,87;39,33;41,35
9/23/11;42,17;42,82;40,42;41,25
9/26/11;40,99;43,34;39,02;39,02
9/27/11;36,59;38,57;35,32;37,71
9/28/11;37,70;41,24;36,65;41,08
9/29/11;38,62;42,00;38,03;38,84
9/30/11;40,93;42,99;39,88;42,96
10/3/11;44,25;45,55;41,51;45,45
10/4/11;46,18;46,88;40,02;40,82
10/5/11;40,73;41,20;37,51;37,81
10/6/11;38,24;38,74;36,15;36,27
10/7/11;35,67;37,82;35,19;36,20
10/10/11;35,45;35,45;32,96;33,02
10/11/11;33,95;34,24;32,62;32,86
10/12/11;31,57;31,93;29,79;31,26
10/13/11;31,99;32,76;30,48;30,70
10/14/11;29,07;29,96;28,08;28,24
10/17/11;30,35;33,39;30,12;33,39
10/18/11;33,37;34,71;29,69;31,56
10/19/11;32,92;35,46;31,91;34,44
10/20/11;34,44;36,87;34,16;34,78
10/21/11;32,76;32,98;31,32;31,32
10/24/11;31,67;31,70;28,84;29,26
10/25/11;30,68;32,46;30,32;32,22
10/26/11;30,44;33,30;29,63;29,86
10/27/11;24,72;26,46;24,70;25,46
10/28/11;26,02;26,02;24,44;24,53
10/31/11;27,09;29,97;27,01;29,96
11/1/11;36,03;37,53;33,87;34,77
11/2/11;33,53;34,27;32,55;32,74
11/3/11;31,38;34,65;30,21;30,50
11/4/11;31,46;32,56;30,14;30,16
11/7/11;31,40;32,15;29,85;29,85
11/8/11;29,34;30,49;27,47;27,48
11/9/11;31,32;36,43;30,98;36,16
11/10/11;33,09;35,50;32,12;32,81
11/11/11;29,91;30,42;29,45;30,04
11/14/11;31,42;32,85;31,13;31,13
11/15/11;31,74;32,55;30,40;31,22
11/16/11;32,66;33,51;30,54;33,51
11/17/11;33,15;36,46;32,89;34,51
11/18/11;33,16;33,99;31,92;32,00
11/21/11;34,59;35,29;32,53;32,91
11/22/11;33,12;33,39;31,28;31,97
11/23/11;32,91;34,57;32,68;33,98
11/24/11;33,98;33,98;33,98;33,98
11/25/11;34,61;34,77;33,12;34,47
11/28/11;31,93;33,11;29,47;32,13
11/29/11;31,76;32,02;30,56;30,64
11/30/11;27,72;28,50;27,03;27,80
12/1/11;27,63;27,89;26,64;27,41
12/2/11;26,26;27,62;25,29;27,52
12/5/11;26,74;28,31;26,00;27,84
12/6/11;27,91;28,13;27,41;28,13
12/7/11;28,61;29,58;28,44;28,67
12/8/11;29,63;30,91;29,02;30,59
12/9/11;29,61;29,61;26,29;26,38
12/12/11;26,78;27,73;25,64;25,67
12/13/11;24,72;26,28;23,27;25,41
12/14/11;26,16;27,55;25,76;26,04
12/15/11;24,36;25,28;23,88;25,11
12/16/11;24,16;25,02;23,51;24,29
12/19/11;25,14;25,37;24,38;24,92
12/20/11;23,56;23,58;22,54;23,22
12/21/11;22,52;23,94;21,12;21,43
12/22/11;21,08;21,33;20,34;21,16
12/23/11;21,10;21,21;20,72;20,73
12/26/11;20,73;20,73;20,73;20,73
12/27/11;22,58;22,66;21,68;21,91
12/28/11;22,12;23,56;22,11;23,52
12/29/11;23,52;23,52;22,65;22,65
12/30/11;22,86;23,46;22,65;23,40
1/2/12;23,40;23,40;23,40;23,40
1/3/12;22,95;23,10;22,54;22,97
1/4/12;23,44;23,73;22,22;22,22
1/5/12;22,75;23,09;21,34;21,48
1/6/12;21,24;21,72;20,58;20,63
1/9/12;21,67;21,78;21,00;21,07
1/10/12;20,14;20,69;20,05;20,69
1/11/12;21,18;21,22;20,98;21,05
1/12/12;21,01;22,03;20,46;20,47
1/13/12;21,41;22,43;20,91;20,91
1/16/12;20,91;20,91;20,91;20,91
1/17/12;20,90;22,25;20,69;22,20
1/18/12;23,20;23,44;20,78;20,89
1/19/12;20,49;20,87;19,45;19,87
1/20/12;19,93;19,94;18,16;18,28
1/23/12;19,22;19,31;18,55;18,67
1/24/12;19,76;20,00;18,63;18,91
1/25/12;19,35;19,55;17,15;18,31
1/26/12;17,96;19,17;16,80;18,57
1/27/12;19,16;19,16;18,26;18,53
1/30/12;20,33;20,33;19,38;19,40
1/31/12;19,07;19,84;18,13;19,44
2/1/12;18,68;18,82;17,99;18,55
2/2/12;18,38;18,50;17,98;17,98
2/3/12;16,84;17,32;16,10;17,10
2/6/12;17,98;18,02;16,11;17,76
2/7/12;17,93;18,10;17,50;17,65
2/8/12;17,79;18,46;17,53;18,16
2/9/12;18,12;18,72;18,07;18,63
2/10/12;20,10;21,98;19,02;20,79
2/13/12;19,64;19,68;17,92;19,04
2/14/12;19,45;20,76;18,95;19,54
2/15/12;19,74;21,77;19,44;21,14
2/16/12;21,59;21,76;19,22;19,22
2/17/12;18,73;18,79;17,54;17,78
2/20/12;17,78;17,78;17,78;17,78
2/21/12;18,41;18,94;17,65;18,19
2/22/12;18,85;18,94;17,74;18,19
2/23/12;18,73;18,97;16,64;16,80
2/24/12;16,68;17,62;16,42;17,31
2/27/12;19,10;19,25;17,58;18,19
2/28/12;18,67;18,67;17,88;17,96
2/29/12;17,80;18,68;17,53;18,43
3/1/12;18,02;18,03;17,26;17,26
3/2/12;17,65;17,65;17,14;17,29
3/5/12;18,27;18,90;18,02;18,05
3/6/12;20,57;21,24;20,30;20,87
3/7/12;20,43;20,44;19,07;19,07
3/8/12;18,08;18,46;17,76;17,95
3/9/12;17,16;17,54;16,63;17,11
3/12/12;15,79;16,67;15,23;15,64
3/13/12;14,00;16,08;13,99;14,80
3/14/12;14,42;16,19;14,39;15,31
3/15/12;15,32;16,06;14,58;15,42
3/16/12;14,43;15,24;13,66;14,47
3/19/12;15,42;15,43;14,54;15,04
3/20/12;15,82;15,95;15,11;15,58
3/21/12;14,72;15,31;14,19;15,13
3/22/12;16,04;16,58;15,56;15,57
3/23/12;15,65;16,39;14,69;14,82
3/26/12;14,51;15,03;14,26;14,26
3/27/12;14,52;15,59;14,14;15,59
3/28/12;15,58;17,27;15,40;15,47
3/29/12;16,84;17,20;15,39;15,48
3/30/12;14,88;15,98;14,67;15,50
4/2/12;16,35;16,58;15,02;15,64
4/3/12;15,61;16,65;15,56;15,66
4/4/12;17,07;17,74;16,31;16,44
4/5/12;17,02;17,13;16,29;16,70
4/6/12;16,70;16,70;16,70;16,70
4/9/12;18,94;18,94;17,93;18,81
4/10/12;19,10;21,06;18,62;20,39
4/11/12;19,22;20,12;18,73;20,02
4/12/12;19,63;19,74;17,20;17,20
4/13/12;17,95;19,62;17,85;19,55
4/16/12;18,87;20,39;18,60;19,55
4/17/12;18,66;18,66;17,58;18,46
4/18/12;19,02;19,17;17,70;18,64
4/19/12;18,51;19,69;17,69;18,36
4/20/12;17,92;18,05;16,97;17,44
4/23/12;20,22;20,27;18,95;18,97
4/24/12;19,22;19,22;18,09;18,10
4/25/12;17,05;17,38;16,82;16,82
4/26/12;16,97;17,04;15,75;16,24
4/27/12;15,83;16,47;15,83;16,32
4/30/12;17,04;17,41;16,92;17,15
5/1/12;17,27;17,49;16,01;16,60
5/2/12;17,25;17,63;16,78;16,88
5/3/12;16,90;17,92;16,73;17,56
5/4/12;18,03;19,28;17,81;19,16
5/7/12;19,80;19,87;18,41;18,94
5/8/12;19,44;20,91;17,95;19,05
5/9/12;20,65;21,59;19,38;20,08
5/10/12;19,25;19,88;18,77;18,83
5/11/12;19,93;19,94;18,62;19,89
5/14/12;21,47;21,87;20,94;21,87
5/15/12;21,43;22,70;20,76;21,97
5/16/12;21,54;22,69;20,83;22,27
5/17/12;21,99;24,51;21,87;24,49
5/18/12;23,27;25,14;23,07;25,10
5/21/12;24,88;24,88;22,01;22,01
5/22/12;21,76;23,19;19,98;22,48
5/23/12;23,32;24,62;21,99;22,33
5/24/12;22,00;23,22;21,48;21,54
5/25/12;22,05;22,29;21,30;21,76
5/28/12;21,76;21,76;21,76;21,76
5/29/12;21,70;22,47;20,99;21,03
5/30/12;22,68;24,14;22,66;24,14
5/31/12;23,83;25,46;22,78;24,06
6/1/12;25,87;26,71;23,94;26,66
6/4/12;26,35;27,73;25,72;26,12
6/5/12;25,90;25,90;24,50;24,68
6/6/12;23,76;23,89;21,80;22,16
6/7/12;21,00;22,48;20,74;21,72
6/8/12;22,54;23,10;20,29;21,23
6/11/12;19,87;23,56;19,63;23,56
6/12/12;23,15;23,90;22,09;22,09
6/13/12;22,93;24,93;22,66;24,27
6/14/12;24,19;24,81;21,55;21,68
6/15/12;22,47;23,09;20,61;21,11
6/18/12;21,76;21,98;18,24;18,32
6/19/12;17,66;18,62;17,36;18,38
6/20/12;17,96;20,05;17,09;17,24
6/21/12;16,89;20,48;16,77;20,08
6/22/12;18,65;19,37;17,90;18,11
6/25/12;20,47;21,36;19,89;20,38
6/26/12;20,01;20,57;19,42;19,72
6/27/12;19,55;20,12;19,38;19,45
6/28/12;20,33;21,19;19,60;19,71
6/29/12;17,52;19,71;16,87;17,08
7/2/12;17,62;18,19;16,66;16,80
7/3/12;16,67;16,92;16,27;16,66
7/4/12;16,66;16,66;16,66;16,66
7/5/12;17,61;18,22;17,18;17,50
7/6/12;18,20;18,25;16,95;17,10
7/9/12;18,17;18,32;17,73;17,98
7/10/12;17,51;19,19;17,29;18,72
7/11/12;17,98;19,17;17,84;17,95
7/12/12;18,82;19,51;17,75;18,33
7/13/12;17,78;17,82;16,36;16,74
7/16/12;17,31;17,32;16,46;17,11
7/17/12;16,72;17,46;16,09;16,48
7/18/12;16,81;16,81;15,69;16,16
7/19/12;16,06;16,70;15,45;15,45
7/20/12;16,65;17,05;15,97;16,27
7/23/12;20,41;20,49;18,34;18,62
7/24/12;18,38;21,00;18,37;20,47
7/25/12;19,79;20,67;18,99;19,34
7/26/12;17,68;18,47;17,07;17,53
7/27/12;17,11;17,30;16,52;16,70
7/30/12;17,55;18,08;17,23;18,03
7/31/12;18,40;19,09;18,26;18,93
8/1/12;18,80;19,18;18,20;18,96
8/2/12;19,05;19,25;17,56;17,57
8/3/12;16,05;16,45;15,64;15,64
8/6/12;15,85;16,27;15,82;15,95
8/7/12;15,55;16,03;15,48;15,99
8/8/12;16,46;16,47;15,27;15,32
8/9/12;15,39;15,67;15,28;15,28
8/10/12;15,34;15,50;14,73;14,74
8/13/12;14,09;14,67;13,67;13,70
8/14/12;13,91;15,06;13,91;14,85
8/15/12;14,82;14,98;14,36;14,63
8/16/12;14,88;15,15;14,28;14,29
8/17/12;14,23;14,30;13,30;13,45
8/20/12;14,11;14,78;13,38;14,02
8/21/12;14,10;15,44;13,46;15,02
8/22/12;15,32;15,52;14,75;15,11
8/23/12;15,00;16,45;15,00;15,96
8/24/12;15,99;16,00;15,18;15,18
8/27/12;16,15;16,38;15,75;16,35
8/28/12;16,32;16,92;16,01;16,49
8/29/12;16,61;17,06;16,50;17,06
8/30/12;17,48;18,05;17,44;17,83
8/31/12;17,25;18,04;16,56;17,47
9/3/12;17,47;17,47;17,47;17,47
9/4/12;18,65;18,96;17,85;17,98
9/5/12;17,38;17,84;16,99;17,74
9/6/12;17,30;17,30;15,60;15,60
9/7/12;15,60;15,60;14,33;14,38
9/10/12;14,27;16,28;13,97;16,28
9/11/12;16,11;16,41;15,46;16,41
9/12/12;15,59;16,31;15,43;15,80
9/13/12;15,60;15,99;13,91;14,05
9/14/12;13,82;14,71;13,51;14,51
9/17/12;14,67;14,92;14,38;14,59
9/18/12;14,51;14,88;13,97;14,18
9/19/12;13,95;14,08;13,61;13,88
9/20/12;14,63;14,67;14,07;14,07
9/21/12;13,94;14,18;13,69;13,98
9/24/12;15,06;15,06;13,87;14,15
9/25/12;14,19;15,72;14,03;15,43
9/26/12;15,83;17,08;15,83;16,81
9/27/12;16,38;16,50;14,83;14,84
9/28/12;15,23;15,77;14,95;15,73
10/1/12;16,03;16,53;15,13;16,32
10/2/12;15,85;16,50;15,70;15,71
10/3/12;15,63;16,02;15,13;15,43
10/4/12;15,23;15,33;14,53;14,55
10/5/12;13,68;14,78;13,67;14,33
10/8/12;15,19;15,46;15,04;15,11
10/9/12;15,28;16,40;15,18;16,37
10/10/12;16,52;16,79;16,13;16,29
10/11/12;15,33;15,80;15,31;15,59
10/12/12;15,41;16,18;14,96;16,14
10/15/12;16,05;16,21;15,23;15,27
10/16/12;14,84;15,23;14,50;15,22
10/17/12;15,43;15,63;14,90;15,07
10/18/12;15,25;15,50;14,68;15,03
10/19/12;14,91;17,60;14,90;17,06
10/22/12;17,44;17,98;16,62;16,62
10/23/12;18,23;19,65;18,17;18,83
10/24/12;18,22;18,67;17,93;18,33
10/25/12;17,56;18,64;17,30;18,12
10/26/12;18,03;18,64;17,52;17,81
10/29/12;17,81;17,81;17,81;17,81
10/30/12;17,81;17,81;17,81;17,81
10/31/12;17,68;18,84;17,56;18,60
11/1/12;17,77;17,79;16,45;16,69
11/2/12;16,06;17,60;16,05;17,59
11/5/12;18,33;18,70;18,13;18,42
11/6/12;18,16;18,17;17,19;17,58
11/7/12;17,72;19,40;17,62;19,08
11/8/12;18,69;18,69;17,96;18,49
11/9/12;18,80;18,81;17,67;18,61
11/12/12;18,15;18,15;16,45;16,68
11/13/12;17,36;17,38;16,12;16,65
11/14/12;16,32;18,05;15,93;17,92
11/15/12;17,74;18,64;17,62;17,99
11/16/12;17,65;18,50;16,41;16,41
11/19/12;15,88;15,98;15,10;15,24
11/20/12;15,11;15,65;15,06;15,08
11/21/12;14,96;15,43;14,77;15,31
11/22/12;15,31;15,31;15,31;15,31
11/23/12;15,00;15,26;15,00;15,14
11/26/12;15,63;15,84;15,47;15,50
11/27/12;15,30;15,93;15,01;15,92
11/28/12;16,43;16,98;15,47;15,51
11/29/12;15,21;15,51;15,02;15,06
11/30/12;15,26;16,17;14,89;15,87
12/3/12;15,81;16,69;15,76;16,64
12/4/12;16,66;17,37;16,38;17,12
12/5/12;16,95;17,53;16,27;16,46
12/6/12;16,59;16,85;16,31;16,58
12/7/12;16,12;16,65;15,73;15,90
12/10/12;16,47;16,47;15,96;16,05
12/11/12;15,94;16,01;15,42;15,57
12/12/12;15,60;16,09;15,41;15,95
12/13/12;15,87;16,67;15,71;16,56
12/14/12;16,68;17,15;16,61;17,00
12/17/12;17,20;17,20;16,21;16,34
12/18/12;16,39;16,43;15,46;15,57
12/19/12;16,05;17,46;16,04;17,36
12/20/12;17,26;17,96;17,11;17,67
12/21/12;19,85;19,93;17,76;17,84
12/24/12;18,46;18,66;17,84;17,84
12/25/12;17,84;17,84;17,84;17,84
12/26/12;18,71;19,63;18,61;19,48
12/27/12;19,39;20,90;19,11;19,47
12/28/12;20,32;23,23;19,94;22,72
12/31/12;22,14;22,72;17,88;18,02
1/1/13;18,02;18,02;18,02;18,02
1/2/13;15,24;15,93;14,60;14,68
1/3/13;14,77;14,92;14,24;14,56
1/4/13;14,23;14,31;13,64;13,83
1/7/13;14,53;14,53;13,71;13,79
1/8/13;13,88;14,29;13,62;13,62
1/9/13;13,32;13,93;13,22;13,81
1/10/13;13,33;13,88;13,33;13,49
1/11/13;13,55;13,79;13,22;13,36
1/14/13;13,66;13,85;13,41;13,52
1/15/13;13,97;13,99;13,33;13,55
1/16/13;13,70;13,76;13,20;13,42
1/17/13;13,45;13,70;13,16;13,57
1/18/13;13,52;13,53;12,29;12,46
1/21/13;12,46;12,46;12,46;12,46
1/22/13;13,28;13,32;12,43;12,43
1/23/13;12,67;12,67;12,30;12,46
1/24/13;12,73;13,50;12,40;12,69
1/25/13;12,63;12,99;12,50;12,89
1/28/13;13,29;13,91;13,29;13,57
1/29/13;13,87;13,88;13,04;13,31
1/30/13;13,64;14,33;13,60;14,32
1/31/13;14,43;14,43;14,04;14,28
2/1/13;13,37;13,38;12,72;12,90
2/4/13;14,00;14,75;13,80;14,67
2/5/13;14,21;14,21;13,39;13,72
2/6/13;14,06;14,08;13,34;13,41
2/7/13;13,47;14,41;13,43;13,50
2/8/13;13,20;13,20;12,89;13,02
2/11/13;13,37;13,42;12,91;12,94
2/12/13;12,82;13,13;12,63;12,64
2/13/13;12,88;13,19;12,67;12,98
2/14/13;13,30;13,32;12,64;12,66
2/15/13;12,47;12,89;12,24;12,46
2/18/13;12,46;12,46;12,46;12,46
2/19/13;12,81;12,85;12,08;12,31
2/20/13;12,32;14,68;12,32;14,68
2/21/13;14,68;16,21;14,67;15,22
2/22/13;14,60;15,02;14,16;14,17
2/25/13;13,69;19,27;13,57;18,99
2/26/13;17,50;18,23;16,75;16,87
2/27/13;16,57;16,60;14,42;14,73
2/28/13;15,00;15,60;14,16;15,51
3/1/13;16,10;16,82;15,14;15,36
3/4/13;16,16;16,16;14,01;14,01
3/5/13;13,44;13,66;13,24;13,48
3/6/13;13,18;13,77;13,17;13,53
3/7/13;13,45;13,56;13,03;13,06
3/8/13;12,67;13,30;12,49;12,59
3/11/13;12,31;12,34;11,50;11,56
3/12/13;11,79;12,93;11,74;12,27
3/13/13;12,18;12,55;11,79;11,83
3/14/13;11,70;11,75;11,05;11,30
3/15/13;11,52;11,99;11,21;11,30
3/18/13;13,47;13,64;12,57;13,36
3/19/13;13,03;15,40;12,92;14,39
3/20/13;13,18;13,18;12,30;12,67
3/21/13;13,07;14,21;12,62;13,99
3/22/13;13,34;13,85;13,19;13,57
3/25/13;12,85;14,61;12,39;13,74
3/26/13;12,95;13,21;12,69;12,77
3/27/13;13,72;13,97;12,97;13,15
3/28/13;12,91;13,07;12,54;12,70
3/29/13;12,70;12,70;12,70;12,70
4/1/13;13,46;14,05;13,26;13,58
4/2/13;13,11;13,18;12,76;12,78
4/3/13;12,65;14,66;12,62;14,21
4/4/13;14,10;14,79;13,89;13,89
4/5/13;15,64;15,65;13,86;13,92
4/8/13;14,04;14,50;13,19;13,19
4/9/13;13,11;13,68;12,75;12,84
4/10/13;12,66;12,88;12,32;12,36
4/11/13;12,55;12,62;12,15;12,24
4/12/13;12,61;13,12;11,99;12,06
4/15/13;13,12;17,27;12,66;17,27
4/16/13;14,72;14,87;13,91;13,96
4/17/13;15,35;17,89;14,98;16,51
4/18/13;16,34;18,20;16,32;17,55
4/19/13;16,67;16,98;14,87;14,97
4/22/13;15,08;16,00;14,04;14,39
4/23/13;13,81;14,85;13,46;13,48
4/24/13;13,57;13,75;13,36;13,61
4/25/13;13,61;13,87;13,13;13,62
4/26/13;13,94;14,18;13,49;13,61
4/29/13;13,72;13,94;13,36;13,71
4/30/13;13,71;14,28;13,51;13,52
5/1/13;13,88;14,67;13,87;14,49
5/2/13;14,48;14,48;13,58;13,59
5/3/13;12,92;13,15;12,77;12,85
5/6/13;13,06;13,19;12,66;12,66
5/7/13;12,63;12,96;12,49;12,83
5/8/13;12,87;13,04;12,62;12,66
5/9/13;12,91;13,53;12,78;13,13
5/10/13;13,08;13,45;12,54;12,59
5/13/13;12,57;12,87;12,49;12,55
5/14/13;12,61;13,21;12,54;12,77
5/15/13;12,98;13,43;12,78;12,81
5/16/13;13,07;13,46;12,79;13,07
5/17/13;12,73;12,94;12,26;12,45
5/20/13;13,28;13,28;12,84;13,02
5/21/13;13,08;13,44;12,89;13,37
5/22/13;13,45;14,45;13,05;13,82
5/23/13;14,94;15,11;13,87;14,07
5/24/13;14,59;14,79;13,99;13,99
5/27/13;13,99;13,99;13,99;13,99
5/28/13;13,67;14,56;13,56;14,48
5/29/13;15,30;15,65;14,59;14,83
5/30/13;14,90;14,98;14,27;14,53
5/31/13;15,02;16,35;14,36;16,30
6/3/13;16,39;17,57;16,14;16,28
6/4/13;16,16;17,25;15,82;16,27
6/5/13;16,86;17,84;16,57;17,50
6/6/13;17,70;18,51;16,60;16,63
6/7/13;15,90;16,21;14,96;15,14
6/10/13;15,16;15,60;15,10;15,44
6/11/13;16,91;17,14;16,00;17,07
6/12/13;16,51;18,60;16,43;18,59
6/13/13;18,38;18,57;16,37;16,41
6/14/13;16,63;17,26;16,03;17,15
6/17/13;16,53;17,62;16,32;16,80
6/18/13;16,80;16,95;16,46;16,61
6/19/13;16,89;17,18;15,36;16,64
6/20/13;18,39;21,32;18,01;20,49
6/21/13;18,97;20,93;18,25;18,90
6/24/13;20,87;21,91;18,57;20,11
6/25/13;18,64;19,22;17,82;18,47
6/26/13;17,23;18,05;17,07;17,21
6/27/13;16,60;16,97;16,34;16,86
6/28/13;17,25;17,66;16,19;16,86
7/1/13;16,89;16,89;16,00;16,37
7/2/13;16,48;16,93;15,88;16,44
7/3/13;17,22;17,32;16,20;16,20
7/4/13;16,20;16,20;16,20;16,20
7/5/13;15,59;16,28;14,89;14,89
7/8/13;14,66;15,27;14,66;14,78
7/9/13;14,33;14,65;14,26;14,35
7/10/13;14,46;14,62;14,09;14,21
7/11/13;13,57;14,20;13,57;14,01
7/12/13;13,90;14,04;13,74;13,84
7/15/13;13,98;14,11;13,50;13,79
7/16/13;13,78;14,56;13,78;14,42
7/17/13;14,20;14,44;13,76;13,78
7/18/13;13,63;13,80;13,20;13,77
7/19/13;13,89;13,97;12,54;12,54
7/22/13;13,23;13,37;12,29;12,29
7/23/13;12,15;13,06;12,07;12,66
7/24/13;12,69;13,49;12,69;13,18
7/25/13;13,47;13,54;12,91;12,97
7/26/13;13,41;13,73;12,71;12,72
7/29/13;13,54;13,86;13,38;13,39
7/30/13;13,45;14,14;13,35;13,39
7/31/13;13,55;13,83;12,94;13,45
8/1/13;12,89;13,25;12,82;12,94
8/2/13;12,66;12,74;11,98;11,98
8/5/13;12,29;12,42;11,83;11,84
8/6/13;12,19;12,93;12,06;12,72
8/7/13;13,17;13,91;12,96;12,98
8/8/13;12,50;13,13;12,37;12,73
8/9/13;12,88;13,66;12,71;13,41
8/12/13;13,52;13,57;12,80;12,81
8/13/13;12,86;13,37;12,29;12,31
8/14/13;12,48;13,09;12,35;13,04
8/15/13;14,14;14,85;13,91;14,73
8/16/13;14,56;14,88;13,62;14,37
8/19/13;14,94;15,20;14,35;15,10
8/20/13;15,22;15,25;14,29;14,91
8/21/13;16,00;16,55;14,67;15,94
8/22/13;15,26;15,26;14,66;14,76
8/23/13;14,29;14,82;13,98;13,98
8/26/13;14,37;15,01;13,90;14,99
8/27/13;16,55;17,13;15,82;16,77
8/28/13;16,96;17,11;16,10;16,48
8/29/13;16,79;16,98;15,99;16,80
8/30/13;16,75;17,80;16,70;17,01
9/2/13;17,01;17,01;17,01;17,01
9/3/13;16,47;17,37;16,11;16,61
9/4/13;16,88;17,01;15,77;15,88
9/5/13;16,12;16,12;15,63;15,77
9/6/13;15,35;16,80;15,17;15,85
9/9/13;15,86;16,02;15,22;15,63
9/10/13;14,89;15,09;14,50;14,53
9/11/13;14,74;14,74;13,82;13,82
9/12/13;13,93;14,39;13,73;14,29
9/13/13;14,27;14,55;14,11;14,16
9/16/13;14,10;14,49;13,87;14,38
9/17/13;14,44;14,61;14,28;14,53
9/18/13;14,68;14,68;13,23;13,59
9/19/13;13,02;13,39;13,02;13,16
9/20/13;13,30;13,47;12,52;13,12
9/23/13;14,04;14,71;14,02;14,31
9/24/13;14,17;14,37;13,75;14,08
9/25/13;14,24;14,62;13,89;14,01
9/26/13;13,80;14,40;13,58;14,06
9/27/13;14,62;15,79;14,62;15,46
9/30/13;17,48;17,48;16,16;16,60
10/1/13;16,30;16,46;15,47;15,54
10/2/13;16,39;16,80;16,13;16,60
10/3/13;16,63;18,71;16,63;17,67
10/4/13;17,72;17,87;16,66;16,73
10/7/13;18,76;19,41;18,07;19,41
10/8/13;19,01;21,01;18,98;20,34
10/9/13;20,19;21,34;19,04;19,60
10/10/13;17,66;17,92;16,29;16,48
10/11/13;16,30;16,38;15,46;15,72
10/14/13;17,07;17,73;15,80;16,07
10/15/13;16,41;18,67;16,16;18,66
10/16/13;17,14;17,14;14,67;14,71
10/17/13;14,52;14,59;12,89;13,48
10/18/13;12,86;13,53;12,34;13,04
10/21/13;13,34;13,63;13,07;13,16
10/22/13;12,99;13,92;12,93;13,33
10/23/13;13,71;14,21;13,42;13,42
10/24/13;13,50;13,62;13,15;13,20
10/25/13;13,16;13,44;13,08;13,09
10/28/13;13,62;13,72;13,22;13,31
10/29/13;13,25;13,63;13,06;13,41
10/30/13;13,72;14,36;13,64;13,65
10/31/13;13,83;14,02;13,28;13,75
11/1/13;13,46;13,92;13,22;13,28
11/4/13;13,35;13,67;12,91;12,93
11/5/13;13,22;13,64;12,86;13,27
11/6/13;13,01;13,33;12,67;12,67
11/7/13;12,99;14,14;12,93;13,91
11/8/13;13,76;13,80;12,84;12,90
11/11/13;12,85;12,93;12,40;12,53
11/12/13;12,80;13,06;12,63;12,82
11/13/13;13,35;13,35;12,46;12,52
11/14/13;12,80;12,94;12,28;12,37
11/15/13;12,12;12,45;11,99;12,19
11/18/13;12,41;13,22;12,41;13,10
11/19/13;13,03;13,68;12,88;13,39
11/20/13;13,56;13,94;12,97;13,40
11/21/13;13,09;13,09;12,44;12,66
11/22/13;12,69;12,91;12,24;12,26
11/25/13;12,55;12,92;12,49;12,79
11/26/13;12,84;12,99;12,49;12,81
11/27/13;12,81;12,98;12,44;12,98
11/28/13;12,98;12,98;12,98;12,98
11/29/13;13,06;13,78;12,93;13,70
12/2/13;13,91;14,31;13,78;14,23
12/3/13;14,74;15,04;14,43;14,55
12/4/13;15,03;15,71;14,22;14,70
12/5/13;14,82;15,38;14,70;15,08
12/6/13;13,97;14,09;13,62;13,79
12/9/13;13,97;14,07;13,49;13,49
12/10/13;14,14;14,22;13,69;13,91
12/11/13;13,98;15,43;13,98;15,42
12/12/13;15,44;16,09;15,21;15,54
12/13/13;15,17;15,80;15,06;15,76
12/16/13;15,64;16,07;15,30;16,03
12/17/13;16,04;16,67;15,81;16,21
12/18/13;15,95;16,72;13,74;13,80
12/19/13;13,59;14,21;12,89;14,15
12/20/13;13,61;13,87;13,12;13,79
12/23/13;13,37;13,53;13,02;13,04
12/24/13;12,85;12,89;12,48;12,48
12/25/13;12,48;12,48;12,48;12,48
12/26/13;12,48;12,50;11,69;12,33
12/27/13;12,21;12,59;12,20;12,46
12/30/13;12,87;13,58;12,83;13,56
12/31/13;13,43;14,35;13,38;13,72
1/1/14;13,72;13,72;13,72;13,72
1/2/14;14,32;14,59;14,00;14,23
1/3/14;14,06;14,22;13,57;13,76
1/6/14;13,41;14,00;13,22;13,55
1/7/14;12,38;13,28;12,16;12,92
1/8/14;13,04;13,24;12,86;12,87
1/9/14;12,83;13,26;12,83;12,89
1/10/14;12,60;12,90;12,14;12,14
1/13/14;12,18;13,65;11,82;13,28
1/14/14;12,89;12,90;11,96;12,28
1/15/14;12,15;12,40;11,81;12,28
1/16/14;12,32;12,66;12,28;12,53
1/17/14;12,34;12,93;12,04;12,44
1/20/14;12,44;12,44;12,44;12,44
1/21/14;12,63;13,42;12,61;12,87
1/22/14;12,57;13,12;12,55;12,84
1/23/14;13,67;14,66;13,67;13,77
1/24/14;14,95;18,14;14,92;18,14
1/27/14;17,29;18,98;16,85;17,42
1/28/14;17,27;17,28;15,80;15,80
1/29/14;17,95;18,04;16,71;17,35
1/30/14;16,37;17,39;15,96;17,29
1/31/14;18,73;18,98;17,27;18,41
2/3/14;18,57;21,48;18,34;21,44
2/4/14;19,98;20,07;18,44;19,11
2/5/14;19,59;20,72;19,13;19,95
2/6/14;19,09;19,09;17,09;17,23
2/7/14;16,14;16,30;15,09;15,29
2/10/14;15,63;15,76;15,10;15,26
2/11/14;15,29;15,29;14,08;14,51
2/12/14;14,31;14,64;14,02;14,30
2/13/14;15,24;15,24;13,98;14,14
2/14/14;14,21;14,22;13,44;13,57
2/17/14;13,57;13,57;13,57;13,57
2/18/14;13,95;14,51;13,77;13,87
2/19/14;14,85;15,73;14,12;15,50
2/20/14;15,28;15,80;14,59;14,79
2/21/14;14,74;14,79;14,19;14,68
2/24/14;14,83;14,83;13,97;14,23
2/25/14;14,17;14,83;13,66;13,67
2/26/14;13,83;14,54;13,73;14,35
2/27/14;14,56;14,69;13,92;14,04
2/28/14;14,22;14,79;13,49;14,00
3/3/14;16,47;16,78;15,56;16,00
3/4/14;14,53;14,54;14,00;14,10
3/5/14;14,13;14,32;13,81;13,89
3/6/14;13,82;14,42;13,73;14,21
3/7/14;13,51;14,43;13,51;14,11
3/10/14;14,76;15,28;14,20;14,20
3/11/14;14,22;14,93;13,84;14,80
3/12/14;15,37;15,64;14,43;14,47
3/13/14;14,28;16,66;14,24;16,22
3/14/14;16,73;18,22;16,09;17,82
3/17/14;16,39;16,39;15,37;15,64
3/18/14;15,42;15,47;14,16;14,52
3/19/14;14,56;15,76;13,89;15,12
3/20/14;15,58;15,62;14,50;14,52
3/21/14;13,96;15,17;13,77;15,00
3/24/14;14,70;16,07;14,56;15,09
3/25/14;14,16;15,05;13,96;14,02
3/26/14;13,64;15,28;13,46;14,93
3/27/14;15,00;15,63;14,49;14,62
3/28/14;14,15;14,86;13,73;14,41
3/31/14;13,88;14,16;13,57;13,88
4/1/14;13,43;13,56;13,06;13,10
4/2/14;13,17;13,35;12,92;13,09
4/3/14;13,02;13,70;13,02;13,37
4/4/14;12,88;14,55;12,60;13,96
4/7/14;14,96;16,01;14,57;15,57
4/8/14;15,59;16,20;14,81;14,89
4/9/14;14,58;14,94;13,70;13,82
4/10/14;13,98;16,38;13,81;15,89
4/11/14;16,66;17,85;15,89;17,03
4/14/14;16,14;17,39;16,10;16,11
4/15/14;16,14;17,50;15,47;15,61
4/16/14;14,89;15,27;14,05;14,18
4/17/14;14,09;14,17;13,07;13,36
4/18/14;13,36;13,36;13,36;13,36
4/21/14;14,10;14,11;13,17;13,25
4/22/14;13,13;13,26;12,90;13,19
4/23/14;13,35;13,75;13,27;13,27
4/24/14;13,36;14,08;13,09;13,32
4/25/14;13,93;14,67;13,91;14,06
4/28/14;14,27;15,28;13,82;13,97
4/29/14;13,88;14,24;13,61;13,71
4/30/14;14,05;14,18;13,34;13,41
5/1/14;13,64;13,75;13,10;13,25
5/2/14;13,15;13,48;12,83;12,91
5/5/14;13,95;14,20;13,08;13,29
5/6/14;13,65;13,90;13,28;13,80
5/7/14;13,64;14,43;13,39;13,40
5/8/14;13,69;13,88;12,92;13,43
5/9/14;13,55;13,98;12,87;12,92
5/12/14;12,46;12,58;11,88;12,23
5/13/14;12,36;12,74;12,05;12,13
5/14/14;12,42;12,51;12,03;12,17
5/15/14;12,73;13,77;12,72;13,17
5/16/14;13,31;13,66;12,26;12,44
5/19/14;13,17;13,21;12,28;12,42
5/20/14;12,69;13,30;12,32;12,96
5/21/14;12,38;12,46;11,80;11,91
5/22/14;11,93;12,09;11,68;12,03
5/23/14;11,96;11,97;11,36;11,36
5/26/14;11,36;11,36;11,36;11,36
5/27/14;11,69;11,84;11,50;11,51
5/28/14;11,60;11,86;11,50;11,68
5/29/14;11,58;11,82;11,41;11,57
5/30/14;11,66;11,70;11,32;11,40
6/2/14;11,69;12,17;11,29;11,58
6/3/14;12,03;12,13;11,72;11,87
6/4/14;12,15;12,33;11,91;12,08
6/5/14;12,09;12,34;11,44;11,68
6/6/14;11,32;11,39;10,73;10,73
6/9/14;11,23;11,51;10,99;11,15
6/10/14;11,30;11,66;10,93;10,99
6/11/14;11,42;11,87;11,19;11,60
6/12/14;11,81;12,81;11,71;12,56
6/13/14;12,45;12,69;11,89;12,18
6/16/14;12,65;12,87;12,28;12,65
6/17/14;12,81;12,89;12,06;12,06
6/18/14;11,80;11,91;10,57;10,61
6/19/14;10,53;10,82;10,42;10,62
6/20/14;10,40;11,02;10,34;10,85
6/23/14;11,26;11,35;10,92;10,98
6/24/14;11,02;12,27;10,87;12,13
6/25/14;12,31;12,33;11,37;11,59
6/26/14;11,51;12,51;11,50;11,63
6/27/14;11,72;12,04;11,19;11,26
6/30/14;11,75;11,81;11,30;11,57
7/1/14;11,28;11,42;10,92;11,15
7/2/14;11,18;11,18;10,56;10,82
7/3/14;10,47;10,76;10,28;10,32
7/4/14;10,32;10,32;10,32;10,32
7/7/14;11,15;11,54;11,01;11,33
7/8/14;11,72;12,51;11,72;11,98
7/9/14;11,74;12,05;11,50;11,65
7/10/14;13,22;13,23;12,05;12,59
7/11/14;12,50;12,68;12,07;12,08
7/14/14;11,60;11,83;11,40;11,82
7/15/14;11,53;12,47;11,46;11,96
7/16/14;10,81;11,45;10,59;11,00
7/17/14;11,35;15,38;10,85;14,54
7/18/14;13,34;13,55;12,04;12,06
7/21/14;12,85;13,62;12,46;12,81
7/22/14;11,97;12,24;11,69;12,24
7/23/14;11,54;12,16;11,41;11,52
7/24/14;11,43;12,06;11,43;11,84
7/25/14;12,03;12,75;12,03;12,69
7/28/14;12,93;13,64;12,54;12,56
7/29/14;12,35;13,35;12,12;13,28
7/30/14;12,63;14,07;12,53;13,33
7/31/14;14,35;17,11;14,26;16,95
8/1/14;16,67;17,57;15,55;17,03
8/4/14;16,64;16,80;14,69;15,12
8/5/14;15,54;17,14;15,10;16,87
8/6/14;17,22;17,30;15,70;16,37
8/7/14;15,50;17,25;15,44;16,66
8/8/14;16,43;17,09;15,53;15,77
8/11/14;15,16;15,16;13,72;14,23
8/12/14;14,42;14,74;13,76;14,13
8/13/14;13,57;13,93;12,84;12,90
8/14/14;13,05;13,13;12,42;12,42
8/15/14;11,91;14,94;11,89;13,15
8/18/14;12,85;12,85;12,26;12,32
8/19/14;12,14;12,46;11,91;12,21
8/20/14;12,23;12,24;11,60;11,78
8/21/14;11,93;13,51;11,52;11,76
8/22/14;11,88;12,48;11,47;11,47
8/25/14;11,58;11,77;11,24;11,70
8/26/14;11,33;11,93;11,33;11,63
8/27/14;11,69;11,93;11,54;11,78
8/28/14;12,38;12,73;12,05;12,05
8/29/14;11,86;12,44;11,78;11,98
9/1/14;11,98;11,98;11,98;11,98
9/2/14;12,32;13,41;12,23;12,25
9/3/14;12,03;12,55;11,91;12,36
9/4/14;12,40;12,99;11,70;12,64
9/5/14;12,37;13,18;11,96;12,09
9/8/14;12,64;13,09;12,40;12,66
9/9/14;12,70;13,91;12,70;13,50
9/10/14;13,36;14,05;12,86;12,88
9/11/14;13,53;13,67;12,66;12,80
9/12/14;12,85;14,27;12,85;13,31
9/15/14;13,54;14,19;13,54;14,12
9/16/14;14,49;14,49;12,72;12,73
9/17/14;13,06;13,56;11,73;12,65
9/18/14;12,55;12,57;11,98;12,03
9/19/14;11,73;12,61;11,52;12,11
9/22/14;13,14;13,98;13,13;13,69
9/23/14;14,82;14,94;13,83;14,93
9/24/14;14,62;14,93;13,24;13,27
9/25/14;14,11;16,69;14,03;15,64
9/26/14;15,77;15,98;14,31;14,85
9/29/14;17,00;17,07;15,45;15,98
9/30/14;15,35;16,43;15,18;16,30
10/1/14;16,44;17,55;16,07;16,71
10/2/14;16,70;17,89;15,90;16,16
10/3/14;15,16;15,43;14,44;14,55
10/6/14;14,46;15,77;14,05;15,46
10/7/14;16,32;17,46;15,97;17,20
10/8/14;17,35;18,03;14,97;15,11
10/9/14;15,60;19,38;15,35;18,76
10/10/14;19,11;21,43;18,14;21,24
10/13/14;21,16;24,64;20,52;24,64
10/14/14;23,78;24,55;21,48;22,79
10/15/14;26,48;31,03;24,65;26,25
10/16/14;29,26;29,41;24,61;25,20
10/17/14;21,65;23,08;20,23;21,99
10/20/14;22,11;22,16;18,51;18,57
10/21/14;17,75;17,75;16,03;16,08
10/22/14;16,05;18,43;15,59;17,87
10/23/14;16,07;17,05;15,68;16,53
10/24/14;16,43;18,05;16,09;16,11
10/27/14;17,23;17,87;16,00;16,04
10/28/14;15,69;15,78;14,39;14,39
10/29/14;14,61;16,28;14,19;15,15
10/30/14;15,31;15,75;14,07;14,52
10/31/14;13,86;14,83;13,72;14,03
11/3/14;14,41;14,99;14,23;14,73
11/4/14;15,05;15,93;14,83;14,89
11/5/14;14,15;14,99;14,15;14,17
11/6/14;14,46;14,96;13,67;13,67
11/7/14;13,72;14,13;13,01;13,12
11/10/14;13,16;13,25;12,38;12,67
11/11/14;12,71;13,18;12,60;12,92
11/12/14;13,76;13,76;12,99;13,02
11/13/14;13,33;14,31;12,87;13,79
11/14/14;13,79;14,15;13,31;13,31
11/17/14;14,70;14,73;13,84;13,99
11/18/14;13,86;13,99;13,13;13,86
11/19/14;14,01;14,78;13,84;13,96
11/20/14;14,66;15,74;13,58;13,58
11/21/14;13,16;13,80;12,90;12,90
11/24/14;12,92;13,02;12,43;12,62
11/25/14;12,55;13,02;12,23;12,25
11/26/14;12,27;12,40;11,91;12,07
11/27/14;12,07;12,07;12,07;12,07
11/28/14;12,64;13,49;12,36;13,33
12/1/14;14,16;14,75;13,94;14,29
12/2/14;14,10;14,17;12,85;12,85
12/3/14;12,75;12,88;12,21;12,47
12/4/14;12,79;13,23;12,12;12,38
12/5/14;12,08;12,25;11,53;11,82
12/8/14;13,05;14,62;12,55;14,21
12/9/14;16,16;16,63;14,84;14,89
12/10/14;15,57;18,92;15,49;18,53
12/11/14;17,48;20,13;15,95;20,07
12/12/14;20,57;22,64;18,34;21,08
12/15/14;19,52;24,75;17,77;20,42
12/16/14;22,05;24,83;19,64;23,57
12/17/14;23,61;24,61;19,26;19,44
12/18/14;17,23;18,26;16,07;16,80
12/19/14;16,67;17,20;16,11;16,48
12/22/14;16,32;16,88;15,03;15,25
12/23/14;14,47;15,21;14,32;14,80
12/24/14;14,52;14,54;14,01;14,37
12/26/14;14,60;14,84;14,13;14,50
12/29/14;16,04;16,14;15,06;15,06
12/30/14;15,90;16,20;15,48;15,92
12/31/14;15,91;19,91;15,86;19,20
1/2/15;17,76;20,14;17,05;17,79
1/5/15;19,19;21,29;19,19;19,92
1/6/15;20,32;22,90;19,52;21,12
1/7/15;20,14;20,72;19,04;19,31
1/8/15;17,93;18,09;16,98;17,01
1/9/15;16,44;18,42;16,44;17,55
1/12/15;18,02;20,44;18,02;19,60
1/13/15;18,21;21,58;17,64;20,56
1/14/15;22,87;23,34;21,32;21,48
1/15/15;21,23;23,31;20,86;22,39
1/16/15;22,80;23,43;20,95;20,95
1/20/15;20,07;21,37;19,57;19,89
1/21/15;20,92;21,28;18,64;18,85
1/22/15;17,98;19,23;16,07;16,40
1/23/15;16,79;17,09;15,81;16,66
1/26/15;16,96;17,43;15,52;15,52
1/27/15;17,60;18,41;16,67;17,22
1/28/15;16,97;20,44;16,92;20,44
1/29/15;20,46;21,56;18,66;18,76
1/30/15;20,23;22,14;19,23;20,97
2/2/15;20,89;22,81;19,35;19,43
2/3/15;18,41;18,89;17,20;17,33
2/4/15;17,82;18,38;16,82;18,33
2/5/15;17,29;17,43;16,67;16,85
2/6/15;16,29;18,73;16,05;17,29
2/9/15;19,16;19,28;18,21;18,55
2/10/15;17,72;18,36;16,97;17,23
2/11/15;17,43;17,80;16,82;16,96
2/12/15;16,39;16,47;15,28;15,34
2/13/15;15,11;15,64;14,69;14,69
2/17/15;15,86;16,32;15,53;15,80
2/18/15;16,73;16,73;15,44;15,45
2/19/15;16,11;16,22;15,10;15,29
2/20/15;15,73;16,29;14,27;14,30
2/23/15;15,05;15,48;14,49;14,56
2/24/15;14,50;14,63;13,53;13,69
2/25/15;13,64;14,06;12,86;13,84
2/26/15;13,55;14,57;13,55;13,91
2/27/15;14,07;14,17;13,29;13,34
3/2/15;13,90;13,90;12,87;13,04
3/3/15;13,35;14,69;13,25;13,86
3/4/15;14,31;15,33;14,13;14,23
3/5/15;14,01;14,58;13,88;14,04
3/9/15;15,72;15,76;14,71;15,06
3/10/15;16,47;16,91;16,03;16,69
3/11/15;16,44;17,19;16,29;16,87
3/12/15;16,45;16,45;15,30;15,42
3/13/15;15,47;16,73;15,32;16,00
3/16/15;15,78;15,89;15,36;15,61
3/17/15;16,30;16,37;15,66;15,66
3/18/15;14,60;16,29;13,38;13,97
3/19/15;14,68;14,97;13,84;14,07
3/20/15;13,52;13,53;12,54;13,02
3/23/15;13,52;13,53;12,89;13,41
3/24/15;13,36;13,68;12,59;13,62
3/25/15;13,26;15,55;13,20;15,44
3/26/15;16,64;17,19;15,23;15,80
3/27/15;15,73;15,83;14,19;15,07
3/30/15;14,76;14,76;14,08;14,51
3/31/15;14,97;15,74;14,33;15,29
4/1/15;15,32;16,66;15,08;15,11
4/2/15;15,30;15,51;14,27;14,67
4/6/15;15,75;15,76;14,04;14,74
4/7/15;14,57;14,81;14,01;14,78
4/8/15;14,59;14,77;13,75;13,98
4/9/15;14,14;14,59;13,09;13,09
4/10/15;13,20;13,26;12,51;12,58
4/13/15;13,17;14,31;12,71;13,94
4/14/15;14,34;14,74;13,64;13,67
4/15/15;13,58;13,58;12,83;12,84
4/16/15;13,27;13,35;12,50;12,60
4/17/15;13,97;15,02;13,73;13,89
4/20/15;13,67;13,67;12,83;13,30
4/21/15;12,75;13,51;12,66;13,25
4/22/15;12,97;13,80;12,57;12,71
4/23/15;12,96;12,96;12,12;12,48
4/24/15;12,21;13,02;12,16;12,29
4/27/15;12,34;13,40;12,33;13,12
4/28/15;13,26;14,23;12,41;12,41
4/29/15;13,44;14,34;12,61;13,39
4/30/15;13,89;15,29;12,49;14,55
5/1/15;13,98;13,98;12,68;12,70
5/4/15;13,12;13,18;12,10;12,85
5/5/15;13,21;14,41;12,97;14,31
5/6/15;13,93;16,36;13,89;15,15
5/7/15;15,48;15,97;14,81;15,13
5/8/15;13,36;13,42;12,70;12,86
5/11/15;13,35;13,85;13,00;13,85
5/12/15;14,73;15,13;13,73;13,86
5/13/15;13,63;14,04;13,06;13,76
5/14/15;13,14;13,29;12,72;12,74
5/15/15;12,46;13,09;12,35;12,38
5/18/15;13,08;13,22;12,55;12,73
5/19/15;12,95;13,13;12,55;12,85
5/20/15;12,90;13,27;12,62;12,88
5/21/15;13,03;13,09;12,09;12,11
5/22/15;12,37;12,37;11,82;12,13
5/26/15;13,45;14,63;13,34;14,06
5/27/15;14,16;14,41;13,05;13,27
5/28/15;13,49;13,99;13,31;13,31
5/29/15;13,59;14,43;13,40;13,84
6/1/15;13,92;14,86;13,47;13,97
6/2/15;14,72;15,05;13,59;14,24
6/3/15;13,73;14,20;13,40;13,66
6/4/15;14,57;15,49;13,99;14,71
6/5/15;15,01;15,65;14,21;14,21
6/8/15;14,84;15,50;14,67;15,29
6/9/15;15,18;15,74;14,47;14,47
6/10/15;14,24;14,37;12,96;13,22
6/11/15;13,04;13,22;12,56;12,85
6/12/15;13,31;14,02;13,30;13,78
6/15/15;15,48;15,57;14,91;15,39
6/16/15;15,62;15,62;14,81;14,81
6/17/15;14,66;15,49;14,07;14,50
6/18/15;14,03;14,03;12,54;13,19
6/19/15;13,35;14,00;12,96;13,96
6/22/15;13,42;13,46;12,43;12,74
6/23/15;12,50;12,68;11,93;12,11
6/24/15;12,57;13,33;12,01;13,26
6/25/15;12,96;14,16;12,92;14,01
6/26/15;14,13;14,91;13,64;14,02
6/29/15;16,70;19,50;15,82;18,85
6/30/15;17,60;19,80;17,48;18,23
7/1/15;16,63;17,26;15,65;16,09
7/2/15;15,43;17,48;15,39;16,79
7/6/15;18,64;18,95;16,57;17,01
7/7/15;17,22;19,20;15,93;16,09
7/8/15;17,38;19,76;16,94;19,66
7/9/15;17,46;20,05;17,20;19,97
7/10/15;17,45;18,17;16,60;16,82
7/13/15;15,29;15,36;13,82;13,90
7/14/15;13,91;13,95;12,90;13,37
7/15/15;13,35;13,97;12,81;13,23
7/16/15;12,59;12,61;11,87;12,11
7/17/15;11,77;12,22;11,77;11,95
7/20/15;12,25;12,37;11,71;12,25
7/21/15;12,42;12,79;12,21;12,22
7/22/15;12,77;12,83;12,05;12,12
7/23/15;12,06;13,08;11,73;12,64
7/24/15;12,87;14,73;12,86;13,74
7/27/15;15,60;16,27;15,03;15,60
7/28/15;14,87;15,62;13,32;13,44
7/29/15;13,57;13,59;11,85;12,50
7/30/15;12,72;13,42;12,09;12,13
7/31/15;12,03;12,63;11,82;12,12
8/3/15;12,85;13,55;12,32;12,56
8/4/15;12,66;13,22;12,29;13,00
8/5/15;12,02;12,72;10,88;12,51
8/6/15;12,20;14,25;12,16;13,77
8/7/15;13,57;14,58;13,29;13,39
8/10/15;12,73;12,78;12,18;12,23
8/11/15;13,24;14,33;13,02;13,71
8/12/15;15,19;16,28;13,45;13,61
8/13/15;13,87;14,33;13,06;13,49
8/14/15;13,69;13,87;12,80;12,83
8/17/15;14,32;14,52;13,01;13,02
8/18/15;13,41;13,94;13,17;13,79
8/19/15;14,84;15,96;13,73;15,25
8/20/15;16,55;19,24;16,13;19,14
8/21/15;22,55;28,38;20,80;28,03
8/24/15;28,03;53,29;28,03;40,74
8/25/15;31,13;38,06;28,08;36,02
8/26/15;31,13;35,62;28,67;30,32
8/27/15;27,11;29,90;24,49;26,10
8/28/15;26,69;29,20;25,77;26,05
8/31/15;27,03;29,37;26,63;28,43
9/1/15;31,91;33,82;29,91;31,40
9/2/15;29,14;30,45;24,77;26,09
9/3/15;25,21;26,31;23,45;25,61
9/4/15;27,43;29,47;25,68;27,80
9/8/15;25,05;26,25;24,13;24,90
9/9/15;22,39;26,82;21,51;26,23
9/10/15;26,87;27,22;23,53;24,37
9/11/15;25,38;25,81;23,15;23,20
9/14/15;24,03;25,32;23,64;24,25
9/15/15;23,28;23,77;22,13;22,54
9/16/15;22,57;22,94;21,09;21,35
9/17/15;21,54;23,33;17,87;21,14
9/18/15;23,07;23,99;20,98;22,28
9/21/15;21,97;22,48;20,05;20,14
9/22/15;22,97;26,29;22,25;22,44
9/23/15;22,09;23,20;21,14;22,13
9/24/15;23,53;25,30;21,81;23,47
9/25/15;21,12;24,29;20,81;23,62
9/28/15;25,02;28,33;24,94;27,63
9/29/15;26,57;28,20;25,76;26,83
9/30/15;24,64;25,88;23,25;24,50
10/1/15;23,14;25,23;22,55;22,55
10/2/15;23,99;24,47;20,35;20,94
10/5/15;20,31;20,42;19,14;19,54
10/6/15;19,54;20,32;18,82;19,40
10/7/15;18,96;19,73;18,33;18,40
10/8/15;18,62;19,02;16,34;17,42
10/9/15;17,15;18,20;16,89;17,08
10/12/15;17,68;17,81;16,15;16,17
10/13/15;17,08;17,70;16,14;17,67
10/14/15;17,67;18,78;17,30;18,03
10/16/15;15,64;16,86;15,05;15,05
10/19/15;15,68;16,23;14,82;14,98
10/20/15;15,17;16,34;14,72;15,75
10/21/15;14,98;16,70;14,41;16,70
10/22/15;15,02;15,92;14,45;14,45
10/23/15;13,46;15,12;13,24;14,46
10/26/15;14,76;15,43;14,68;15,29
10/27/15;15,75;15,99;14,78;15,43
10/28/15;15,14;15,73;12,80;14,33
10/29/15;14,80;15,46;14,33;14,61
10/30/15;14,60;15,39;14,00;15,07
11/2/15;15,41;15,51;13,67;14,15
11/3/15;14,33;14,73;13,81;14,54
11/4/15;14,04;15,88;13,96;15,51
11/5/15;15,39;16,39;15,00;15,05
11/6/15;14,91;16,00;14,32;14,33
11/9/15;15,34;17,09;15,14;16,52
11/10/15;16,69;16,96;15,24;15,29
11/11/15;15,07;16,15;15,02;16,06
11/12/15;17,06;18,50;16,65;18,37
11/13/15;18,68;20,67;18,20;20,08
11/16/15;20,51;20,55;17,25;18,16
11/17/15;17,82;19,59;16,86;18,84
11/18/15;19,01;19,45;16,80;16,85
11/19/15;16,25;18,26;16,00;16,99
11/20/15;16,13;16,38;15,47;15,47
11/23/15;16,15;16,74;15,38;15,62
11/24/15;16,53;17,21;15,48;15,93
11/25/15;15,55;15,89;15,05;15,19
11/27/15;15,31;16,09;15,12;15,12
11/30/15;15,55;16,57;15,52;16,13
12/1/15;15,61;16,34;14,63;14,67
12/2/15;15,04;16,49;14,71;15,91
12/3/15;15,87;19,35;15,86;18,11
12/4/15;17,43;17,65;14,69;14,81
12/7/15;15,65;17,18;15,58;15,84
12/8/15;17,69;18,33;16,52;17,60
12/9/15;18,05;20,13;15,72;19,61
12/10/15;19,25;19,72;18,13;19,34
12/11/15;21,36;25,27;20,88;24,39
12/14/15;24,70;26,81;21,47;22,73
12/15/15;20,76;21,62;20,02;20,95
12/16/15;19,25;20,24;17,12;17,86
12/17/15;16,18;19,05;16,13;18,94
12/18/15;19,34;23,30;18,75;20,70
12/21/15;19,64;20,21;18,70;18,70
12/22/15;17,61;18,22;16,60;16,60
12/23/15;15,86;16,25;15,33;15,57
12/24/15;15,44;15,88;14,45;15,74
12/28/15;17,65;18,13;16,88;16,91
12/29/15;15,91;16,48;15,63;16,08
12/30/15;16,50;17,42;16,50;17,29
12/31/15;17,97;20,39;17,51;18,21
1/4/16;22,48;23,36;20,67;20,70
1/5/16;20,75;21,06;19,25;19,34
1/6/16;21,67;21,86;19,80;20,59
1/7/16;23,22;25,86;22,40;24,99
1/8/16;22,96;27,08;22,48;27,01
1/11/16;25,58;27,39;23,83;24,30
1/12/16;22,97;23,93;21,91;22,47
1/13/16;21,72;26,11;21,44;25,22
1/14/16;24,75;26,28;23,07;23,95
1/15/16;28,96;30,95;26,67;27,02
1/19/16;25,40;27,59;25,21;26,05
1/20/16;27,78;32,09;26,59;27,59
1/21/16;27,79;28,43;25,01;26,69
1/22/16;24,21;24,55;22,22;22,34
1/25/16;23,30;24,31;22,38;24,15
1/26/16;23,75;24,02;22,33;22,50
1/27/16;22,88;27,22;20,42;23,11
1/28/16;22,15;23,81;21,90;22,42
1/29/16;21,59;21,74;19,50;20,20
2/1/16;21,32;23,66;19,61;19,98
2/2/16;21,34;22,42;21,06;21,98
2/3/16;21,49;27,70;21,42;21,65
2/4/16;22,29;23,14;21,24;21,84
2/5/16;22,09;24,11;21,91;23,38
2/8/16;25,89;27,72;25,56;26,00
2/9/16;28,30;28,31;25,99;26,54
2/10/16;25,75;26,60;24,47;26,29
2/11/16;29,01;30,90;26,67;28,14
2/12/16;27,16;27,57;24,92;25,40
2/16/16;24,96;25,52;23,32;24,11
2/17/16;23,40;24,16;21,83;22,31
2/18/16;22,16;22,53;21,29;21,64
2/19/16;22,39;23,44;20,52;20,53
2/22/16;20,14;20,35;19,02;19,38
2/23/16;19,75;21,16;19,54;20,98
2/24/16;22,28;22,87;20,26;20,72
2/25/16;20,54;21,26;19,10;19,11
2/26/16;18,89;20,13;18,46;19,81
2/29/16;20,49;20,81;18,38;20,55
3/1/16;19,84;20,17;17,66;17,70
3/2/16;17,98;18,41;16,78;17,09
3/3/16;17,25;17,56;16,32;16,70
3/4/16;16,48;17,35;16,05;16,86
3/7/16;17,98;18,04;16,87;17,35
3/8/16;18,38;18,89;17,82;18,67
3/9/16;18,56;19,11;18,31;18,34
3/10/16;18,17;19,59;17,06;18,05
3/11/16;17,09;17,27;16,28;16,50
3/14/16;17,01;17,67;16,69;16,92
3/15/16;17,60;17,85;16,84;16,84
3/16/16;15,96;16,33;14,89;14,99
3/17/16;15,34;15,38;13,82;14,44
3/18/16;14,05;14,36;13,75;14,02
3/21/16;14,57;14,73;13,79;13,79
3/22/16;14,57;14,76;13,75;14,17
3/23/16;14,57;15,03;14,33;14,94
3/24/16;16,30;16,44;14,71;14,74
3/28/16;15,65;16,04;14,89;15,24
3/29/16;15,74;15,89;13,79;13,82
3/30/16;13,69;13,89;13,06;13,56
3/31/16;13,73;14,28;13,49;13,95
4/1/16;15,23;15,28;13,00;13,10
4/4/16;13,88;14,24;13,66;14,12
4/5/16;15,39;15,72;14,93;15,42
4/6/16;15,61;15,98;14,00;14,09
4/7/16;15,14;16,77;14,68;16,16
4/8/16;15,34;15,93;14,84;15,36
4/11/16;15,34;16,26;14,83;16,26
4/12/16;15,98;16,57;14,84;14,85
4/13/16;14,49;14,53;13,60;13,84
4/14/16;13,90;14,12;13,38;13,72
4/15/16;14,00;14,19;13,58;13,62
4/18/16;14,87;14,93;13,23;13,35
4/19/16;13,18;13,88;12,98;13,24
4/20/16;13,39;13,50;12,50;13,28
4/21/16;13,20;14,14;13,16;13,95
4/22/16;13,70;14,19;13,15;13,22
4/25/16;14,07;14,76;13,86;14,08
4/26/16;14,01;14,43;13,66;13,96
4/27/16;14,15;14,95;13,50;13,77
4/28/16;14,53;15,61;13,30;15,22
4/29/16;15,21;17,09;14,91;15,70
5/2/16;16,33;16,50;14,48;14,68
5/3/16;14,92;16,42;14,91;15,60
5/4/16;15,47;16,85;15,39;16,05
5/5/16;15,54;16,45;15,22;15,91
5/6/16;16,20;16,58;14,71;14,72
5/9/16;15,20;15,39;14,17;14,57
5/10/16;13,98;14,35;13,55;13,63
5/11/16;13,92;14,69;13,29;14,69
5/12/16;14,55;15,42;13,95;14,41
5/13/16;15,15;15,47;13,97;15,04
5/16/16;15,72;15,98;14,28;14,68
5/17/16;14,57;16,12;14,48;15,57
5/18/16;15,72;16,47;14,86;15,95
5/19/16;16,37;17,65;16,28;16,33
5/20/16;16,13;16,30;15,11;15,20
5/23/16;16,33;16,47;15,40;15,82
5/24/16;16,03;16,06;14,36;14,42
5/25/16;14,19;14,33;13,64;13,90
5/26/16;13,80;14,11;13,43;13,43
5/27/16;13,49;13,76;13,04;13,12
5/31/16;13,94;15,00;13,45;14,19
6/1/16;14,45;15,25;14,18;14,20
6/2/16;14,42;14,92;13,62;13,63
6/3/16;13,78;14,66;12,90;13,47
6/6/16;13,84;14,27;13,42;13,65
6/7/16;12,77;14,05;12,72;14,05
6/8/16;13,84;14,27;13,70;14,08
6/9/16;14,01;14,85;13,99;14,64
6/10/16;14,89;17,33;14,85;17,03
6/13/16;18,23;21,01;17,89;20,97
6/14/16;21,28;22,16;20,27;20,50
6/15/16;20,25;20,45;18,63;20,14
6/16/16;20,80;22,89;19,24;19,37
6/17/16;19,42;20,03;18,71;19,41
6/20/16;17,42;18,55;16,59;18,37
6/21/16;17,67;18,96;16,91;18,48
6/22/16;18,26;21,22;17,83;21,17
6/23/16;19,54;19,79;17,25;17,25
6/24/16;26,06;26,24;19,48;25,76
6/27/16;24,38;26,72;22,93;23,85
6/28/16;21,76;22,07;18,75;18,75
6/29/16;18,12;18,27;16,48;16,64
6/30/16;16,91;16,99;15,29;15,63
7/1/16;15,59;15,86;14,61;14,77
7/5/16;16,05;16,62;15,49;15,58
7/6/16;15,87;17,04;14,96;14,96
7/7/16;14,80;15,98;14,33;14,76
7/8/16;14,64;14,75;13,19;13,20
7/11/16;13,25;13,67;13,00;13,54
7/12/16;12,93;13,93;12,75;13,55
7/13/16;13,32;13,79;12,92;13,04
7/14/16;12,50;13,37;12,14;12,82
7/15/16;13,12;13,22;12,27;12,67
7/18/16;12,75;13,12;12,33;12,44
7/19/16;12,53;12,83;11,94;11,97
7/20/16;11,94;11,97;11,40;11,77
7/21/16;11,80;13,06;11,69;12,74
7/22/16;12,80;12,88;11,97;12,02
7/25/16;12,64;13,72;12,39;12,87
7/26/16;12,88;13,50;12,80;13,05
7/27/16;12,61;13,74;12,50;12,83
7/28/16;12,51;13,52;12,36;12,72
7/29/16;12,85;12,90;11,77;11,87
8/1/16;11,89;12,98;11,86;12,44
8/2/16;12,39;14,24;12,35;13,37
8/3/16;13,53;13,91;12,73;12,86
8/4/16;12,73;12,98;11,79;12,42
8/5/16;12,08;12,26;11,18;11,39
8/8/16;11,66;11,78;11,41;11,50
8/9/16;11,40;11,92;11,02;11,66
8/10/16;11,55;12,50;11,37;12,05
8/11/16;11,93;12,11;11,38;11,68
8/12/16;11,61;12,00;11,28;11,55
8/15/16;11,81;12,17;11,58;11,81
8/16/16;12,04;12,78;11,87;12,64
8/17/16;12,57;13,71;12,14;12,19
8/18/16;12,20;12,53;11,42;11,43
8/19/16;11,67;12,28;11,33;11,34
8/22/16;12,53;13,02;11,94;12,27
8/23/16;12,15;12,44;11,72;12,38
8/24/16;12,70;14,01;12,30;13,45
8/25/16;13,62;14,09;13,29;13,63
8/26/16;13,54;14,93;12,13;13,65
8/29/16;14,09;14,43;12,90;12,94
8/30/16;12,94;13,60;12,70;13,12
8/31/16;13,14;14,34;12,97;13,42
9/1/16;13,07;14,61;12,99;13,48
9/2/16;13,47;13,90;11,90;11,98
9/6/16;12,42;12,93;11,85;12,02
9/7/16;11,89;12,45;11,77;11,94
9/8/16;11,74;12,60;11,65;12,51
9/9/16;12,52;17,54;12,52;17,50
9/12/16;20,13;20,51;14,76;15,16
9/13/16;15,98;18,97;15,83;17,85
9/14/16;17,63;18,14;16,34;18,14
9/15/16;17,97;18,07;15,74;16,30
9/16/16;16,41;17,10;15,28;15,37
9/19/16;15,14;15,96;14,60;15,53
9/20/16;14,98;16,09;14,69;15,92
9/21/16;15,07;15,65;12,98;13,30
9/22/16;13,39;13,39;11,76;12,02
9/23/16;12,00;12,58;11,93;12,29
9/26/16;12,29;14,50;12,29;14,50
9/27/16;14,50;14,50;13,10;13,10
9/28/16;13,10;13,10;12,39;12,39
9/29/16;12,39;14,02;12,39;14,02
9/30/16;14,91;15,20;12,53;13,29
10/3/16;13,29;13,57;13,29;13,57
10/4/16;13,57;13,63;13,57;13,63
10/5/16;13,63;13,63;12,99;12,99
10/6/16;12,99;12,99;12,84;12,84
10/7/16;13,52;14,15;12,21;13,48
10/10/16;13,48;13,48;13,38;13,38
10/11/16;13,38;15,36;13,38;15,36
10/12/16;15,36;15,91;15,36;15,91
10/13/16;15,91;16,69;15,91;16,69
10/14/16;16,49;16,50;15,25;16,12
10/17/16;16,12;16,21;16,12;16,21
10/18/16;16,21;16,21;15,28;15,28
10/19/16;15,28;15,28;14,41;14,41
10/20/16;14,41;14,41;13,75;13,75
10/21/16;14,04;14,53;13,27;13,34
10/24/16;13,34;13,34;13,02;13,02
10/25/16;13,02;13,46;13,02;13,46
10/26/16;13,46;14,24;13,46;14,24
10/27/16;14,24;15,36;14,24;15,36
10/28/16;15,67;17,35;14,65;16,19
10/31/16;16,19;17,06;16,19;17,06
11/1/16;17,06;18,56;17,06;18,56
11/2/16;18,56;19,32;18,56;19,32
11/3/16;19,32;22,08;19,32;22,08
11/4/16;21,86;23,01;19,20;22,51
11/7/16;19,78;19,86;18,39;18,71
11/8/16;18,71;18,74;18,71;18,74
11/9/16;18,74;18,74;14,38;14,38
11/10/16;14,38;14,74;14,38;14,74
11/11/16;14,83;16,00;14,15;14,17
11/14/16;14,69;15,56;14,39;14,48
11/15/16;14,48;14,48;13,37;13,37
11/16/16;13,37;13,72;13,37;13,72
11/17/16;13,37;13,55;12,97;13,35
11/18/16;13,56;13,74;12,85;12,85
11/21/16;13,27;13,44;12,16;12,42
11/22/16;12,26;12,83;12,20;12,41
11/23/16;12,41;12,43;12,41;12,43
11/25/16;12,52;12,74;12,31;12,34
11/28/16;13,40;13,50;12,74;13,15
11/29/16;13,15;13,15;12,90;12,90
11/30/16;12,60;13,42;12,23;13,33
12/1/16;13,33;14,07;13,33;14,07
12/2/16;14,16;14,48;12,39;14,12
12/5/16;13,75;13,77;12,14;12,14
12/6/16;12,19;12,30;11,54;11,79
12/7/16;11,79;12,22;11,79;12,22
12/8/16;12,10;13,40;11,30;12,64
12/9/16;12,59;12,72;11,67;11,75
12/12/16;11,75;12,64;11,75;12,64
12/13/16;12,46;13,42;12,34;12,72
12/14/16;12,88;13,39;12,48;13,19
12/15/16;13,19;13,19;12,79;12,79
12/16/16;12,88;12,95;12,15;12,20
12/19/16;12,20;12,20;11,71;11,71
12/20/16;11,71;11,71;11,45;11,45
12/21/16;11,44;11,49;10,93;11,27
12/22/16;11,32;11,67;11,14;11,43
12/23/16;11,43;11,44;11,43;11,44
12/27/16;11,44;11,99;11,44;11,99
12/28/16;11,89;13,04;11,85;12,95
12/29/16;13,15;13,71;12,95;13,37
12/30/16;13,37;14,04;13,37;14,04
1/3/17;14,07;14,07;12,85;12,85
1/4/17;12,78;12,80;11,63;11,85
1/5/17;11,85;11,85;11,67;11,67
1/6/17;11,70;11,74;10,98;11,32
1/9/17;11,71;12,08;11,46;11,56
1/10/17;11,56;11,56;11,49;11,49
1/11/17;11,56;12,23;11,21;11,26
1/12/17;11,26;11,54;11,26;11,54
1/13/17;11,45;11,62;10,94;11,23
1/18/17;11,79;12,81;11,69;12,48
1/19/17;12,58;13,28;12,17;12,78
1/20/17;12,58;12,59;11,53;11,54
1/23/17;12,30;12,62;11,59;11,77
1/24/17;11,77;11,77;11,07;11,07
1/25/17;10,79;11,05;10,51;10,81
1/26/17;10,61;11,01;10,60;10,63
1/27/17;10,57;10,82;10,30;10,58
1/30/17;11,10;12,90;11,10;11,88
1/31/17;12,29;12,99;11,79;11,99
2/1/17;11,79;12,05;9,97;11,81
2/2/17;11,81;11,93;11,81;11,93
2/3/17;11,84;11,84;10,72;10,97
2/6/17;11,37;11,84;11,09;11,37
2/7/17;11,37;11,37;11,29;11,29
2/8/17;11,19;11,82;11,15;11,45
2/9/17;11,44;11,53;10,74;10,88
2/10/17;10,85;10,95;10,55;10,85
2/13/17;10,85;11,07;10,85;11,07
2/14/17;11,07;11,07;10,74;10,74
2/15/17;10,74;11,97;10,74;11,97
2/16/17;11,97;11,97;11,76;11,76
2/17/17;11,84;12,26;11,37;11,49
2/21/17;11,49;11,57;11,49;11,57
2/22/17;11,57;11,74;11,57;11,74
2/23/17;11,66;12,46;11,54;11,71
2/24/17;11,81;12,59;11,34;11,47
2/27/17;11,78;12,14;11,53;12,09
2/28/17;12,19;12,96;12,13;12,92
3/1/17;12,92;12,92;12,54;12,54
3/2/17;12,43;12,71;11,32;11,81
3/3/17;11,96;11,97;10,94;10,96
3/6/17;10,96;11,24;10,96;11,24
3/7/17;11,27;11,58;11,04;11,45
3/8/17;11,49;11,86;11,09;11,86
3/9/17;11,86;12,30;11,86;12,30
3/10/17;11,97;12,09;11,46;11,66
3/13/17;11,66;11,66;11,35;11,35
3/14/17;11,35;12,30;11,35;12,30
3/15/17;12,30;12,30;11,63;11,63
3/16/17;11,63;11,63;11,21;11,21
3/17/17;11,38;11,38;10,78;11,28
3/20/17;11,28;11,34;11,28;11,34
3/21/17;11,34;12,47;11,34;12,47
3/22/17;12,47;12,81;12,47;12,81
3/23/17;12,81;13,12;12,81;13,12
3/24/17;12,86;14,16;12,27;12,96
3/27/17;12,96;12,96;12,50;12,50
3/28/17;12,50;12,50;11,53;11,53
3/29/17;11,53;11,53;11,42;11,42
3/30/17;11,37;11,64;11,12;11,54
3/31/17;11,61;12,54;11,50;12,37
4/3/17;12,37;12,38;12,37;12,38
4/4/17;12,38;12,38;11,79;11,79
4/5/17;11,79;12,89;11,79;12,89
4/6/17;12,89;12,89;12,39;12,39
4/7/17;13,17;13,43;12,23;12,87
4/10/17;12,87;14,05;12,87;14,05
4/11/17;14,05;15,07;14,05;15,07
4/12/17;15,07;15,77;15,07;15,77
4/13/17;15,89;16,22;14,97;15,96
4/17/17;15,96;15,96;14,66;14,66
4/18/17;14,66;14,66;14,42;14,42
4/19/17;14,42;14,93;14,42;14,93
4/20/17;14,93;14,93;14,15;14,15
4/21/17;13,85;15,33;13,85;14,63
4/24/17;14,63;14,63;10,84;10,84
4/25/17;10,84;10,84;10,76;10,76
4/26/17;10,76;10,85;10,76;10,85
4/27/17;10,85;10,85;10,36;10,36
4/28/17;10,39;11,16;10,29;10,82
5/1/17;10,82;10,82;10,11;10,11
5/2/17;10,11;10,59;10,11;10,59
5/3/17;10,59;10,68;10,59;10,68
5/4/17;10,68;10,68;10,46;10,46
5/5/17;10,51;10,98;9,99;10,57
5/8/17;10,57;10,57;9,77;9,77
5/9/17;9,77;9,96;9,77;9,96
5/10/17;9,96;10,21;9,96;10,21
5/11/17;10,21;10,60;10,21;10,60
5/12/17;10,72;10,87;10,28;10,40
5/15/17;10,40;10,42;10,40;10,42
5/16/17;10,42;10,65;10,42;10,65
5/17/17;10,65;15,59;10,65;15,59
5/18/17;15,59;15,59;14,66;14,66
5/19/17;14,23;14,23;11,72;12,04
5/22/17;12,04;12,04;10,93;10,93
5/23/17;10,93;10,93;10,72;10,72
5/24/17;10,72;10,72;10,02;10,02
5/25/17;10,02;10,02;9,99;9,99
5/26/17;9,99;9,99;9,81;9,81
5/30/17;10,61;10,84;10,14;10,38
5/31/17;10,38;10,41;10,38;10,41
6/1/17;10,41;10,41;9,89;9,89
6/2/17;10,08;10,30;9,58;9,75
6/5/17;9,75;10,07;9,75;10,07
6/6/17;10,07;10,45;10,07;10,45
6/7/17;10,45;10,45;10,39;10,39
6/8/17;10,39;10,39;10,16;10,16
6/9/17;9,93;12,11;9,37;10,70
6/12/17;11,19;12,37;11,19;11,46
6/13/17;11,46;11,46;10,42;10,42
6/14/17;10,42;10,64;10,42;10,64
6/15/17;10,64;10,90;10,64;10,90
6/16/17;10,63;11,35;10,26;10,38
6/19/17;10,38;10,38;10,37;10,37
6/20/17;10,37;10,86;10,37;10,86
6/21/17;10,86;10,86;10,75;10,75
6/22/17;10,81;11,01;10,24;10,48
6/23/17;10,25;10,69;9,85;10,02
6/26/17;10,02;10,02;9,90;9,90
6/27/17;9,90;11,06;9,90;11,06
6/28/17;11,06;11,06;10,03;10,03
6/29/17;10,03;11,44;10,03;11,44
6/30/17;11,74;11,85;10,40;11,18
7/3/17;11,18;11,22;11,18;11,22
7/5/17;11,20;12,03;10,79;11,07
7/6/17;11,07;12,54;11,07;12,54
7/7/17;12,48;12,57;10,98;11,19
7/10/17;11,19;11,19;11,11;11,11
7/11/17;11,11;11,11;10,89;10,89
7/12/17;10,85;10,85;10,08;10,30
7/13/17;10,30;10,30;9,90;9,90
7/14/17;10,09;10,14;9,50;9,51
7/17/17;9,77;10,03;9,71;9,82
7/18/17;9,82;9,89;9,82;9,89
7/19/17;9,89;9,89;9,79;9,79
7/20/17;9,79;9,79;9,58;9,58
7/21/17;9,52;9,98;9,30;9,36
7/24/17;9,94;9,97;9,26;9,43
7/25/17;9,43;9,43;9,43;9,43
7/26/17;9,43;9,60;9,43;9,60
7/27/17;9,60;10,11;9,60;10,11
7/28/17;10,62;11,30;10,26;10,29
7/31/17;10,29;10,29;10,26;10,26
8/1/17;10,26;10,26;10,09;10,09
8/2/17;10,09;10,28;10,09;10,28
8/3/17;10,28;10,44;10,28;10,44
8/4/17;10,48;10,50;9,68;10,03
8/7/17;10,03;10,03;9,93;9,93
8/8/17;9,93;10,96;9,93;10,96
8/9/17;10,96;11,11;10,96;11,11
8/10/17;11,11;16,04;11,11;16,04
8/11/17;16,17;17,28;14,50;15,51
8/14/17;15,51;15,51;12,33;12,33
8/15/17;12,33;12,33;12,04;12,04
8/16/17;12,04;12,04;11,74;11,74
8/17/17;11,74;15,55;11,74;15,55
8/18/17;15,38;16,04;13,32;14,26
8/21/17;14,26;14,26;13,19;13,19
8/22/17;13,19;13,19;11,35;11,35
8/23/17;11,51;12,59;11,39;12,25
8/24/17;12,25;12,25;12,23;12,23
8/25/17;12,20;12,45;11,10;11,28
8/28/17;11,28;11,32;11,28;11,32
8/29/17;11,32;11,70;11,32;11,70
8/30/17;11,70;11,70;11,22;11,22
8/31/17;11,22;11,22;10,59;10,59
9/1/17;10,33;10,46;10,02;10,13
9/5/17;10,13;12,23;10,13;12,23
9/6/17;12,23;12,23;11,63;11,63
9/7/17;11,93;12,07;11,32;11,55
9/8/17;11,87;12,60;11,84;12,12
9/11/17;12,12;12,12;10,73;10,73
9/12/17;10,66;10,95;10,29;10,58
9/13/17;10,58;10,58;10,50;10,50
9/14/17;10,50;10,50;10,44;10,44
9/15/17;10,51;10,74;10,00;10,17
9/18/17;10,17;10,17;10,15;10,15
9/19/17;10,15;10,18;10,15;10,18
9/20/17;10,18;10,18;9,78;9,78
9/21/17;9,78;9,78;9,67;9,67
9/22/17;9,90;10,20;9,50;9,59
9/25/17;9,59;10,21;9,59;10,21
9/26/17;10,21;10,21;10,17;10,17
9/27/17;10,17;10,17;9,87;9,87
9/28/17;9,87;9,87;9,55;9,55
9/29/17;9,59;9,83;9,36;9,51
10/2/17;9,59;10,04;9,37;9,45
10/3/17;9,45;9,51;9,45;9,51
10/4/17;9,51;9,63;9,51;9,63
10/5/17;9,63;9,63;9,19;9,19
10/6/17;9,23;10,27;9,11;9,65
10/9/17;9,65;10,33;9,65;10,33
10/10/17;10,33;10,33;10,08;10,08
10/11/17;10,08;10,08;9,85;9,85
10/12/17;9,85;9,91;9,85;9,91
10/13/17;9,95;9,98;9,44;9,61
10/16/17;9,61;9,91;9,61;9,91
10/17/17;9,91;10,31;9,91;10,31
10/18/17;10,31;10,31;10,07;10,07
10/19/17;10,07;10,07;10,05;10,05
10/20/17;9,92;10,04;9,29;9,97
10/23/17;9,97;11,07;9,97;11,07
10/24/17;11,07;11,16;11,07;11,16
10/25/17;11,34;13,20;10,99;11,23
10/26/17;11,23;11,30;11,23;11,30
10/27/17;11,12;11,12;9,74;9,80
10/30/17;9,80;10,50;9,80;10,50
10/31/17;10,50;10,50;10,18;10,18
11/1/17;9,79;10,49;9,74;10,20
11/2/17;10,44;10,89;9,67;9,93
11/3/17;9,83;9,91;8,99;9,14
11/6/17;9,63;9,74;9,38;9,40
11/7/17;9,31;10,31;9,29;9,89
11/8/17;9,79;10,27;9,50;9,78
11/9/17;9,94;12,16;9,81;10,50
11/10/17;10,78;11,58;10,50;11,29
11/13/17;11,43;12,18;11,00;11,50
11/14/17;11,53;12,61;11,45;11,59
11/15/17;12,52;14,51;12,33;13,13
11/16/17;12,47;12,52;11,38;11,76
11/17/17;11,75;12,01;11,16;11,43
11/20/17;11,96;12,08;10,44;10,65
11/21/17;10,74;10,78;9,67;9,73
11/22/17;9,60;9,88;9,32;9,88
11/24/17;9,82;9,96;8,56;9,65
11/26/17;10,07;10,08;9,92;9,94
11/27/17;10,07;10,26;9,79;9,87
11/28/17;9,72;10,31;9,53;10,03
11/29/17;9,91;10,93;9,81;10,70
11/30/17;10,49;12,05;10,25;11,28
12/1/17;11,19;14,58;10,54;11,43
12/4/17;11,05;11,86;10,26;11,68
12/5/17;11,38;11,67;10,65;11,33
12/6/17;11,63;11,68;10,86;11,02
12/7/17;10,90;11,32;10,12;10,16
12/8/17;10,00;10,06;9,43;9,58
12/11/17;9,74;10,08;9,28;9,34
12/12/17;9,36;9,92;9,21;9,92
12/13/17;9,78;10,21;9,65;10,18
12/14/17;9,98;10,54;9,78;10,49
12/15/17;10,12;10,20;9,22;9,42
12/17/17;9,46;9,47;9,43;9,44
12/18/17;9,46;9,89;9,24;9,53
12/19/17;9,40;10,15;9,18;10,03
12/20/17;9,69;9,85;8,90;9,72
12/21/17;9,59;9,86;9,20;9,62
12/22/17;9,37;10,18;9,35;9,90
12/26/17;10,19;10,46;10,13;10,25
12/27/17;10,04;10,79;9,71;10,47
12/28/17;10,29;10,44;10,07;10,18
12/29/17;10,03;11,06;9,95;11,04
1/1/18;10,95;10,99;10,92;10,95
1/2/18;10,95;11,07;9,52;9,77
1/3/18;9,56;9,65;8,94;9,15
1/4/18;9,01;9,31;8,92;9,22
1/5/18;9,10;9,54;9,00;9,22
1/8/18;9,61;9,89;9,32;9,52
1/9/18;9,41;10,09;9,37;10,08
1/10/18;10,11;10,85;9,82;9,82
1/11/18;9,69;10,02;9,62;9,88
1/12/18;9,74;10,31;9,54;10,16
1/16/18;10,42;12,41;10,40;11,66
1/17/18;11,35;12,81;11,18;11,91
1/18/18;12,01;12,40;11,62;12,22
1/19/18;12,30;12,33;11,18;11,27
1/22/18;11,59;11,62;10,84;11,03
1/23/18;10,77;11,57;10,76;11,10
1/24/18;11,00;12,19;10,89;11,47
1/25/18;11,27;12,01;11,20;11,58
1/26/18;11,40;11,60;11,08;11,08
1/29/18;11,71;13,84;11,68;13,84
1/30/18;13,93;15,42;13,88;14,79
1/31/18;14,23;14,44;13,41;13,54
2/1/18;13,05;14,30;12,50;13,47
2/2/18;13,64;17,86;13,64;17,31
2/5/18;18,44;38,80;16,80;37,32
2/6/18;37,32;50,30;22,42;29,98
2/7/18;31,38;31,64;21,17;27,73
2/8/18;27,29;36,17;24,41;33,46
2/9/18;32,18;41,06;27,73;29,06
2/12/18;27,25;29,70;24,42;25,61
2/13/18;26,94;27,82;24,47;24,97
2/14/18;23,48;25,72;18,99;19,26
2/15/18;18,39;20,66;17,60;19,13
2/16/18;18,74;20,99;17,44;19,46
2/20/18;20,53;21,61;19,75;20,60
2/21/18;20,76;21,04;16,97;20,02
2/22/18;20,57;20,61;18,07;18,72
2/23/18;17,96;18,80;16,47;16,49
2/26/18;16,53;16,94;15,80;15,80
2/27/18;15,83;18,98;15,29;18,59
2/28/18;18,08;20,44;15,65;19,85
3/1/18;19,96;25,30;19,57;22,47
3/2/18;22,47;26,22;19,36;19,59
3/5/18;21,55;21,57;17,94;18,73
3/6/18;18,25;19,64;17,68;18,36
3/7/18;20,11;20,49;17,52;17,76
3/8/18;17,56;17,68;14,91;16,54
3/9/18;16,41;16,75;13,31;14,64
3/12/18;15,28;16,35;15,18;15,78
3/13/18;15,70;16,98;15,03;16,35
3/14/18;16,59;17,59;14,94;17,23
3/15/18;16,99;17,41;15,96;16,59
3/16/18;16,60;16,72;15,23;15,80
3/19/18;16,63;21,87;16,56;19,02
3/20/18;18,38;19,31;18,09;18,20
3/21/18;17,76;18,37;16,26;17,86
3/22/18;18,13;23,81;18,12;23,34
3/23/18;24,02;26,01;21,63;24,87
3/26/18;23,41;24,54;20,71;21,03
3/27/18;20,33;24,06;19,84;22,50
3/28/18;22,52;24,94;21,71;22,87
3/29/18;22,87;23,05;19,60;19,97
4/2/18;21,07;25,72;20,44;23,62
4/3/18;23,03;23,38;20,92;21,10
4/4/18;21,68;24,51;19,86;20,06
4/5/18;19,76;20,21;18,57;18,94
4/6/18;20,33;23,12;18,60;21,49
4/9/18;21,27;22,02;20,34;21,77
4/10/18;20,51;21,68;20,24;20,47
4/11/18;20,95;21,66;19,64;20,24
4/12/18;19,83;19,92;18,16;18,49
4/13/18;18,27;18,45;17,26;17,41
4/16/18;17,59;17,66;16,38;16,56
4/17/18;16,16;16,27;14,57;15,25
4/18/18;15,30;16,90;14,95;15,60
4/19/18;15,55;16,92;15,16;15,96
4/20/18;16,16;17,50;15,19;16,88
4/23/18;17,29;17,56;15,79;16,34
4/24/18;16,16;19,66;15,37;18,02
4/25/18;18,14;19,84;17,75;17,84
4/26/18;18,07;18,12;16,24;16,24
4/27/18;16,22;16,77;15,25;15,41
4/30/18;15,31;16,35;15,13;15,93
5/1/18;16,00;16,82;15,42;15,49
5/2/18;15,48;15,97;14,75;15,97
5/3/18;15,78;18,66;15,43;15,90
5/4/18;15,94;16,92;10,91;14,77
5/7/18;15,05;15,27;14,51;14,75
5/8/18;14,53;15,56;14,52;14,71
5/9/18;14,54;14,63;13,38;13,42
5/10/18;13,36;13,63;12,92;13,23
5/11/18;13,22;13,44;12,65;12,65
5/14/18;13,09;13,28;12,81;12,93
5/15/18;13,13;15,01;12,50;14,63
5/16/18;14,38;14,91;13,21;13,42
5/17/18;13,54;13,86;12,65;13,43
5/18/18;13,18;13,87;13,06;13,42
5/21/18;12,99;13,59;12,78;13,08
5/22/18;13,03;13,42;12,77;13,22
5/23/18;13,50;14,60;12,49;12,58
5/24/18;12,73;14,24;12,53;12,53
5/25/18;12,44;13,52;12,29;13,22
5/29/18;14,39;18,78;14,39;17,02
5/30/18;16,60;16,64;14,65;14,94
5/31/18;14,93;16,29;14,20;15,43
6/1/18;14,92;14,93;13,37;13,46
6/4/18;13,91;13,91;12,69;12,74
6/5/18;12,91;13,34;12,30;12,40
6/6/18;12,10;12,56;11,62;11,64
6/7/18;11,66;13,28;11,22;12,13
6/8/18;12,54;13,31;12,09;12,18
6/11/18;12,52;12,69;12,14;12,35
6/12/18;12,29;12,60;11,88;12,34
6/13/18;12,13;12,95;11,98;12,94
6/14/18;12,98;13,07;11,88;12,12
6/15/18;12,19;13,16;11,93;11,98
6/18/18;12,79;13,74;12,28;12,31
6/19/18;14,61;14,68;13,21;13,35
6/20/18;12,90;13,02;12,25;12,79
6/21/18;12,54;15,18;12,18;14,64
6/22/18;14,60;14,60;13,11;13,77
6/25/18;15,07;19,61;14,56;17,33
6/26/18;16,71;17,54;15,10;15,92
6/27/18;16,52;18,19;14,76;17,91
6/28/18;17,54;18,99;16,40;16,85
6/29/18;15,73;16,51;14,66;16,09
7/2/18;17,70;18,08;15,54;15,60
7/3/18;15,37;16,45;14,68;16,14
7/5/18;15,62;16,22;14,47;14,97
7/6/18;14,99;15,45;13,34;13,37
7/9/18;13,02;13,22;12,60;12,69
7/10/18;12,52;13,21;11,93;12,64
7/11/18;14,05;14,15;13,09;13,63
7/12/18;13,07;13,33;12,42;12,58
7/13/18;12,39;12,97;11,62;12,18
7/16/18;12,77;12,97;12,46;12,83
7/17/18;12,91;13,18;11,85;12,06
7/18/18;11,87;12,47;11,44;12,10
7/19/18;12,20;13,09;11,79;12,87
7/20/18;13,00;13,58;12,49;12,86
7/23/18;13,47;13,55;12,58;12,62
7/24/18;12,61;13,21;11,66;12,41
7/25/18;12,37;12,82;11,80;12,29
7/26/18;12,45;12,53;11,78;12,14
7/27/18;12,17;14,26;11,60;13,03
7/30/18;13,63;14,46;12,98;14,26
7/31/18;13,98;14,12;12,81;12,83
8/1/18;13,09;13,63;12,45;13,15
8/2/18;13,57;14,53;12,17;12,19
8/3/18;12,43;12,46;11,07;11,64
8/6/18;11,91;12,15;11,17;11,27
8/7/18;11,12;11,24;10,52;10,93
8/8/18;10,93;11,18;10,52;10,85
8/9/18;10,94;11,31;10,17;11,27
8/10/18;12,34;13,82;12,30;13,16
8/13/18;14,50;15,02;12,95;14,78
8/14/18;13,93;14,22;13,11;13,31
8/15/18;13,52;16,86;13,44;14,64
8/16/18;14,18;14,36;12,82;13,45
8/17/18;13,18;13,96;12,40;12,64
8/20/18;12,57;12,79;12,26;12,49
8/21/18;12,47;12,89;12,09;12,86
8/22/18;13,09;13,29;11,97;12,25
8/23/18;12,03;12,68;11,65;12,41
8/24/18;12,13;12,17;11,83;11,99
8/27/18;12,37;12,48;12,02;12,16
8/28/18;12,01;12,50;11,87;12,50
8/29/18;12,34;12,55;12,09;12,25
8/30/18;12,25;13,95;12,24;13,53
8/31/18;13,54;14,03;12,82;12,86
9/4/18;13,13;14,35;13,12;13,16
9/5/18;13,69;14,30;13,23;13,91
9/6/18;14,21;15,41;13,72;14,65
9/7/18;14,72;15,63;14,31;14,88
9/10/18;15,09;15,20;13,93;14,16
9/11/18;13,96;14,92;13,21;13,22
9/12/18;13,07;13,86;12,91;13,14
9/13/18;12,91;12,91;12,30;12,37
9/14/18;12,13;13,15;11,93;12,07
9/17/18;12,72;13,75;12,32;13,68
9/18/18;13,48;13,48;12,56;12,79
9/19/18;12,61;12,77;11,66;11,75
9/20/18;11,82;11,96;11,31;11,80
9/21/18;11,76;12,03;11,10;11,68
9/24/18;12,46;12,92;12,18;12,20
9/25/18;12,28;12,60;11,80;12,42
9/26/18;12,21;13,13;11,55;12,89
9/27/18;12,77;13,00;11,94;12,41
9/28/18;12,59;13,22;12,09;12,12
10/1/18;11,99;12,40;11,57;12,00
10/2/18;12,47;12,69;11,61;12,05
10/3/18;11,66;12,14;11,34;11,61
10/4/18;12,84;15,84;12,42;14,22
10/5/18;14,29;17,36;11,72;14,82
10/8/18;16,05;18,38;15,69;15,69
10/9/18;16,12;17,49;15,27;15,95
10/10/18;16,03;22,96;15,83;22,96
10/11/18;23,07;28,84;20,65;24,98
10/12/18;21,63;26,80;20,88;21,31
10/15/18;21,97;22,89;19,47;21,30
10/16/18;20,28;20,56;17,55;17,62
10/17/18;17,06;19,55;17,06;17,40
10/18/18;18,02;21,57;17,51;20,06
10/19/18;19,24;21,08;18,39;19,89
10/22/18;19,38;20,89;18,82;19,64
10/23/18;22,18;24,66;20,18;20,71
10/24/18;21,60;26,38;20,40;25,23
10/25/18;24,78;24,78;22,06;24,22
10/26/18;24,51;27,52;23,33;24,16
10/29/18;24,48;27,86;22,01;24,70
10/30/18;23,94;25,55;23,11;23,35
10/31/18;22,72;22,80;20,39;21,23
11/1/18;20,96;21,21;19,03;19,34
11/2/18;18,52;21,61;18,05;19,51
11/5/18;20,58;20,87;19,64;19,96
11/6/18;19,84;20,60;19,69;19,91
11/7/18;18,03;18,05;16,33;16,36
11/8/18;16,18;17,20;16,09;16,72
11/9/18;16,87;18,41;16,84;17,36
11/12/18;17,26;20,71;17,25;20,45
11/13/18;19,45;21,25;19,11;20,02
11/14/18;20,52;22,36;19,30;21,25
11/15/18;20,41;22,97;19,94;19,98
11/16/18;20,04;21,36;18,10;18,14
11/19/18;18,78;20,99;18,52;20,10
11/20/18;20,76;23,81;20,37;22,48
11/21/18;21,66;22,31;20,11;20,80
11/23/18;21,23;22,65;20,65;21,52
11/26/18;20,78;20,80;18,67;18,90
11/27/18;19,41;19,93;18,70;19,02
11/28/18;18,87;19,38;18,18;18,49
11/29/18;18,65;20,48;18,59;18,79
11/30/18;19,18;19,91;18,03;18,07
12/3/18;16,04;17,28;15,94;16,44
12/4/18;16,84;21,94;16,26;20,74
12/6/18;23,53;25,94;20,94;21,19
12/7/18;22,42;24,71;19,90;23,23
12/10/18;23,95;25,94;22,50;22,64
12/11/18;22,96;23,60;21,39;21,76
12/12/18;21,91;21,91;20,50;21,46
12/13/18;21,00;21,57;20,34;20,65
12/14/18;21,57;22,47;20,95;21,63
12/17/18;22,36;25,88;21,97;24,52
12/18/18;24,68;26,14;23,64;25,58
12/19/18;25,15;26,64;22,50;25,58
12/20/18;26,09;30,30;24,68;28,38
12/21/18;28,24;31,35;25,71;30,11
12/24/18;29,29;36,10;29,16;36,07
12/26/18;35,50;36,20;29,59;30,41
12/27/18;31,20;33,80;29,66;29,96
12/28/18;29,97;31,05;27,43;28,34
12/31/18;27,59;27,64;25,33;25,42
1/2/19;27,54;28,53;23,05;23,22
1/3/19;25,68;26,60;24,05;25,45
1/4/19;24,36;24,48;21,19;21,38
1/7/19;22,06;22,71;20,91;21,40
1/8/19;20,96;22,03;20,09;20,47
1/9/19;20,44;22,80;19,48;19,98
1/10/19;20,98;21,32;19,29;19,50
1/11/19;19,68;20,16;18,12;18,19
1/14/19;19,84;20,27;18,70;19,07
1/15/19;18,53;19,20;17,98;18,60
1/16/19;18,08;19,04;17,76;19,04
1/17/19;19,51;19,72;17,85;18,06
1/18/19;17,80;18,18;17,17;17,80
1/22/19;18,53;21,15;18,20;20,80
1/23/19;20,85;22,02;19,47;19,52
1/24/19;19,69;20,25;18,63;18,89
1/25/19;18,43;18,46;17,31;17,42
1/28/19;18,56;20,42;18,42;18,87
1/29/19;19,45;19,93;18,42;19,13
1/30/19;19,15;19,31;17,54;17,66
1/31/19;17,39;17,72;16,54;16,57
2/1/19;16,63;16,83;16,08;16,14
2/4/19;16,72;16,73;15,60;15,73
2/5/19;15,79;15,94;15,04;15,57
2/6/19;15,44;15,87;15,09;15,38
2/7/19;15,66;17,89;15,51;16,37
2/8/19;16,81;17,63;15,62;15,72
2/11/19;16,17;16,50;15,34;15,97
2/12/19;15,23;15,65;14,95;15,43
2/13/19;15,46;15,91;15,00;15,65
2/14/19;15,61;17,27;15,30;16,22
2/15/19;16,82;16,82;14,79;14,91
2/19/19;15,65;16,16;14,64;14,88
2/20/19;14,92;15,19;13,99;14,02
2/21/19;14,00;15,17;13,85;14,46
2/22/19;14,46;14,47;13,51;13,51
2/25/19;13,91;14,90;13,44;14,85
2/26/19;15,16;15,28;14,52;15,17
2/27/19;15,53;16,17;14,70;14,70
2/28/19;15,17;15,24;14,39;14,78
3/1/19;14,57;14,84;13,41;13,57
3/4/19;13,77;16,98;13,38;14,63
3/5/19;14,52;15,39;14,26;14,74
3/6/19;14,91;16,11;14,74;15,74
3/7/19;16,33;17,81;15,54;16,59
3/8/19;17,38;18,33;16,02;16,05
3/11/19;16,28;16,43;14,33;14,33
3/12/19;13,97;14,70;13,61;13,77
3/13/19;14,00;14,05;13,25;13,41
3/14/19;13,35;13,84;13,16;13,50
3/15/19;13,21;13,28;12,50;12,88
3/18/19;13,13;13,80;13,00;13,10
3/19/19;12,89;13,77;12,37;13,56
3/20/19;13,54;14,30;13,05;13,91
3/21/19;14,11;14,56;13,26;13,63
3/22/19;13,77;17,52;13,62;16,48
3/25/19;17,76;17,85;16,26;16,33
3/26/19;16,22;16,30;14,67;14,68
3/27/19;14,52;16,71;14,51;15,15
3/28/19;15,38;15,62;14,41;14,43
3/29/19;14,19;14,43;13,64;13,71
4/1/19;13,90;14,01;13,32;13,40
4/2/19;13,62;13,68;13,13;13,36
4/3/19;13,06;14,27;12,85;13,74
4/4/19;13,84;14,03;13,40;13,58
4/5/19;13,46;13,47;12,17;12,82
4/8/19;13,55;13,77;13,10;13,18
4/9/19;13,46;14,39;13,31;14,28
4/10/19;14,09;14,29;13,27;13,30
4/11/19;13,37;13,58;12,91;13,02
4/12/19;12,96;12,96;11,95;12,01
4/15/19;12,46;13,14;12,24;12,32
4/16/19;12,26;12,47;11,85;12,18
4/17/19;12,12;13,02;11,03;12,60
4/18/19;12,80;13,12;12,02;12,09
4/22/19;13,21;13,36;12,38;12,42
4/23/19;12,66;12,69;12,08;12,28
4/24/19;12,53;13,23;12,26;13,14
4/25/19;13,29;14,30;12,81;13,25
4/26/19;13,44;13,62;12,49;12,73
4/29/19;13,04;13,27;12,65;13,11
4/30/19;13,11;14,05;12,88;13,12
5/1/19;12,86;14,83;12,74;14,80
5/2/19;14,35;15,92;13,80;14,42
5/3/19;14,11;14,15;12,80;12,87
5/6/19;12,89;18,80;12,89;15,44
5/7/19;15,90;21,84;15,80;19,32
5/8/19;18,95;21,74;18,29;19,40
5/9/19;21,40;23,38;18,87;19,10
5/10/19;18,79;20,19;15,57;16,04
5/13/19;18,62;21,32;18,35;20,55
5/14/19;19,40;19,65;17,45;18,06
5/15/19;17,57;19,15;16,41;16,44
5/16/19;16,69;17,13;15,16;15,29
5/17/19;15,89;16,81;14,86;15,96
5/20/19;15,88;17,63;15,46;16,31
5/21/19;15,86;16,22;14,79;14,95
5/22/19;15,06;15,44;14,42;14,75
5/23/19;15,93;18,05;15,28;16,92
5/24/19;16,34;16,52;15,52;15,85
5/28/19;16,55;17,70;15,90;17,50
5/29/19;18,55;19,04;17,62;17,90
5/30/19;17,47;18,11;16,72;17,30
5/31/19;19,05;19,72;18,01;18,71
6/3/19;19,41;19,75;18,16;18,86
6/4/19;18,74;18,74;16,97;16,97
6/5/19;17,06;17,49;16,04;16,09
6/6/19;16,25;16,54;15,36;15,93
6/7/19;15,65;16,44;15,33;16,30
6/10/19;16,30;16,47;15,84;15,94
6/11/19;15,84;16,70;15,50;15,99
6/12/19;16,26;16,43;15,78;15,91
6/13/19;16,16;16,21;15,61;15,82
6/14/19;16,00;16,40;15,21;15,28
6/17/19;15,65;15,76;15,24;15,35
6/18/19;14,89;15,54;14,62;15,15
6/19/19;15,05;15,71;14,15;14,33
6/20/19;14,04;16,03;13,19;14,75
6/21/19;14,74;15,48;14,42;15,40
6/24/19;15,46;15,56;15,23;15,26
6/25/19;15,43;16,68;15,10;16,28
6/26/19;16,10;16,60;15,47;16,21
6/27/19;15,66;16,40;15,66;15,82
6/28/19;15,70;16,13;15,08;15,08
7/1/19;13,85;14,64;13,80;14,06
7/2/19;14,16;14,30;12,90;12,93
7/3/19;13,18;13,19;12,56;12,57
7/5/19;13,00;14,47;12,04;13,28
7/8/19;13,73;14,44;13,64;13,96
7/9/19;14,47;14,71;13,99;14,09
7/10/19;14,38;14,69;12,98;13,03
7/11/19;13,01;13,33;12,39;12,93
7/12/19;12,76;12,82;12,28;12,39
7/15/19;12,58;13,02;12,49;12,68
7/16/19;12,61;13,14;12,28;12,86
7/17/19;12,62;13,97;12,24;13,97
7/18/19;14,45;14,50;13,19;13,53
7/19/19;13,31;14,45;13,09;14,45
7/22/19;14,55;14,70;13,42;13,53
7/23/19;13,42;13,52;12,55;12,61
7/24/19;12,80;13,10;11,98;12,07
7/25/19;12,24;13,54;11,69;12,74
7/26/19;12,58;12,72;12,01;12,16
7/29/19;12,15;13,17;12,15;12,83
7/30/19;12,87;14,18;12,87;13,94
7/31/19;13,83;16,55;13,46;16,12
8/1/19;15,41;19,46;13,73;17,87
8/2/19;17,69;20,11;17,04;17,61
8/5/19;19,96;24,81;19,91;24,59
8/6/19;22,29;22,87;19,77;20,17
8/7/19;20,70;23,67;18,94;19,49
8/8/19;19,36;19,89;16,82;16,91
8/9/19;18,14;19,44;17,31;17,97
8/12/19;17,87;21,26;17,77;21,09
8/13/19;21,28;21,64;17,52;17,52
8/14/19;17,81;22,71;17,75;22,10
8/15/19;21,58;24,10;20,78;21,18
8/16/19;20,48;20,50;18,41;18,47
8/19/19;17,93;18,22;16,52;16,88
8/20/19;16,78;17,70;16,45;17,50
8/21/19;17,01;17,04;15,51;15,80
8/22/19;16,12;17,68;15,63;16,68
8/23/19;16,15;21,07;16,04;19,87
8/26/19;20,34;21,33;19,06;19,32
8/27/19;20,18;21,04;18,49;20,31
8/28/19;20,55;21,64;19,10;19,35
8/29/19;19,02;19,20;17,60;17,88
8/30/19;17,94;19,18;17,09;18,98
9/3/19;20,96;21,15;19,41;19,66
9/4/19;18,23;18,83;17,26;17,33
9/5/19;16,92;17,05;15,45;16,27
9/6/19;15,92;16,06;14,91;15,00
9/9/19;15,26;16,13;14,95;15,27
9/10/19;15,53;16,52;15,11;15,20
9/11/19;15,33;15,52;14,55;14,61
9/12/19;14,69;14,94;13,85;14,22
9/13/19;14,16;14,31;13,51;13,74
9/16/19;14,89;15,29;14,50;14,67
9/17/19;14,92;15,03;14,40;14,44
9/18/19;14,61;15,80;13,80;13,95
9/19/19;14,66;14,66;13,31;14,05
9/20/19;13,94;15,84;13,35;15,32
9/23/19;15,35;16,00;14,71;14,91
9/24/19;14,77;17,62;14,33;17,05
9/25/19;17,05;18,45;15,69;15,96
9/26/19;16,23;17,09;15,35;16,07
9/27/19;15,77;18,69;15,15;17,22
9/30/19;17,23;17,35;16,20;16,24
10/1/19;16,02;18,62;15,79;18,56
10/2/19;18,75;21,46;18,75;20,56
10/3/19;20,11;21,44;19,03;19,12
10/4/19;19,42;19,97;16,97;17,04
10/7/19;18,27;18,52;16,44;17,86
10/8/19;17,61;20,38;17,42;20,28
10/9/19;19,94;20,00;17,77;18,64
10/10/19;19,28;19,80;17,56;17,57
10/11/19;17,35;17,44;15,11;15,58
10/14/19;15,66;16,50;14,51;14,57
10/15/19;13,94;14,43;13,39;13,54
10/16/19;13,94;14,26;13,60;13,68
10/17/19;13,79;14,18;13,31;13,79
10/18/19;14,20;15,16;13,78;14,25
10/21/19;14,24;14,63;14,00;14,00
10/22/19;13,99;14,61;13,70;14,46
10/23/19;14,83;15,12;14,01;14,01
10/24/19;13,98;14,34;13,40;13,71
10/25/19;13,53;13,79;12,62;12,65
10/28/19;13,01;13,14;12,66;13,11
10/29/19;13,16;13,52;13,07;13,20
10/30/19;13,23;13,77;12,27;12,33
10/31/19;12,21;13,95;12,19;13,22
11/1/19;12,99;13,12;12,25;12,30
11/4/19;12,68;13,13;12,44;12,83
11/5/19;12,85;13,28;12,25;13,10
11/6/19;13,18;13,39;12,60;12,62
11/7/19;12,59;12,89;12,26;12,73
11/8/19;12,98;13,05;12,00;12,07
11/11/19;13,15;13,49;12,66;12,69
11/12/19;12,64;13,10;12,36;12,68
11/13/19;12,91;13,90;12,88;13,00
11/14/19;13,16;13,81;12,93;13,05
11/15/19;12,95;12,97;11,92;12,05
11/18/19;12,39;13,10;12,32;12,46
11/19/19;12,33;13,01;12,16;12,86
11/20/19;13,42;14,17;12,61;12,78
11/21/19;13,35;13,86;12,49;13,13
11/22/19;12,82;13,25;12,33;12,34
11/25/19;12,51;12,59;11,73;11,87
11/26/19;11,88;12,04;11,42;11,54
11/27/19;11,55;11,79;11,44;11,75
11/29/19;12,50;12,83;12,12;12,62
12/2/19;12,69;15,27;12,55;14,91
12/3/19;14,68;17,99;14,61;15,96
12/4/19;16,38;16,40;14,12;14,80
12/5/19;14,46;15,37;14,17;14,52
12/6/19;14,37;14,47;13,19;13,62
12/9/19;14,25;16,07;12,25;15,86
12/10/19;15,80;16,90;14,93;15,68
12/11/19;15,57;15,97;14,98;14,99
12/12/19;14,94;15,55;13,60;13,94
12/13/19;13,18;14,35;12,54;12,63
12/16/19;12,47;12,53;11,71;12,14
12/17/19;12,23;12,47;11,90;12,29
12/18/19;12,24;12,70;11,93;12,58
12/19/19;12,55;12,78;12,43;12,50
12/20/19;12,55;12,61;12,04;12,51
12/23/19;12,81;12,90;12,41;12,61
12/24/19;12,65;12,84;12,56;12,67
12/26/19;12,74;12,75;11,72;12,65
12/27/19;12,61;13,72;11,89;13,43
12/30/19;13,74;15,14;13,44;14,82
12/31/19;14,84;15,39;13,75;13,78
1/2/20;13,46;13,72;12,42;12,47
1/3/20;15,01;16,20;13,13;14,02
1/6/20;15,45;16,39;13,54;13,85
1/7/20;13,84;14,46;13,39;13,79
1/8/20;15,16;15,24;12,83;13,45
1/9/20;12,95;13,24;12,53;12,54
1/10/20;12,42;12,87;12,09;12,56
1/13/20;12,84;13,09;12,32;12,32
1/14/20;12,72;13,82;12,05;12,39
1/15/20;12,79;12,83;11,95;12,42
1/16/20;12,20;12,42;11,78;12,32
1/17/20;12,21;12,48;11,75;12,10
1/21/20;13,23;13,33;12,32;12,85
1/22/20;12,45;13,01;12,31;12,91
1/23/20;13,26;14,15;12,94;12,98
1/24/20;12,75;15,98;12,62;14,56
1/27/20;17,42;19,02;16,82;18,23
1/28/20;16,94;18,03;15,69;16,28
1/29/20;15,68;16,65;14,94;16,39
1/30/20;17,82;18,39;15,30;15,49
1/31/20;16,25;19,99;16,18;18,84
2/3/20;18,64;18,88;17,10;17,97
2/4/20;16,45;16,46;15,63;16,05
2/5/20;16,29;16,32;15,02;15,15
2/6/20;15,13;15,66;14,70;14,96
2/7/20;15,07;16,16;14,81;15,47
2/10/20;15,88;16,43;15,01;15,04
2/11/20;14,91;15,27;14,38;15,18
2/12/20;14,86;14,88;13,73;13,74
2/13/20;14,43;15,44;14,00;14,15
2/14/20;14,12;14,54;13,38;13,68
2/18/20;14,98;15,49;14,53;14,83
2/19/20;14,66;14,74;14,21;14,38
2/20/20;14,54;17,21;14,49;15,56
2/21/20;17,33;18,21;16,19;17,08
2/24/20;22,25;26,35;22,00;25,03
2/25/20;22,19;30,25;22,19;27,85
2/26/20;26,63;29,57;24,76;27,56
2/27/20;28,95;39,31;27,79;39,16
2/28/20;42,02;49,48;39,37;40,11
3/2/20;34,86;43,77;31,50;33,42
3/3/20;33,64;41,06;24,93;36,82
3/4/20;34,44;35,58;30,30;31,99
3/5/20;33,61;42,84;33,54;39,62
3/6/20;41,46;54,39;40,84;41,94
3/9/20;41,94;62,12;41,94;54,46
3/10/20;49,68;55,66;43,56;47,30
3/11/20;52,24;55,82;49,98;53,90
3/12/20;61,46;76,83;59,91;75,47
3/13/20;71,31;77,57;55,17;57,83
3/16/20;57,83;83,56;57,83;82,69
3/17/20;82,69;84,83;70,37;75,91
3/18/20;69,37;85,47;69,37;76,45
3/19/20;80,62;84,26;68,57;72,00
3/20/20;67,86;69,51;57,42;66,04
3/23/20;74,08;76,74;60,46;61,59
3/24/20;58,76;61,88;36,24;61,67
3/25/20;61,44;68,86;58,03;63,95
3/26/20;65,67;67,06;57,66;61,00
3/27/20;64,95;69,10;61,80;65,54
3/30/20;66,30;67,69;56,60;57,08
3/31/20;56,69;58,75;50,88;53,54
4/1/20;57,38;60,59;52,76;57,06
4/2/20;54,46;57,24;50,45;50,91
4/3/20;51,11;52,29;46,74;46,80
4/6/20;44,17;45,73;43,45;45,24
4/7/20;44,83;47,51;43,51;46,70
4/8/20;45,90;47,28;42,53;43,35
4/9/20;43,00;45,73;41,39;41,67
4/13/20;44,60;45,04;41,17;41,17
4/14/20;40,24;40,57;37,31;37,76
4/15/20;39,40;43,23;39,34;40,84
4/16/20;41,92;43,02;39,87;40,11
4/17/20;39,50;40,26;37,63;38,15
4/20/20;40,68;43,83;39,88;43,83
4/21/20;44,28;47,77;43,77;45,41
4/22/20;44,91;45,07;41,41;41,98
4/23/20;41,30;42,47;39,06;41,38
4/24/20;41,91;42,08;35,60;35,93
4/27/20;36,29;36,44;32,51;33,29
4/28/20;33,21;35,39;30,54;33,57
4/29/20;32,48;33,19;30,71;31,23
4/30/20;30,99;35,94;30,93;34,15
5/1/20;38,17;39,57;36,59;37,19
5/4/20;39,13;40,32;35,53;35,97
5/5/20;34,82;36,22;31,95;33,61
5/6/20;32,69;35,69;31,68;34,12
5/7/20;32,12;32,28;30,37;31,44
5/8/20;30,14;30,39;27,89;27,98
5/11/20;28,46;31,46;26,97;27,57
5/12/20;28,47;33,04;26,00;33,04
5/13/20;32,74;37,42;30,77;35,28
5/14/20;35,16;39,28;32,33;32,61
5/15/20;32,50;35,13;31,04;31,89
5/18/20;30,71;31,08;28,35;29,30
5/19/20;28,73;30,74;28,37;30,53
5/20/20;29,52;29,83;27,83;27,99
5/21/20;28,97;30,20;27,67;29,53
5/22/20;31,36;31,55;28,03;28,16
5/26/20;27,72;28,58;27,18;28,01
5/27/20;27,62;30,53;25,92;27,62
5/28/20;27,82;29,89;27,43;28,59
5/29/20;29,30;30,16;27,29;27,51
6/1/20;28,94;30,60;28,11;28,23
6/2/20;28,40;28,52;26,66;26,84
6/3/20;26,75;26,98;25,04;25,66
6/4/20;26,23;26,43;24,38;25,81
6/5/20;24,79;25,09;23,54;24,52
6/8/20;25,56;25,98;24,65;25,81
6/9/20;25,93;27,70;25,71;27,57
6/10/20;26,73;29,01;26,06;27,57
6/11/20;30,45;42,58;29,49;40,79
6/12/20;37,68;44,16;34,97;36,09
6/15/20;44,09;44,44;34,28;34,40
6/16/20;34,28;37,45;31,73;33,67
6/17/20;33,28;35,17;32,25;33,47
6/18/20;33,83;36,25;32,24;32,94
6/19/20;32,07;35,12;30,40;35,12
6/22/20;35,22;35,39;31,64;31,77
6/23/20;31,71;31,71;29,26;31,37
6/24/20;31,05;37,12;30,95;33,84
6/25/20;36,59;36,93;31,59;32,22
6/26/20;33,01;36,25;31,04;34,73
6/29/20;35,05;36,31;31,78;31,78
6/30/20;32,54;32,94;29,56;30,43
7/1/20;30,96;31,76;28,20;28,62
7/2/20;28,33;28,44;25,90;27,68
7/6/20;27,76;28,33;24,92;27,94
7/7/20;28,77;29,63;27,25;29,43
7/8/20;28,95;30,20;27,24;28,08
7/9/20;28,18;31,48;26,11;29,26
7/10/20;30,86;30,91;27,13;27,29
7/13/20;27,85;32,45;26,87;32,19
7/14/20;31,14;33,67;29,21;29,52
7/15/20;29,15;30,09;27,17;27,76
7/16/20;28,41;29,29;26,98;28,00
7/17/20;27,15;27,54;25,41;25,68
7/20/20;26,94;27,08;24,35;24,46
7/21/20;24,08;25,65;23,61;24,84
7/22/20;24,56;26,26;24,13;24,32
7/23/20;23,97;26,95;23,60;26,08
7/24/20;27,96;28,58;25,53;25,84
7/27/20;26,60;26,94;24,55;24,74
7/28/20;24,86;25,85;24,05;25,44
7/29/20;25,16;25,42;23,73;24,10
7/30/20;25,04;28,29;24,64;24,76
7/31/20;24,79;26,41;23,55;24,46
8/3/20;25,75;26,01;22,17;24,28
8/4/20;24,01;24,76;22,92;23,76
8/5/20;23,44;23,61;22,86;22,99
8/6/20;23,03;24,11;20,97;22,65
8/7/20;23,45;24,02;22,02;22,21
8/10/20;22,88;23,52;21,46;22,13
8/11/20;21,85;24,93;20,28;24,03
8/12/20;22,82;22,88;21,54;22,28
8/13/20;22,20;22,92;21,45;22,13
8/14/20;22,27;23,55;21,79;22,05
8/17/20;22,52;22,82;21,34;21,35
8/18/20;21,69;22,55;21,18;21,51
8/19/20;21,60;22,98;20,99;22,54
8/20/20;24,10;24,60;22,37;22,72
8/21/20;22,58;24,47;22,06;22,54
8/24/20;22,87;23,18;21,25;22,37
8/25/20;22,16;23,43;21,53;22,03
8/26/20;22,14;23,27;20,92;23,27
8/27/20;23,42;27,09;21,44;24,47
8/28/20;24,59;26,30;22,64;22,96
8/31/20;23,91;26,50;21,77;26,41
9/1/20;25,86;26,59;25,02;26,12
9/2/20;26,01;27,07;25,53;26,57
9/3/20;26,28;35,94;25,66;33,60
9/4/20;34,62;38,28;29,50;30,75
9/8/20;30,61;35,93;30,52;31,46
9/9/20;31,68;31,78;28,12;28,81
9/10/20;28,67;30,56;27,59;29,71
9/11/20;28,63;29,73;26,51;26,87
9/14/20;25,86;26,79;25,38;25,85
9/15/20;25,92;26,00;24,92;25,59
9/16/20;25,31;26,59;24,84;26,04
9/17/20;28,22;28,92;26,26;26,46
9/18/20;26,65;28,10;25,28;25,83
9/21/20;28,04;31,18;27,39;27,78
9/22/20;28,61;28,78;26,48;26,86
9/23/20;27,02;29,73;25,19;28,58
9/24/20;29,54;30,49;27,94;28,51
9/25/20;28,17;30,43;26,02;26,38
9/28/20;27,15;27,19;24,90;26,19
9/29/20;26,81;27,43;25,98;26,27
9/30/20;26,69;27,12;25,06;26,37
10/1/20;25,78;27,11;25,33;26,70
10/2/20;28,87;29,90;26,93;27,63
10/5/20;29,52;29,69;27,27;27,96
10/6/20;28,05;30,00;26,01;29,48
10/7/20;29,26;29,76;27,94;28,06
10/8/20;27,65;27,99;24,88;26,36
10/9/20;26,20;26,22;24,03;25,00
10/12/20;25,65;25,65;24,14;25,07
10/13/20;25,67;26,93;25,16;26,07
10/14/20;25,72;27,23;25,53;26,40
10/15/20;27,10;29,06;26,82;26,97
10/16/20;27,16;27,46;26,19;27,41
10/19/20;27,36;29,69;27,04;29,18
10/20/20;28,81;29,60;28,29;29,35
10/21/20;29,12;30,55;28,37;28,65
10/22/20;30,10;30,12;27,68;28,11
10/23/20;28,47;28,67;27,26;27,55
10/26/20;29,38;33,68;29,22;32,46
10/27/20;32,04;33,77;31,85;33,35
10/28/20;34,69;40,77;34,68;40,28
10/29/20;38,80;41,16;35,63;37,59
10/30/20;40,81;41,09;36,50;38,02
11/2/20;38,57;38,78;36,13;37,13
11/3/20;36,44;36,44;34,19;35,55
11/4/20;36,79;36,85;28,03;29,57
11/5/20;27,56;28,14;26,04;27,58
11/6/20;27,87;29,44;24,56;24,86
11/9/20;24,80;25,82;22,41;25,75
11/10/20;25,36;26,77;24,35;24,80
11/11/20;25,01;25,12;22,57;23,45
11/12/20;24,39;27,27;23,53;25,35
11/13/20;24,94;25,03;22,74;23,10
11/16/20;23,66;24,08;22,43;22,45
11/17/20;22,84;24,09;22,34;22,71
11/18/20;22,86;23,92;21,66;23,84
11/19/20;23,62;24,52;22,56;23,11
11/20/20;23,43;23,73;22,13;23,70
11/23/20;23,66;23,96;22,45;22,66
11/24/20;22,04;22,48;20,80;21,64
11/25/20;21,65;22,50;21,13;21,25
11/27/20;21,52;21,60;19,51;20,84
11/30/20;22,64;22,89;20,48;20,57
12/1/20;20,21;20,92;20,00;20,77
12/2/20;21,00;21,25;20,04;21,17
12/3/20;21,24;21,88;20,72;21,28
12/4/20;21,05;21,15;19,97;20,79
12/7/20;22,04;22,62;21,17;21,30
12/8/20;21,65;22,25;20,52;20,68
12/9/20;20,66;22,93;20,10;22,27
12/10/20;22,12;23,46;21,53;22,52
12/11/20;22,49;25,14;22,48;23,31
12/14/20;22,67;24,82;21,95;24,72
12/15/20;24,00;24,07;22,73;22,89
12/16/20;22,51;23,67;22,29;22,50
12/17/20;21,98;22,27;21,52;21,93
12/18/20;22,15;23,77;21,57;21,57
12/21/20;24,25;31,46;24,23;25,16
12/22/20;25,24;25,56;23,53;24,23
12/23/20;23,49;23,68;22,13;23,31
12/24/20;22,47;22,83;21,39;21,53
12/28/20;22,11;22,12;21,15;21,70
12/29/20;21,61;23,72;20,99;23,08
12/30/20;22,58;23,15;22,41;22,77
12/31/20;22,99;23,25;21,24;22,75
1/4/21;23,04;29,19;22,56;26,97
1/5/21;26,94;28,60;24,80;25,34
1/6/21;25,48;26,77;22,14;25,07
1/7/21;23,67;23,91;22,25;22,37
1/8/21;22,43;23,34;21,42;21,56
1/11/21;23,31;24,81;23,23;24,08
1/12/21;23,49;25,15;22,83;23,33
1/13/21;23,07;24,18;21,92;22,21
1/14/21;22,22;23,47;21,66;23,25
1/15/21;23,52;25,80;23,08;24,34
1/19/21;23,03;23,56;22,53;23,24
1/20/21;22,82;22,86;21,37;21,58
1/21/21;21,34;22,22;21,09;21,32
1/22/21;22,24;23,73;21,27;21,91
1/25/21;22,31;26,63;22,20;23,19
1/26/21;23,91;23,94;22,55;23,02
1/27/21;23,82;37,21;23,71;37,21
1/28/21;33,25;36,29;27,39;30,21
1/29/21;35,16;37,51;29,24;33,09
2/1/21;31,45;33,96;29,03;30,24
2/2/21;28,01;28,08;25,31;25,56
2/3/21;24,59;25,43;22,91;22,91
2/4/21;23,44;23,44;21,68;21,77
2/5/21;21,99;22,16;20,86;20,87
2/8/21;21,89;22,07;21,23;21,24
2/9/21;21,57;22,26;20,65;21,63
2/10/21;21,64;23,85;19,69;21,99
2/11/21;22,09;23,25;21,11;21,25
2/12/21;21,60;22,45;19,95;19,97
2/16/21;21,13;22,46;20,88;21,46
2/17/21;22,02;23,44;21,09;21,50
2/18/21;21,98;24,23;21,80;22,49
2/19/21;23,10;23,19;20,84;22,05
2/22/21;24,46;25,09;21,96;23,45
2/23/21;22,82;27,01;22,50;23,11
2/24/21;23,76;25,04;21,31;21,34
2/25/21;21,73;31,16;21,52;28,89
2/26/21;28,73;30,82;25,23;27,95
3/1/21;25,20;25,39;23,17;23,35
3/2/21;23,58;24,60;22,80;24,10
3/3/21;22,80;26,79;22,45;26,67
3/4/21;26,52;31,90;24,93;28,57
3/5/21;29,48;30,03;24,33;24,66
3/8/21;27,61;28,39;24,07;25,47
3/9/21;25,11;25,25;22,90;24,03
3/10/21;23,76;23,87;22,38;22,56
3/11/21;22,50;22,50;21,45;21,91
3/12/21;22,57;22,99;20,63;20,69
3/15/21;21,84;21,86;19,87;20,03
3/16/21;20,14;20,31;19,33;19,79
3/17/21;20,10;20,95;19,18;19,23
3/18/21;18,95;22,60;18,95;21,58
3/19/21;21,43;23,17;19,90;20,95
3/22/21;21,91;22,29;18,87;18,88
3/23/21;19,46;21,58;18,80;20,30
3/24/21;20,64;21,49;19,30;21,20
3/25/21;20,80;23,55;19,81;19,81
3/26/21;19,32;21,49;18,68;18,86
3/29/21;20,40;21,60;19,42;20,74
3/30/21;20,76;21,75;19,47;19,61
3/31/21;19,80;20,11;18,85;19,40
4/1/21;18,60;18,64;17,29;17,33
4/2/21;17,33;17,33;17,33;17,33
4/5/21;18,16;18,40;17,35;17,91
4/6/21;18,07;18,30;17,37;18,12
4/7/21;17,99;18,17;16,87;17,16
4/8/21;16,92;17,36;16,55;16,95
4/9/21;17,05;17,34;16,20;16,69
4/12/21;17,43;17,91;16,81;16,91
4/13/21;16,99;17,86;16,43;16,65
4/14/21;16,71;17,69;15,38;16,99
4/15/21;16,78;16,92;15,94;16,57
4/16/21;16,65;16,88;16,05;16,25
4/19/21;17,04;18,61;16,78;17,29
4/20/21;17,36;19,70;17,24;18,68
4/21/21;18,48;19,29;16,91;17,50
4/22/21;17,28;19,90;16,99;18,71
4/23/21;18,56;18,78;16,80;17,33
4/26/21;18,02;18,17;16,87;17,64
4/27/21;17,64;18,16;16,97;17,56
4/28/21;17,46;17,84;16,67;17,28
4/29/21;17,28;18,87;16,78;17,61
4/30/21;17,68;19,25;17,64;18,61
5/3/21;18,65;19,12;17,80;18,31
5/4/21;18,31;21,85;18,11;19,48
5/5/21;18,84;19,58;17,89;19,15
5/6/21;18,41;20,60;18,21;18,39
5/7/21;18,45;18,57;16,68;16,69
5/10/21;17,34;19,75;17,07;19,66
5/11/21;21,17;23,73;20,71;21,84
5/12/21;22,42;28,38;21,66;27,59
5/13/21;26,03;28,93;22,23;23,13
5/14/21;21,77;22,10;18,66;18,81
5/17/21;19,89;21,58;19,67;19,72
5/18/21;18,89;21,45;18,81;21,34
5/19/21;22,46;25,96;21,88;22,18
5/20/21;22,33;23,50;20,19;20,67
5/21/21;20,42;20,89;19,53;20,15
5/24/21;20,50;20,51;18,38;18,40
5/25/21;18,35;19,29;16,87;18,84
5/26/21;18,37;18,92;17,35;17,36
5/27/21;18,03;18,17;16,52;16,74
5/28/21;16,80;16,86;15,90;16,76
6/1/21;17,23;18,53;15,68;17,90
6/2/21;17,86;18,31;16,74;17,48
6/3/21;17,73;19,27;17,45;18,04
6/4/21;18,09;18,42;16,18;16,42
6/7/21;17,34;17,35;15,78;16,42
6/8/21;16,58;17,73;15,15;17,07
6/9/21;17,18;17,96;15,55;17,89
6/10/21;18,18;18,29;16,01;16,10
6/11/21;16,18;16,20;15,15;15,65
6/14/21;16,04;17,04;15,04;16,39
6/15/21;16,27;17,35;16,14;17,02
6/16/21;16,99;19,11;16,42;18,15
6/17/21;18,49;19,22;16,71;17,75
6/18/21;16,96;21,04;16,92;20,70
6/21/21;21,65;21,76;17,81;17,89
6/22/21;17,91;18,32;15,76;16,66
6/23/21;16,25;16,84;14,86;16,32
6/24/21;15,99;16,05;14,19;15,97
6/25/21;16,04;16,17;15,21;15,62
6/28/21;16,07;16,46;15,39;15,76
6/29/21;15,69;16,31;14,10;16,02
6/30/21;16,18;17,31;15,58;15,83
7/1/21;15,62;16,01;15,31;15,48
7/2/21;15,53;15,54;14,25;15,07
7/6/21;15,77;17,94;15,73;16,44
7/7/21;16,43;17,64;16,08;16,20
7/8/21;17,74;21,29;17,74;19,00
7/9/21;17,88;18,13;16,08;16,18
7/12/21;16,85;17,52;16,14;16,17
7/13/21;16,39;17,23;15,94;17,12
7/14/21;17,34;17,51;15,95;16,33
7/15/21;16,70;18,09;16,56;17,01
7/16/21;16,80;18,70;16,03;18,45
7/19/21;19,61;25,09;19,27;22,50
7/20/21;20,89;22,97;19,37;19,73
7/21/21;19,73;19,82;17,81;17,91
